Symbol,12/9/2024 16:00:00,12/10/2024 16:00:00,12/11/2024 16:00:00,12/12/2024 16:00:00,12/13/2024 16:00:00,12/16/2024 16:00:00,12/17/2024 16:00:00,12/18/2024 16:00:00,12/19/2024 16:00:00,12/20/2024 16:00:00,12/23/2024 16:00:00,12/24/2024 14:10:00,12/27/2024 16:00:00,12/30/2024 16:00:00,12/31/2024 14:10:00,1/2/2025 16:00:00,1/3/2025 16:00:00,1/6/2025 16:00:00,1/7/2025 16:00:00,1/8/2025 16:00:00,1/9/2025 16:00:00,1/10/2025 16:00:00,1/13/2025 16:00:00,1/14/2025 16:00:00,1/15/2025 16:00:00,1/16/2025 16:00:00,1/17/2025 16:00:00,1/22/2025 16:00:00,1/23/2025 16:00:00,1/24/2025 16:00:00,1/28/2025 16:00:00,1/29/2025 16:00:00,2/4/2025 16:00:00,2/5/2025 16:00:00,2/6/2025 16:00:00,2/7/2025 16:00:00,2/10/2025 16:00:00,2/11/2025 16:00:00,2/12/2025 16:00:00,2/13/2025 16:00:00,2/14/2025 16:00:00,2/17/2025 16:00:00,2/18/2025 16:00:00,2/19/2025 16:00:00,2/20/2025 16:00:00,2/25/2025 16:00:00,2/26/2025 16:00:00,2/27/2025 16:00:00,2/28/2025 16:00:00,3/3/2025 16:00:00,3/4/2025 16:00:00,3/5/2025 16:00:00,3/6/2025 16:00:00,3/7/2025 16:00:00,3/10/2025 16:00:00,3/11/2025 16:00:00,3/12/2025 16:00:00,3/13/2025 16:00:00,3/14/2025 16:00:00,3/17/2025 16:00:00,3/18/2025 16:00:00,3/19/2025 16:00:00,3/20/2025 16:00:00,3/21/2025 16:00:00,3/24/2025 16:00:00,3/25/2025 16:00:00,3/26/2025 16:00:00,3/27/2025 16:00:00,3/28/2025 16:00:00,3/31/2025 16:00:00,4/1/2025 16:00:00,4/2/2025 16:00:00,4/3/2025 16:00:00,4/4/2025 16:00:00,4/7/2025 16:00:00,4/8/2025 16:00:00,4/9/2025 16:00:00,4/10/2025 16:00:00,4/11/2025 16:00:00,4/14/2025 16:00:00,4/15/2025 16:00:00,4/16/2025 16:00:00,4/17/2025 16:00:00,4/22/2025 16:00:00,4/23/2025 16:00:00,4/24/2025 16:00:00,4/28/2025 16:00:00,4/29/2025 16:00:00,4/30/2025 16:00:00,5/1/2025 16:00:00,5/2/2025 16:00:00,5/5/2025 16:00:00,5/6/2025 16:00:00,5/7/2025 16:00:00,5/8/2025 16:00:00,5/9/2025 16:00:00,5/12/2025 16:00:00,5/13/2025 16:00:00,5/14/2025 16:00:00,5/15/2025 16:00:00,5/16/2025 16:00:00,5/19/2025 16:00:00,5/20/2025 16:00:00,5/21/2025 16:00:00,5/22/2025 16:00:00,5/23/2025 16:00:00,5/26/2025 16:00:00,5/27/2025 16:00:00,5/28/2025 16:00:00,5/29/2025 16:00:00,5/30/2025 16:00:00,6/2/2025 16:00:00,6/3/2025 16:00:00,6/4/2025 16:00:00,6/5/2025 16:00:00,6/6/2025 16:00:00,6/10/2025 16:00:00,6/11/2025 16:00:00,6/12/2025 16:00:00,6/13/2025 16:00:00,6/16/2025 16:00:00,6/17/2025 16:00:00,6/18/2025 16:00:00,6/19/2025 16:00:00,6/20/2025 16:00:00,6/23/2025 16:00:00,6/24/2025 16:00:00,6/25/2025 16:00:00,6/26/2025 16:00:00,6/27/2025 16:00:00,6/30/2025 16:00:00,7/1/2025 16:00:00,7/2/2025 16:00:00,7/3/2025 16:00:00,7/4/2025 16:00:00,7/9/2025 16:00:00,7/10/2025 16:00:00,7/11/2025 16:00:00,7/14/2025 16:00:00,7/15/2025 16:00:00,7/16/2025 16:00:00,7/17/2025 16:00:00,7/18/2025 16:00:00,7/21/2025 16:00:00,7/22/2025 16:00:00,7/23/2025 16:00:00,7/24/2025 16:00:00,7/25/2025 16:00:00,7/30/2025 16:00:00,7/31/2025 16:00:00,8/1/2025 16:00:00,8/4/2025 16:00:00,8/5/2025 16:00:00,8/6/2025 16:00:00,8/7/2025 16:00:00,8/8/2025 16:00:00,8/11/2025 16:00:00,8/12/2025 16:00:00,8/13/2025 16:00:00,8/14/2025 16:00:00,8/15/2025 16:00:00,8/18/2025 16:00:00,8/19/2025 16:00:00,8/20/2025 16:00:00,8/21/2025 16:00:00,8/22/2025 16:00:00,8/25/2025 16:00:00,8/26/2025 16:00:00,8/27/2025 16:00:00,8/28/2025 16:00:00,8/29/2025 16:00:00,9/1/2025 16:00:00,9/2/2025 16:00:00,9/3/2025 16:00:00,9/4/2025 16:00:00,9/5/2025 16:00:00,9/8/2025 16:00:00,9/9/2025 16:00:00,9/10/2025 16:00:00,9/11/2025 16:00:00,9/12/2025 16:00:00,9/15/2025 16:00:00,9/16/2025 16:00:00,9/17/2025 16:00:00,9/18/2025 16:00:00,9/19/2025 16:00:00,9/22/2025 16:00:00,9/23/2025 16:00:00,9/24/2025 16:00:00,9/25/2025 16:00:00,9/26/2025 16:00:00,9/29/2025 16:00:00,9/30/2025 16:00:00,10/1/2025 16:00:00,10/2/2025 16:00:00,10/3/2025 16:00:00,10/6/2025 16:00:00,10/7/2025 16:00:00,10/8/2025 16:00:00,10/9/2025 16:00:00,10/10/2025 16:00:00,10/13/2025 16:00:00,10/14/2025 16:00:00,10/15/2025 16:00:00,10/16/2025 16:00:00,10/17/2025 16:00:00,10/20/2025 16:00:00,10/21/2025 16:00:00,10/22/2025 16:00:00,10/23/2025 16:00:00,10/24/2025 16:00:00,10/27/2025 16:00:00,10/28/2025 16:00:00,10/29/2025 16:00:00,10/30/2025 16:00:00,10/31/2025 16:00:00,11/4/2025 16:00:00,11/5/2025 16:00:00,11/6/2025 16:00:00,11/7/2025 16:00:00,11/10/2025 16:00:00,11/11/2025 16:00:00,11/12/2025 16:00:00,11/13/2025 16:00:00,11/14/2025 16:00:00,11/17/2025 16:00:00,11/18/2025 16:00:00,11/19/2025 16:00:00,11/20/2025 16:00:00,11/21/2025 16:00:00,11/24/2025 16:00:00,11/25/2025 16:00:00,11/26/2025 16:00:00,12/2/2025 16:00:00,12/3/2025 16:00:00,12/4/2025 16:00:00,12/5/2025 16:00:00
VMM,0.39,0.41,0.42,0.4,0.36,0.37,0.35,0.35,0.33,0.35,0.34,0.34,0.34,0.34,0.33,0.35,0.35,0.35,0.38,0.38,0.37,0.38,0.38,0.38,0.39,0.4,0.4,0.43,0.44,0.42,0.37,0.4,0.34,0.34,0.33,0.33,0.33,0.33,0.32,0.32,0.32,0.32,0.32,0.31,0.32,0.28,0.3,0.3,0.28,0.28,0.28,0.28,0.28,0.28,0.28,0.3,0.28,0.28,0.27,0.27,0.28,0.28,0.27,0.27,0.26,0.26,0.27,0.27,0.26,0.24,0.24,0.23,0.22,0.22,0.23,0.24,0.23,0.24,0.23,0.25,0.28,0.32,0.36,0.28,0.3,0.32,0.31,0.33,0.3,0.28,0.28,0.29,0.28,0.27,0.28,0.28,0.28,0.29,0.3,0.3,0.33,0.3,0.31,0.31,0.3,0.28,0.28,0.3,0.28,0.28,0.3,0.33,0.31,0.29,0.35,0.39,0.38,0.39,0.43,0.47,0.46,0.46,0.49,0.5,0.44,0.44,0.44,0.43,0.44,0.49,0.47,0.47,0.49,0.48,0.52,0.54,0.55,0.61,0.67,0.69,0.78,0.78,0.82,0.8,0.83,0.87,0.94,1,1.13,1.11,1.06,1.12,1.1,1.08,1.21,1.17,1.18,1.14,1.17,1.18,1.34,1.31,1.4,1.27,1.2,1.25,1.33,1.32,1.32,1.3,1.47,1.39,1.39,1.34,1.32,1.3,1.43,1.37,1.33,1.25,1.23,1.29,1.27,1.38,1.42,1.51,1.45,1.49,1.52,1.63,1.68,1.47,1.45,1.47,1.38,1.42,1.54,1.56,1.64,1.79,1.76,1.79,2.11,2.06,2.06,1.84,1.89,1.85,1.66,1.63,1.63,1.36,1.3,1.39,1.34,1.38,1.3,1.27,1.31,1.3,1.38,1.38,1.45,1.33,1.35,1.38,1.32,1.35,1.37,1.26,1.34,1.4,0.98,1.03,1.12,1.17,1.17
IGL,2.16,2.15,2.14,2.12,2.09,2.08,2.1,2.08,2.08,2.07,2.08,2.1,2.08,2.06,2.1,2.11,2.1,2.1,2.08,2.08,2.1,2.1,2.1,2.08,2.08,2.08,2.11,2.12,2.13,2.15,2.15,2.12,2.14,2.18,2.18,2.23,2.19,2.16,2.18,2.21,2.19,2.17,2.16,2.21,2.15,2.21,2.24,2.22,2.21,2.2,2.2,2.34,2.39,2.34,2.34,2.4,2.38,2.38,2.33,2.38,2.35,2.43,2.22,2.23,2.21,2.26,2.28,2.29,2.35,2.38,2.39,2.4,2.44,2.46,2.46,2.42,2.39,2.35,2.33,2.4,2.32,2.21,2.24,2.29,2.38,2.4,2.42,2.36,2.4,2.35,2.43,2.45,2.47,2.46,2.59,2.64,2.62,2.62,2.65,2.63,2.64,2.69,2.71,2.7,2.67,2.7,2.68,2.65,2.6,2.57,2.59,2.57,2.57,2.62,2.59,2.57,2.57,2.55,2.54,2.59,2.6,2.54,2.57,2.58,2.66,2.76,2.7,2.71,2.76,2.73,2.72,2.7,2.68,2.72,2.73,2.79,2.85,2.88,2.85,2.85,2.82,2.86,2.92,2.93,2.92,2.88,2.89,2.98,3.01,3.05,3.03,3.14,3.14,3.03,3.05,3,3,2.95,2.94,2.91,2.95,2.91,2.94,2.92,2.9,2.94,2.97,2.96,2.99,2.97,2.95,2.99,2.99,3.02,3.08,3.03,3.04,3.07,2.77,2.75,2.78,2.91,2.85,2.86,2.81,2.8,2.84,3.03,2.81,2.79,2.73,2.71,2.6,2.69,2.65,2.69,2.67,2.7,2.69,2.73,2.74,2.7,2.71,2.81,2.8,2.8,2.84,2.75,2.71,2.72,2.7,2.68,2.67,2.67,2.65,2.63,2.67,2.65,2.68,2.73,2.76,2.76,2.81,2.83,2.77,2.76,2.79,2.86,3.04,2.95,2.98,2.92,2.95,3.08,3.06,3.01,3.01
MGL,0.19,0.19,0.19,0.19,0.19,0.19,0.22,0.23,0.21,0.21,0.21,0.21,0.21,0.22,0.19,0.22,0.2,0.2,0.2,0.25,0.24,0.26,0.26,0.21,0.26,0.26,0.23,0.22,0.21,0.21,0.2,0.2,0.2,0.2,0.21,0.21,0.22,0.23,0.23,0.23,0.21,0.19,0.18,0.18,0.19,0.2,0.23,0.22,0.22,0.22,0.22,0.21,0.21,0.21,0.21,0.2,0.21,0.2,0.18,0.19,0.2,0.17,0.18,0.18,0.19,0.19,0.19,0.19,0.21,0.2,0.19,0.19,0.19,0.19,0.19,0.19,0.19,0.19,0.19,0.2,0.19,0.19,0.19,0.2,0.2,0.19,0.19,0.19,0.2,0.21,0.22,0.23,0.23,0.2,0.25,0.21,0.2,0.22,0.22,0.2,0.22,0.24,0.22,0.24,0.23,0.23,0.2,0.22,0.25,0.21,0.22,0.22,0.22,0.22,0.22,0.22,0.23,0.21,0.21,0.23,0.2,0.2,0.2,0.21,0.21,0.23,0.22,0.21,0.21,0.21,0.2,0.2,0.21
RTNINDIA,71.65,72.6,72.11,70.69,69.96,69.87,68.54,68.46,67.71,66.69,64.7,64.33,63.57,63.89,63.09,63.62,64.8,64.84,64.27,60.68,62.55,61.91,60.2,57.75,54.88,57,57.09,57.99,58.17,59.63,58.94,59.21,58.61,56.43,53.06,51.62,53.51,53.25,54.54,55.08,53.3,53.68,53.14,52.59,50.82,48.75,48.53,48.62,45.86,45.62,43.83,46.69,46.77,46.33,45.16,44.1,42.65,41.03,39.88,40.73,42.17,42.91,43.84,41.46,41.09,39.87,39.15,40.8,42.05,42.93,43.82,44.68,42.86,41.23,42.32,41.05,43.4,42.77,43.47,41.16,38.83,40.24,39.75,40.85,42.63,43.15,43.18,44.62,45.89,45.95,45.59,43.55,43.79,43.64,41.66,41.31,42.39,40.84,41.28,40.29,40.91,44.24,45.93,46.22,47.07,48.62,48.53,47.84,48.58,48.49,48.25,48.5,46.58,47.19,46.37,46.65,47.95,47.51,47.77,47.4,47.61,49.9,58.95,65.56,60.92,59.78,59.71,57.39,56.62,55.11,59.12,57.32,58.9,59.57,60.54,63.23,64.93,63.65,62.02,61.47,61.68,64.08,64.03,64.99,66.18,64.27,62.14,61.99,61.97,61.37,61.18,60.13,60.32,59.48,58.16,56.96,55.9,56.96,55.8,54.29,53.59,54.85,53.47,52.93,52.37,51.57,51.55,50.58,51.97,50.95,51.67,53.87,54.01,53.62,52.66,52.82,58.2,60.58,61.36,61.5,61.32,60.48,58.93,61.97,61.29,60.11,58.48,58.31,56.47,56.84,56.94,57.25,56.83,56.8,55.77,55.15,54.15,53.85,52.18,52.02,51.11,52.49,52.72,53.43,52.27,51.28,51.18,52.04,51.16,50.41,50.74,51.05,51.48,51.06,50.97,51.41,50.78,52.73,53.09,53.08,52.76,52.18,51.35,51.73,49.71,49.25,49.02,49.76,48.46,47.59,46.78,46.64,45.49,45.33,44.94,43.88,42.94
RVNL,25.96,28.11,29.24,31.89,35.05,35.36,37.19,37.78,37.97,36.52,36.09,31.84,36.8,40.01,41.79,43.41,43.18,45.71,48.75,51.29,55.65,51.87,49.11,47.42,45.86,46.47,43.42,41.02,38.58,39.96,37.99,37.24,37.81,39.66,39.76,38.69,36.94,34.39,36.3,34.35,36.24,35.31,35.6,36.25,35.89,36.81,35.61,35.78,34.38,31.37,32.46,30.73,32.57,32.85,33.87,32.04,30.21,29.87,28.68,31.05,34.88,34.79,36.93,36.33,35.44,36.2,35.06,31.39,31.17,30.51,28.07,28.17,27.03,24.85,26.53,25.33,25.83,25.98,27.33,26.45,27.13,28,27.29,26.49,26.74,30.77,33.34,32.95,34.4,37.07,33.45,35.76,34.68,34.43,34.32,34.57,32.12,32.7,36.05,35.07,37.83,36.38,40.59,41.95,43.51,43.14,42.32,40.48,37.52,37.05,31.56,32.09,31.43,30.2,29.64,29.48,28.06,29.22,29.54,30.77,28.43,29.06,29.2,29.81,28.5,29.12,28.61,30.58,31,31.93,28.61,30.96,29.36,26.24,38.4,37.35,37.46,43.23,51.64,48.77,42.38,35.74,34.67,35.32,33.8,33.51,34.58,35.92,37.69,40.79,44.02,45.68,45.97,47.6,50.25,49.45
JMFINANCIL,143.4,140.41,140.87,140.02,139.52,139.63,138,135.26,132.93,130.94,126.39,124.66,125.2,127.43,129.7,130,130.04,132.95,130.21,121,124.39,121.89,123.16,118.08,112.88,116.68,117.66,119.36,117.27,120.35,115.99,113.33,114.27,110.36,107.6,107.09,108.69,106.8,110.07,106.92,107.83,108.95,110.4,117.35,108.7,103.08,102.09,102.23,98.44,100.48,97.49,101.87,103,102.82,101.34,98.52,96,92.29,90.68,93.2,96.51,95.86,97.5,90.42,90.52,88.02,89.11,87.87,91.17,91.45,97.84,98.14,95.37,97.25,95.83,96.09,96.36,96.13,99.66,95.22,87.86,92.14,91.63,95.32,97.56,99.7,100.38,102.61,105.71,105.06,104.22,102.46,104.48,102.6,101.54,101.15,101.43,99.9,100.46,99.83,99.83,105.8,110.13,111.27,114.94,115.18,117.6,116.61,121.85,123.75,120.42,122.12,122.38,128.73,126.3,127.74,133.73,130.87,130.92,141.62,142.57,155.02,151.88,148.33,146.52,143.41,143.28,141.28,142.5,138.65,140.21,139.44,150.29,154.77,155.98,159.15,159.34,158.71,162.24,166.91,165.79,167.03,170.67,169.73,169.05,167.45,172.18,170.61,170.79,169.25,169.27,169.48,170.24,179.59,177.07,168.79,162.91,163.38,157.01,157.83,151.92,157.2,154.13,154.33,155.02,155.29,159.99,162.65,187.07,185.89,186.31,188.37,184.57,189.73,193.02,192.46,186.68,182.98,177.48,185.07,183.25,189.51,182.13,184.38,192.24,190.72,175.66,180.42,179.96,180.53,178.03,175.95,176.13,171.6,171.25,172.65,171.24,165.37,163.3,161.77,159.7,163.2,168.28,175.79,174.53,177.83,176.33,170.87,177.7,173.06,177.95,175.14,171.48,173.54,170.9,171,171.49,169.79,170.46,171.16,167.19,164.02,167.61,165.39,161.93,158.85,146.9,147.42,151.47,154.1,150.67,149.7,146.71,147.52,144.48,140.06,137.38
RHIM,3145,3175,3165,3120,3120,3120,3115,3150,3130,3200,3205,3305,3245,3250,3260,3295,3310,3310,3270,3255,3280,3250,3250,3255,3375,3410,3450,3445,3460,3450,3425,3435,3425,3480,3520,3510,3525,3460,3455,3525,3650,3620,3670,3670,3670,3710,3730,3720,3725,3700,3700,3715,3715,3710,3755,3475,3330,3350,3320,3465,3800,3660,3505,3530,3450,3340,3405,3405,3370,3350,3405,3330,3310,3320,3280,3230,3195,3035,3020,3000,2865,2635,2720,2810,2835,2950,2955,3035,3105,3060,3010,2975,3065,3070,3120,3100,3090,3115,3135,3165,3245,3180,3085,3015,3130,3170,3150,3070,3080,3120,3035,2965,2870,2805,2865,2810,2870,2785,2835,2835,2895,2870,2840,2880,2880,2870,2850,2795,2825,2800,2795,2785,2705,2725,2760,2740,2815,2980,2965,3050,3020,3040,3015,3015,3035,3035,3110,3060,2990,2995,2935,2880,3020,2975,2935,2945,3015,2930,2925,2930,2630,2395,2250,2290,2265,2230,2220,2250,2235,2225,2240,2220,2200,2215,2235,2195,2220,2275,2240,2165,2085,2040,2035,2010,1992,2035,2080,2210,2095,2075,2110,2060,2090,2055,2075,2125,2070,2030,2100,2080,2035,2015,2055,2060,2065,2075,2110,2075,2075,2065,2070,2020,2045,2020,1982,1980,1980,2015,1990,2065,2135,2140,2135,2115,2150,2080,2095,2090,2040,2060,2030,1994,2330,2470,2480,2500,2400
NETWEB,2919.15,2898.05,2869.95,2833.85,2789.7,2859.95,2961.2,2930.15,2869.2,2759.45,2680.95,2696.65,2701.1,2740.2,2711.65,2725.65,2889.95,2880.05,2839.4,2742.15,2830.3,2770.1,2762.45,2599.25,2423.15,2518.35,2432.3,2454,2338.35,2197.1,2143.8,1943.85,1902.7,1845.8,1623.85,1461.5,1607.65,1727.85,1794.05,1683.75,1691.5,1751.55,1794.55,1785.4,1646.6,1548.5,1535.6,1501.35,1409.1,1370.25,1340.6,1474.65,1618.1,1599.5,1540.25,1560.35,1484.4,1453.9,1418.95,1440,1526.7,1565.3,1594.2,1527.4,1525.45,1489.6,1460.3,1403,1504.6,1521.65,1515.45,1606.55,1637.55,1603.85,1549.15,1525.5,1514.65,1510.55,1549.4,1529.65,1499,1435.15,1460.8,1422.5,1469.3,1509.2,1519.6,1497,1502.1,1500.2,1531.8,1515.4,1459.5,1467.1,1455.7,1411.4,1421.7,1604.4,1565.6,1554.4,1632.3,1575.1,1720.9,1727.3,1729.8,1824,1831.8,1840.3,1796.1,1800.9,1810.7,1798,1896.6,1922.3,1996.1,2023.5,1999.1,1949.1,1975.1,1967.6,1996,1976.6,1931.2,1955.4,1881.7,1806.8,1781.8,1822.2,1774.3,1749.3,1721.6,1764.1,1761.4,1772.7,1837.6,1832.1,1809.5,1845.2,1871.2,1855.2,1860.7,1823.8,1792.3,1803.9,1806.8,1812.7,1947.4,1981,1962.6,1956.3,1935,1931.4,1896.1,1895.8,1956.3,1967.6,1927,1827.5,1972.8,2023,2031.5,2135.2,2304.1,2210.2,2122,2146.8,2104.7,2148,2093.5,2098.9,2125,2158.1,2126.8,2048.6,2065.8,2322.4,2371.8,2291.1,2239.6,2207.6,2232.8,2266.6,2526.9,2652.1,3079.4,3106.6,3059.8,3130.2,3000.6,2903.8,2882.9,2842.3,2928.4,3037.7,3279.4,3535.4,3540.8,3416.4,3613.5,3695.4,3585,3648.5,4062.1,4311.9,4212.2,4348.2,4360.1,3963.6,4027.5,3889.5,3876.4,3932.4,3760.2,3833.1,3897.6,3895,3743.7,3717.1,3897,4206.8,3924.2,4103.9,4037.8,3798.8,3630.3,3300.8,3431.9,3373.5,3493.7,3528.4,3475.9,3438,3378.1,3259.6,3288,3439.6,3306.4
BSE,1822.37,1822.12,1850.73,1870.23,1878.32,1887.93,1909.3,1877.48,1930.48,1847.62,1849.43,1816.53,1814.12,1759.5,1769.5,1775.13,1808.67,1822.07,1779.92,1696.33,1796.1,1800.13,1735.08,1707.22,1718.87,1816.28,1928.67,1998.22,1999.58,1993.27,1929.97,1919.57,1969.9,1945.2,1813.72,1718.92,1787.58,1746.3,1768.65,1805.13,1855.12,1944.37,1855.85,1908.7,1876.53,1729.05,1785.1,1751.82,1706.85,1736.23,1728.7,1877,1986.38,1919.27,1869.75,1834,1720.83,1544.57,1453.15,1484.55,1433.03,1417.82,1392.77,1332.98,1269.92,1338.13,1308.75,1323.02,1382.23,1464.15,1492.7,1593.25,1551.68,1550.55,1491.57,1561.45,1826.6,1822,1884.95,1873.62,1839.15,1727.48,1846.07,1849.45,1881.58,1986,1976.83,1977,2095,2080.5,2146.33,2164.5,2101.17,2188.17,2213.83,2119.67,2102.17,2151.17,2081.67,2217.5,2230,2190.67,2318.5,2438.5,2449,2382.67,2426.33,2486.33,2461.83,2435,2332.17,2448,2450,2404,2404,2464.5,2674,2693.3,2764.9,2797.1,2909.8,2933.2,2994.4,3005.4,2882.4,2754.1,2711.2,2697.4,2664.4,2633.2,2595.4,2688.1,2775.3,2785.6,2789,2803,2775.6,2770.1,2775.1,2752.4,2820.1,2635.2,2636.2,2477,2523.8,2466.3,2371.1,2460.7,2546,2530,2474.9,2448.5,2521.3,2548.4,2557.2,2547.8,2454,2449.9,2487.1,2457.5,2427.4,2411.3,2486.6,2367.2,2387.6,2442.2,2392.9,2396.3,2368.7,2496.4,2482,2494.8,2491.5,2523,2332.2,2332.8,2290.8,2215.6,2178.4,2096.2,2180.4,2194.2,2214,2219.5,2319.6,2346.2,2353.2,2266.5,2162.8,2201.2,2227.4,2199.3,2209.8,2198.3,2182.6,2156.2,2122.2,2076.4,2043.3,2043.2,2097.4,2040.2,2081.4,2093.4,2217.9,2231.2,2244.2,2330.2,2385,2476,2448.3,2456.3,2509.2,2485.6,2494.1,2487.8,2487.5,2475,2510.2,2419.7,2447.3,2442.8,2479,2548.3,2496.6,2455.5,2678.3,2625.3,2644.2,2775.4,2760.2,2827.6,2811.9,2834.1,2898.3,2895.5,2858.3
TECHNOE,1470.55,1458.9,1423.55,1439.4,1443.8,1509.15,1491.6,1575.3,1542,1625.15,1635.6,1600.05,1562,1559.75,1584.85,1570.7,1690.15,1691.4,1640.7,1540.6,1583.85,1529.35,1485.7,1399.05,1296.1,1314.05,1263.9,1316.35,1288.55,1325.15,1277.05,1200.35,1198.25,1110.05,1081.9,1030.95,1095.25,1071.8,1077.75,991.75,1107.45,1109.05,1108.75,1087.85,1039.7,991.65,967.1,968.35,926.4,919.6,906,988,996.6,1000.4,986.55,955.25,950.6,974.05,927.5,937.45,958.95,960.8,956.55,901.9,916.25,906.05,900.6,929.6,930.75,1032.35,1004.75,1034.5,1052.55,1010.5,1005.9,1015.95,1003.2,1024.25,1025.05,1015.95,981.4,930.4,932.75,918.55,987.95,1024.2,1033.3,1057.8,1155.7,1119.9,1135.7,1100.2,1101.4,1091.5,1096.9,1063.5,1065.6,1080,1044.5,1078.4,1070.5,1082.6,1124.5,1117.4,1193.7,1220.9,1280.1,1274.9,1230.8,1238.4,1228.5,1217.9,1275,1250.7,1438,1443.8,1409.8,1442,1462.2,1542.9,1506.4,1484.1,1548.3,1532,1518.9,1464.7,1454.2,1486.7,1509.2,1502.5,1466.7,1480.7,1520,1529.7,1504.1,1529.8,1591.6,1600.1,1636.1,1583,1558.7,1575.5,1578.5,1613,1621.1,1613.3,1598.2,1544,1572.2,1557.7,1537.7,1527.4,1544.6,1517,1481.2,1469.6,1441.5,1411.4,1462.5,1446.7,1456.3,1419,1434.8,1426.1,1380.9,1395.9,1380.3,1398.2,1366.8,1439.9,1493.9,1440.4,1449.6,1478.9,1510.9,1545,1559.4,1521.9,1532.8,1512.7,1515.8,1529.8,1549.2,1512.8,1506,1529.8,1497.9,1479.8,1463.9,1442,1462.9,1445.1,1440,1430.7,1416.8,1428.5,1403.7,1376.9,1367.9,1278.2,1332.4,1333.4,1338.5,1372.2,1357.8,1336.1,1344.6,1317.4,1367.9,1343.4,1354.2,1357.5,1342.9,1324,1331.1,1357.2,1328,1311.8,1322.1,1326,1346.2,1345,1319.1,1340.2,1303.3,1273.4,1283.3,1283.5,1272.7,1275.2,1238.8,1227.4,1238.7,1205.6,1182.5,1210.8,1170.4
VIJAYA,1129.65,1116.5,1099.9,1087.65,1098.45,1059.3,1066.6,1070.95,1060.05,1042.3,1056.25,1047.1,1096.4,1074.85,1050.6,1056.85,1062.75,1050.45,1113.1,1126.3,1209.6,1209.1,1221.3,1241.8,1204.05,1158.85,1149.45,1131,1082.3,1070.1,1055.6,1019.65,1018.15,978.35,942.05,931.2,976.95,1017.55,1034.8,1068.65,1085.6,1160,1125.7,1134,1097.95,1078.5,1026.35,953.65,921.7,906.85,900.5,927.7,924.9,994.1,923.3,1061.95,968.75,915.75,932.65,996.45,1022.15,1054.95,1053.65,1030.6,1016.45,1004.65,1013.55,1085.75,1119.8,1053.55,1025.35,1048.15,1020.1,1004.85,1002.15,1007.2,973.3,965.4,970.7,948.6,891.8,1016.1,970.95,965.4,1000.3,991.9,1040.7,1100.2,1144.2,1119.9,1061.8,1038.4,1038.3,1016.6,1000.5,996.9,1018.2,1000.4,1006.4,999.9,993.1,989.6,970.1,931.1,891.2,909.8,922.1,923.1,934,930.1,911,935.8,955.2,947.4,951,956.3,961.9,962.9,964.2,972,975,960.9,950.9,953.25,959.85,950.4,967.25,949.75,955.65,942.05,930.25,933,940.1,966.05,998.65,989.6,985.25,980.55,979.85,1003.15,1020.5,1010.05,1002,1018.95,1009.05,1020.45,1020.45,1017.3,1028.6,1046.05,1028.15,1013.65,1015.75,1017.75,1121.15,1070.5,1141.35,1119.7,1093.5,1075.05,1083.3,1086.5,1071.9,1052,1058.1,1054.4,1050,1055.3,1058,1053.2,1058.7,1054.5,1038.8,1022.3,1021.1,1021.4,1009,995,1007.8,1043.6,1030.7,1065.2,1089.4,1107.2,1106.5,1084.6,1051.5,1052.8,1041.7,1047.3,1052.3,1049.9,1045.4,1057.9,1049.7,1049.8,1052.2,1040.4,1019.9,1018.5,1000,1003.7,1011.7,999.8,1000.35,990.6,981.4,981.05,971.85,971.1,987.4,1002.2,992.05,1003.5,999.65,990.8,989.4,999.6,999.9,1007.15,994.8,988.65,1019.7,1025.25,1018.05,1023.6,1018.6,1018.1,1023.85,1041.2,1060.4,1039.4,1025,1004.6,1011.4,1007.4,1029
SONACOMS,659.65,645.55,641.75,635.4,631.8,631.65,621.4,611.15,609.6,588.45,584.15,594.95,593.55,600.35,599.25,594.8,591.65,597.45,591.1,581.55,584.45,573.15,565.75,569.55,561.9,569.9,570.95,582.7,574.75,566.3,556.4,531.35,542.6,525.05,512.3,497.2,502.25,503.8,504.3,485.5,502.4,515,533.25,529.6,528.65,510.95,511.35,516.45,489.25,487.3,506.55,509.35,517.95,507.45,504.95,508.9,503.05,493.9,485.95,474.2,509.05,521.9,517.6,512.2,507.6,504.8,485.8,486.1,493.85,507.95,508.5,509.35,501.95,493.7,496.95,467.35,461.2,461,465.65,450.15,421.85,406.6,411.05,407.45,430.1,462.55,446.8,451.7,455.6,451.6,478.45,469.15,453.65,463.25,491.85,481.15,496.95,508.6,502.45,511.15,508.1,500.5,519.8,508.15,528.2,533.75,542.85,536.1,524.45,525.05,528.05,537.3,545,544.95,539.2,542.65,543.95,541.4,533.75,538.05,528.1,510.15,521.35,516.6,519,510.85,501.85,500.2,479.95,478.6,478.05,486.95,477.35,481.75,480.8,480.8,479.25,481.35,475.9,475.3,479.35,478.4,468.3,461.3,455.6,454.65,447.15,452.25,455.35,455.05,486,479.75,487.9,472.95,489,490.8,469.45,465.55,470.5,461.3,449.55,437.55,443,447.1,446,448.85,445,445.95,440.25,448.75,451.85,444.95,455.25,450.35,442.65,449.65,451.15,453.7,450.35,443.05,450.8,444.95,450,437.95,441.1,454.35,445.5,450.05,439.95,428.3,434,432.55,434.6,440.6,436.2,420.6,421.35,416.8,409.65,407.1,405.35,411.75,413.75,419.7,414.25,414.05,405.25,429.45,432.8,435.75,452.8,452.25,468.55,462.2,461.2,461.95,478.05,478.7,483.85,484.35,483.15,482.95,472.75,481.25,483.8,482.9,491.1,485.7,489.8,497.75,489.15,485.6,486,488.55,506.95,507.65,503.15
JPPOWER,18.75,19.06,18.98,18.69,18.84,19.15,18.83,18.53,19.87,18.97,18.58,18.25,18.13,18.13,17.59,17.7,18.06,17.73,17.67,16.78,17.27,17.14,16.87,16.2,15.78,16.36,16.29,16.63,16.7,16.91,16.48,16.31,16.16,16.04,15.08,14.95,15.38,15.73,16.33,14.86,15.02,15.07,15.04,14.95,14.74,14.2,14.13,14.04,13.46,13.56,13.06,13.74,13.8,13.92,13.86,13.97,13.93,13.36,13.07,13.03,13.52,13.64,14.15,14.1,13.63,13.66,13.45,13.04,13.38,14.75,14.64,14.96,14.99,14.42,14.1,14.48,14.25,14.65,14.65,15.28,14.79,14.18,14.6,14.43,14.51,15.26,15.41,15.47,15.84,15.88,15.7,15.58,15.06,14.92,14.94,14.54,14.19,14.06,13.55,13.69,13.24,13.29,14.24,14.44,14.57,14.69,15.11,14.99,14.79,14.85,14.7,15.18,15.2,15.19,15.05,15.12,15.54,15.64,15.39,15.66,15.75,16.24,17.73,17.99,18.22,17.73,17.67,17.69,17.41,17.21,17.01,17.31,16.91,17.36,18.04,17.97,18.1,18.3,19.08,18.8,18.67,18.95,22.65,22.39,22.37,23.03,23.63,27.23,24.51,23.75,22.73,22.86,21.52,21.42,21.51,21.11,20.12,20.41,21.43,21.45,21,20.14,19.45,19.27,19.08,18.94,19.16,19.36,18.88,18.91,18.56,18.25,19.16,19.05,19.07,18.87,18.7,18.05,18.95,18.39,18.52,18.38,18.36,18.17,19.07,20.02,19.25,19.26,19.09,18.91,18.87,19.08,19.05,18.83,18.68,18.52,18.32,18.03,17.81,17.59,17.53,17.43,17.76,18.55,18.06,17.9,17.97,17.95,18.47,18.35,17.95,18.09,18.01,17.91,17.88,18.01,17.99,17.96,17.9,17.89,18.2,17.89,18.02,18,17.89,17.69,17.61,17.93,18.01,17.98,17.94,17.76,17.84,17.64,20.27,21.64,20.01
EIHOTEL,410.35,405.75,426.8,423.75,429.85,424.05,424.5,422.45,427.2,412.25,406.2,409.8,413.25,411.25,400,419.85,429.45,429.25,428.35,409.4,422.35,421,408.75,411.15,399.65,392.8,396.85,397.7,399.25,404.95,402.55,398.05,385.2,379.35,356.1,355.1,365.85,361.05,370.5,375.3,383.5,377.35,383.75,384.35,379.5,353.95,342.1,335.2,335.4,321.15,314.55,328.3,325.4,320.35,316,318.35,329.6,319.25,321.5,334,341.3,342.4,339.75,341.1,341.1,346.1,359.1,366.15,362.05,359.95,385.15,377.95,374.45,362.4,363.8,353.5,366.45,375.95,376.9,366,351.95,359.9,353.2,361.35,369.25,370.4,373,381.55,382.3,394,391.65,383.8,380.25,378.65,370.45,364.5,363.35,351.5,370.3,356.3,348,366.9,366.7,365.8,363.9,375.2,376.7,379.4,370.05,373.45,373.65,370.15,369.25,365,365.35,369.6,376.9,374.8,373.8,374.55,374.6,381,379.05,372.7,364.65,358.95,359.15,354.65,353.2,346.2,344.55,346.05,349.5,363.45,364.4,358.35,369.35,367.6,363.85,367.95,366.45,368.65,371.55,376.15,380.9,377.45,375.8,378.8,380.4,384.5,380.5,382.3,380.35,383.95,387.65,375.2,376.25,379,379.9,375.5,376.35,377.5,371.85,365.55,359.4,355.7,359.65,364.5,418.45,392.1,386.3,385.2,401.5,402.3,406.2,411.2,405.45,401.95,399,396.8,398.05,412.5,412.3,411.15,418.15,407.7,401.15,399.35,397.15,401,401.05,403.25,401.85,391.1,391.55,387.2,383.45,379.2,375.15,365.5,359.9,365.65,393.25,382.2,390.1,394.95,390.45,385.65,378.6,377.85,385.25,387.2,384.5,384.8,389.8,385.35,385.75,384.55,393.55,390.05,394.8,389.8,395.8,399.1,391.35,392.25,387.35,386.55,377.3,376.85,377.1,374.45,383.45,379.8,377.35,374.5,373.7
MEDANTA,1180.05,1141.25,1124,1110.75,1114.55,1105.7,1108.65,1134.2,1125.4,1098.6,1097.7,1096.5,1107.65,1090.4,1078.35,1078.5,1100.7,1103.95,1089.1,1070,1062.75,1079.45,1069.2,1072.6,1026.95,1031.9,1024.2,1027.05,1020.75,1001.6,1055.35,1044,1070.2,1047.15,1021.1,1017.7,1039.8,1049.4,1039.6,1042.5,1041.15,1152.9,1168.5,1168.8,1131.35,1116.3,1089.8,1128.35,1110.2,1131.25,1121.35,1149.35,1206.4,1235.55,1208.1,1211.95,1193.2,1149.65,1213.4,1209.75,1195.55,1252.95,1226.2,1208.9,1174.5,1168.3,1178.05,1235.25,1227.85,1239.6,1265.15,1230.65,1249.1,1220.15,1213.85,1198.3,1231.1,1247.35,1239.55,1234.2,1195.95,1238.1,1228.2,1269.95,1275.4,1295.3,1269.1,1253.4,1272.8,1247.5,1241.6,1215.1,1201.2,1177.8,1197.2,1202.8,1208.5,1187.5,1210.9,1187.5,1170.4,1227.1,1241.6,1242.9,1243.3,1201.1,1181,1190.1,1183.1,1184.3,1219.9,1207,1210.3,1210.2,1197.1,1188.2,1213.2,1217.1,1196.9,1200.9,1216.1,1198.6,1199.3,1195.8,1184.6,1186,1217.2,1185.2,1171.7,1163,1131.5,1160.4,1128.6,1127.3,1133.4,1134.6,1136.8,1151.4,1166.1,1190.6,1183.8,1202.8,1218.1,1278.7,1301.8,1303.3,1327.4,1326.2,1338.4,1345.1,1319.2,1300.4,1290.4,1312.7,1326.2,1323.1,1355.4,1331.4,1306.3,1311.2,1337.5,1324.5,1326.8,1338.5,1327,1423.2,1387.4,1380.3,1355.6,1374.1,1343.2,1373.4,1378,1389.6,1384.7,1396.3,1400,1399.9,1374,1396,1390.4,1427.2,1420.8,1408.4,1391,1377.7,1370.6,1355.6,1322.3,1325.6,1360.3,1377.5,1367.7,1354.2,1329.3,1321.7,1320.6,1328.7,1299.7,1314.5,1314,1304.6,1328.8,1366.3,1351.9,1386.4,1374.5,1349.4,1362.9,1351.6,1351.8,1396,1371.7,1384.4,1392.5,1353.5,1346.7,1348.3,1355.4,1375.8,1372.6,1311.5,1274.6,1249.3,1280.7,1251.8,1183.9,1172.9,1173.8,1201.8,1174.9,1202.1,1189.7,1199,1213.1,1226.9,1250.5
SWIGGY,536.85,543.75,522.55,504.3,532.35,596.35,586.4,577.35,582.2,597.45,583.65,568.1,559.05,545.95,550.65,540.9,542.35,556.45,541.45,532.1,509.25,490.6,507.5,492.3,463.1,464.55,487.3,483,473.1,479.2,440.45,433.7,460.9,449.05,410.05,410.95,428.2,404.75,416.1,458.4,434.05,418.05,388.7,380.65,362.1,333.35,341.4,365.5,340.75,338.25,347.9,377.4,373.6,360.55,364.65,355.1,344.45,334.65,326.3,350.05,358.5,362.55,360.95,359.65,352.85,348.8,353.2,356.05,360.6,354.35,350.65,351.45,337.5,323.85,335.75,330.2,331.9,344.6,345.15,337.35,321.7,333.3,339.75,333,334,336.25,340.8,343.85,343.35,348.05,340.6,321.4,323.75,319.85,316.4,305.3,343.95,342.5,328.8,315.2,313.1,320.3,310.55,307.3,316.25,321.2,323.5,311.35,313.8,315.05,323.65,320.85,320.15,320.2,328.85,333.05,333.3,333.2,362.75,364.15,374.45,364.6,361.6,356.05,356.1,354.2,360.95,355.75,365.4,374.15,389.5,389,391.15,399.95,405.25,406.95,400.4,393.45,381.55,386,383.5,376.65,381.45,380.15,384.35,385.1,393.05,388.45,389.85,385.65,388.8,394.75,417.15,418.7,419.25,407.95,407.1,413.8,401.1,403.75,392.35,399.2,385.55,393.95,398.5,384.8,400.7,393.25,400.4,398.4,399.85,409.7,421.05,435.7,427.9,425.65,430.55,421,409.75,428.5,425.95,430.6,423.1,439.05,443.15,436.65,423.9,423.7,420.55,424.85,437.2,440.95,444.5,458.45,449.55,449.2,438.45,426.1,420.65,416.5,422.95,417.75,413.85,421.55,420.75,420.9,436.9,435.55,434.8,440.15,442.7,448.4,432.15,421.9,432.1,424.3,424.9,425.65,422.1,418.95,417.95,409.95,402.45,413.35,403.95,401.4,386.95,394.25,395.75,383.1,393.1,394.8,393.35,397,395.5,385.45,404.6
ANGELONE,3425.35,3392.2,3399.55,3432.85,3388.9,3227.3,3154.25,3112.5,3045.3,2881.7,2859.55,2900.4,2903.95,2884.75,2928.8,2931.65,3017.45,2976.35,2856.2,2751.85,2761.45,2653.65,2625.85,2544.05,2446.55,2370.55,2497.35,2485.5,2454.5,2587.5,2525.3,2442.35,2431.45,2334.35,2212.65,2185.8,2296.55,2277.8,2346.1,2325.75,2350.35,2498.2,2438.5,2412.8,2342.8,2260.5,2348.6,2312.6,2209.35,2211.6,2213.4,2321.25,2392.8,2356.6,2273.05,2213.15,2195.8,2169.15,1978.05,2014.2,2104.1,2118.75,2098,2044.1,1998.6,1962.3,1953.5,2091.95,2215.35,2262.8,2336.8,2374.95,2301.45,2324.65,2318.25,2313.2,2317.95,2354.4,2461.65,2285.4,2130.45,2225.7,2228.4,2265,2318.4,2352.6,2356.2,2463.3,2520.7,2507.8,2498.6,2328.4,2354.2,2351.7,2312.3,2318.8,2391.8,2299.3,2375.7,2330.2,2326.5,2487,2487.6,2548.7,2568.6,2800.6,2802.3,2777,2866.2,2913.6,3079.5,2989,3012.9,3018.2,3002.2,3035.6,3149.4,3105.8,3128.6,3271.7,3217,3202.3,3145.4,3114.5,3017.6,2924.9,2930.5,2873.6,2866.9,2781.6,2827.7,2935,2957.3,2861.3,2903,2911.2,2922.8,2964.3,2913.4,2950.6,2776,2794.4,2692.6,2735.4,2727.4,2678.9,2678.8,2674.8,2716.8,2740.1,2678,2706.3,2805.4,2825.8,2796.9,2720.1,2608,2632.1,2641.2,2600.9,2569.8,2627.6,2601.3,2610.9,2642,2552.6,2548.1,2506.8,2631.8,2642.2,2666.9,2677.8,2720.8,2537.8,2518.6,2446.9,2339.1,2259.4,2209.8,2266.6,2276.4,2272.2,2257.1,2296.8,2341,2336,2336.6,2216,2222.3,2252,2230.4,2248.5,2265.6,2266.6,2248,2227.9,2202.4,2194.9,2136.4,2124.9,2132.5,2173.5,2201.3,2265.2,2250.5,2217.5,2264.6,2303.3,2340.7,2404.6,2445.2,2482.6,2496.5,2499.6,2497.8,2511,2514.5,2577,2537.9,2511.7,2513.1,2492.4,2563.8,2518.4,2486.5,2616.4,2606.4,2641.4,2679.5,2713.5,2745.3,2847.4,2793.4,2813.9,2814.3,2748.1,2678.5
ENDURANCE,2348,2336.5,2342.95,2290.1,2281.2,2286.6,2255,2219.5,2233.45,2208.1,2150.25,2178,2160.55,2168,2139.85,2150.05,2262.95,2185.8,2192.1,2082,2102.55,2099.6,2094,2096.9,2005.9,2028,2075.85,2072.85,2116.5,2109.6,2104.6,2110.25,2099.3,2090.45,2003.25,1964.1,1953.85,1981.6,1989.45,1998,1970.25,1950.15,2002.6,1973.05,1939.9,1892.2,1869.6,1914,1857.6,1817.25,1818.95,1876.3,1880.65,1877.25,1856.2,1824.8,1807,1765.75,1710.6,1773.3,1787.45,1850.8,1882.65,1882.35,1865.1,1898.55,1905.15,1919.75,1960.75,1944.5,1964.55,1996.85,1994.4,1999.15,1972.4,1968.3,1928.5,1917,1893.75,1836.3,1800.9,1818.9,1850.75,1860.4,1920.2,1939.5,1906.6,1953.5,1980.4,1955.6,1949.6,1922.1,1909.1,1894.1,1875,1869.9,1857.7,1871.4,2022.6,2061.9,2066.2,2097.1,2150.5,2194.8,2170.3,2214.4,2248.8,2215.6,2334,2319.8,2390.8,2395.7,2448.9,2421.6,2439.2,2431.8,2421.9,2400.7,2453.9,2530.3,2481.4,2497.6,2513.5,2524.8,2447.9,2401.1,2459.1,2429.8,2427.4,2415,2576,2546.7,2507.1,2756,2630.5,2632.4,2770.1,2884.5,2866.1,2781.2,2796.6,2662.1,2622.4,2681.5,2644.5,2623,2692,2704.8,2694.7,2700,2662.7,2628.9,2616,2623.2,2639,2579.4,2554.1,2560.6,2582.3,2551.7,2476.6,2638.8,2590.7,2541.7,2517.3,2522.4,2520.8,2510,2531.6,2602.2,2788.4,2882.9,2857.7,2866.5,2834,2820.7,2807,2859.7,2868.8,2939.9,2911.2,2913.6,2933.2,2967.8,3005.2,2981.2,3041.2,2925.7,2867,2863.7,2922.2,2880.5,2911.8,2879.5,2855.8,2850.6,2789,2715,2730.3,2735.5,2745.4,2812.6,2893.4,2872.9,2951,2921.1,2939.4,2888.8,2851.4,2776.4,2826.7,2932.5,2906.6,2965.7,2948.7,2957.4,2906.9,2922,2926.2,2840.2,2852.2,2838.6,2866.5,2902,2833.6,2855.9,2828.5,2802.6,2916.6,2691.7,2686.2,2686.5,2615.1,2736.7,2752.4,2708.4,2671.9
METROPOLIS,2190.45,2220.85,2222.5,2226.35,2224,2212.2,2174.4,2131.6,2126.4,2058.05,2021.7,2013.6,2028.1,2058.15,2052.45,2076.65,2056.5,2049.05,1997.8,2038.8,2035.1,2026.6,2000.3,1953.6,1882.8,1872.05,1877.65,1888.85,1890.7,1895.55,1846.25,1849.55,1870.7,1802.2,1750.95,1708.9,1791.45,1804.6,1796.9,1754.1,1737.9,1805,1851.95,1839.3,1797.2,1782.85,1750.55,1707.9,1681.65,1680.35,1647.4,1648.4,1678.1,1652.5,1677.4,1656.75,1637.65,1584.5,1567.9,1613.75,1628.25,1648.9,1650.3,1663.6,1620.4,1623.25,1626.1,1617.65,1624.5,1601.7,1596.45,1613.65,1605,1579.05,1584.55,1564.55,1525.2,1555,1583.15,1550.6,1488.6,1538.3,1579.15,1601.6,1645,1666.7,1662.6,1700.9,1752.7,1749.7,1764.9,1753.1,1748.8,1704.8,1701.5,1694.8,1700.4,1684,1695.6,1663.2,1669.4,1712.3,1701.6,1614.5,1626.9,1648.9,1636.7,1659.6,1662,1627.4,1626.3,1658.4,1669.8,1671.1,1676.7,1680.1,1665,1712.5,1694.3,1680.8,1652.2,1717.8,1699.6,1688.8,1746.4,1699.7,1712.4,1697,1700,1683.2,1724.2,1701,1696.4,1708.2,1692.3,1690,1706.2,1710.3,1725.6,1737.9,1773.3,1859.4,1866,2057.9,1974.8,1885.3,1879.8,1871.1,1979.2,1961.9,1938.7,1938.8,1981.6,1996.6,2034.1,1968.8,1965.4,1950.3,2020.1,1995.3,2037.7,2040.6,2028.8,2055.7,1994.6,2008.4,2043.4,2092.9,2125.6,2121.3,2167.3,2143.5,2175.2,2155.3,2169.5,2187.1,2159.8,2187.4,2188.5,2148.6,2176.5,2208.6,2236.7,2205.9,2152.6,2131,2153.6,2124.8,2063,2027.5,2076.5,2050.4,2047.2,2133.6,2079.5,2050.1,2082.2,2026.4,2014.6,2021.4,2036,2041.1,1996.3,2073,2107.4,2018.2,1992.8,1995,1975.1,1957,1941.7,1950.1,1938.2,1930.1,1930,1916,1905,1953.2,1944.1,1944.8,1962.8,1970.4,2004.5,2030.8,2005.8,1963.9,1934.9,1955.9,1974.7,1965.4,1970.8,1982.3,1929,1942.3,1959.5,1955.1,1941.1
BAJAJ-AUTO,9077.45,9013.3,9069.85,8963.25,9021.4,8998.35,8895,8956.75,8982.65,8787.25,8768.45,8778.05,8878.5,8928.3,8779.9,8798.6,8740.55,9079.5,8965.7,8823.85,8810.3,8642.25,8835.85,8764,8596.25,8611.2,8578,8581.95,8581.4,8544.4,8468.55,8460.85,8399.95,8401.5,8384.6,8398.4,8625.85,8747.8,8847.8,8926.55,8911.4,8927.8,8846.35,8989.4,8880.55,8762,8711.6,8691.35,8506.5,8537.15,8446.6,8479.5,8630.2,8506.05,8446.95,8417.9,8232.35,7902.9,7714.8,7333.3,7420.3,7462.25,7574.75,7383.4,7499.95,7515.05,7504.7,7486.05,7613.4,7721.85,7920,8067.85,8125.55,8006,7977.1,7974.3,7878.85,7993.05,8072.95,7912.2,7685.1,7306.8,7498.05,7572.3,7768.85,7995.5,7961.5,8018,8247.5,8141,8261.5,8201.5,8034,8096,8078.5,8030,7836.5,7920.5,7945.5,7849,7724.5,7682.5,8039.5,8063,8102.5,8326,8482.5,8851,8565,8687.5,8733.5,8741,8958.5,8963,8849,8874.5,8607,8513.5,8563,8563.5,8557.5,8637,8641,8626,8719,8567,8463.5,8529.5,8494.5,8468,8496,8371,8286.5,8377,8389.5,8433,8436,8376,8399,8356.5,8382.5,8433,8463.5,8339.5,8361,8285,8067,8087.5,8311,8302.5,8330,8347.5,8438.5,8295,8397,8288.5,8075.5,8089.5,8127.5,8043.5,8008,8044.5,8187.5,8230.5,8178.5,8229,8224,8275,8196.5,8248.5,8213.5,8588.5,8795.5,8827.5,8684.5,8679.5,8750.5,8691.5,8689.5,8631.5,8967,9030.5,9116,9071,9084.5,9433.5,9383,9244,9113.5,8999.5,9025,9072.5,9084,9075,8971.5,9054.5,8984.5,8839,8842.5,8702,8717.5,8678.5,8626.5,8679.5,8792,8904,8792,8810,8946.5,9066,9102.5,8998,9151.5,9150.5,9124.5,9118,9047,9076.5,9095.5,9057.5,9034,8923,8892.5,8922.5,8751,8720.5,8721.5,8772,8895,8868,8867.5,8843,8945.5,8921,8884.5,8979.5,8892
BDL,25,24.66,25.11,25.09,24.4,24.25,24.46,24.64,24.82,24.85,25.12,25.49,25.25,24.6,24.75,25.17,24.9,25.12,25.33,24.9,24.3,24.86,24.9,24.99,24.74,25.5,25.4,25.37,25.38,25.25,25.38,24.87,24.62,25.06,25.4,25.25,25.18,24.95,25.24,24.9,24.59,25.13,25.29,25,24.6,25.18,25.49,24.3,24.97,25.5,24.7,25.2,25.16,25.2,25.1,25,24.8,24.59,25.5,24.99,24.98,24.5,24.62,24.2,24.01,24.51,23.7,23.44,23.5,23.22,23.5,23.94,24.31,23.96,24.73,24.5,24.22,23.71,23.88,23.76,23.5,23.94,23.38,23.24,23.6,27,27,26.4,28.18,28.01,27.36,28.1,28.1,29.92,31.4,33.2,32.99,32.68,32.69,31.05,30.65,30.64,30.53,30.53,30.7,30.6,30.61,31,35.18,29,31.84,33.69,33.25,34.36,33.44,32.62,32.96,31.25,34.11,32.78,32.65,34.49,32,31.02,30.3,33.01,31.15,30.8,30.8,31.76,31,30.5,29.63,29.5,29.04,30.05,28.38,31.01,28.74,27.83,27.5,26.63,27.5,26.9,27,27.67,31.73,31.73,31,29.85,31.88,30.66,30.16,32.24,32,30.98,31.45,31.2,31.36,31.94,33.62,31.85,32.14,31,31.84,31.67,31.67,31.5,31.65,31.5,31.6,32.99,31.55,31.59,32,31.5,31.52,31.5,31.1,30.94,30.91,29.99,32.78,32.78,32,30,30.36,30.45
SYRMA,555.95,578.65,595.9,599.8,607.5,607.55,605.65,593.4,614.7,595,606.25,599.5,589.55,596.25,578.65,590.15,625,625.25,627.6,595.25,614.6,610.15,594.75,567.8,529.4,542.05,537.95,540.1,532.35,529.5,498.65,467.35,469.3,460.9,443.4,420.95,505.1,536.1,532.05,552.75,563.45,524.75,537.25,519.85,516.65,482,476.75,466.75,441.55,444.5,427.15,441.2,447.35,425.7,427.2,424.7,414.95,413.85,418.45,425.05,429.85,439.9,449.55,424.9,423.85,417.6,413.75,442.65,468.6,468.45,468.9,482.2,487.9,469.9,474.7,459.9,463.9,466.55,467,442.15,417.1,434.8,433.2,479.8,492.45,494.7,500.9,496.2,517.05,520.7,521.25,489.75,481.95,480.85,465.4,466.55,471.95,457.2,487.6,478.05,478.45,541.7,564.4,526,529.6,529.65,521.95,520.4,531.3,538.85,536.25,554.8,545.4,539.05,537.5,538.8,536.6,541.35,535.5,540.55,534.9,547.5,538.9,538.05,529,522.75,521.15,529,527.05,511.65,506.65,503.3,527.8,538.85,539.35,556.95,567.2,586.95,604.1,606.85,609.55,619.4,615.15,649.65,663.2,678.45,681.45,695.45,697.3,714.25,705.15,708.55,710.05,699.2,706.1,728.15,746.35,746.25,762.95,756,748.2,729.5,717.35,720.8,710.4,702.95,717.95,673.3,695.25,692.65,715.2,725.15,720.1,744.95,745.95,749.45,727.9,738.6,753.25,756.3,760.3,791.5,836.15,831.25,860.3,859,846.85,835.2,825.35,802.8,817.65,798.45,811.85,827.55,815.65,817.9,858.4,835.3,802.85,794.95,767.4,804.1,828.5,817.85,851.95,847.1,821.75,843.65,829.6,801.9,796.05,789.85,787,779.9,795.65,768.85,773.85,754.95,802.25,816.95,823.15,813.8,790.55,784.2,788.65,799.5,808.05,831.05,892.9,887,894.35,903.1,875.4,876.25,871.85,835.9,819.15
OIL,3.2,3.2,3.3,3.8,3.8,3.21,3.3,3.3,3.3,2.9,4,4.4,4.4,4.3,4.1,4.1,4.2,4.35,4.3,4.3,5,4.8,4.8,4.5,4.6,4.6,4.1,5,5,4.8,4.4,4.4,4.4,4.3,4.4,4.15,4.1,4.3,4.09,4.21,4.1,4,4.1,4.1,4,3.9,3.8,3.99,3.69,3.6,2.9,3.38,3.3,3.1,3.2,3.4,3.4,3.5,3.97,3.99,4,3.9,3.5,3.46,3.5,3.79,3.8,3.4,3.36,3.35,3.2,3.23,3.4,3.64,3.63,3.5,3.2,3.5,3.4,3.5,3.5,3.5,3.44,3.3,3.24,3.2,3.1,3.2,3.1,3.3,3.3,3.1,3,3.2,3.2,3.1,3.19,3.19,3.2,3.7,4.38,5.51,7.2,7.8,8.82,12,6.75,6.24,6.35,5.3,5.07,4.9,4.99,5.1,5,4.83,4.78,4.5,4.35,4.41,4.4,4.35,4.7,5.1,5.5,5.49,5.46,5.4,4.8,4.8,4.7,4.8,4.8,4.5,4.5,4.6,4.6,4.58,5,5.1,5.5,5.4,5.3,5.2,5.1,5.1,5.1,4.79,4.7,4.7,4.6,4.6,5,4.85,4.5,4.7,5,4.79,4.8,4.8,4.8,5.2,4.9,4.9,4.9,4.8,4.9,4.89,5,4.8,4.8,4.9,4.8,4.79,4.8,4.6,4.9,4.21,4.3,4.25,4.3,4.19,4.3,4.4,4.59,5.41,4.91,4.7,4.85,4.9,4.75,4.75,4.75,4.8,4.9,4.9,4.99,4.9,4.99,4.9,5,5,4.71,4.7,4.7,4.7,4.5,4.5,4.4,4.2,4.3,4.35,3.9,3.91
BALRAMCHIN,575.85,585.25,587.3,589.1,585.4,588.45,587.95,580.15,574.3,538.8,524.2,523.2,519.85,520.1,517.2,529.8,545.25,527,521.75,505.5,509.45,501.9,495.85,490.25,464.6,497,492,489.7,496.05,502.05,507.5,488.6,484.55,476.9,476.1,479.4,495.85,470.2,487.35,464.85,469.35,469.35,475.15,453.85,459.05,444.65,440.2,437.1,429.25,443.1,430.85,446.8,477.65,480.3,469.4,451.7,447,444.25,445.25,440.9,449.3,458.85,465.5,453.15,450.6,486.95,472.95,473.85,503.75,539.9,541.05,534.65,534.75,538.1,529.7,535.7,547.5,556.95,555.4,568.05,551.95,536.1,527,520.65,529.9,551.2,564.8,554.2,566.05,591.6,589.75,600.6,571.95,576.15,565.8,550.9,547.65,552.3,553.85,558.55,539.95,525.45,558.3,554,559,561,558.7,558.9,550.2,553.25,554.6,553.1,566.3,558.15,579.4,585.15,590.3,592.35,594.25,595.65,604.5,611.65,616.15,616.65,621.2,614,610.3,609.05,606.85,589.45,589.15,594.65,590.55,595.2,597.25,589,590.05,593.85,586,586.85,588.25,590,602.8,597.25,601.5,612.5,616.1,610.5,622.8,619.9,615.2,617.75,613.05,612.25,606.65,594.85,589.2,586.1,590.15,591.35,587.05,563.15,570.45,569.05,548.25,550.15,545.2,551.8,560.85,548.3,565.4,558.25,572.75,583.75,584.5,584.85,590.25,558.7,549.95,536.2,541.65,566.85,559.55,554,549.45,536.15,519.6,525.45,515.65,516.05,519.3,517.7,515.85,516.25,509.75,504.3,496.25,469.7,473.65,451.9,451.5,455.65,456.95,464.9,475.6,481.35,479.45,479.7,478.2,472.4,463.3,469.6,467.7,464.6,459.8,468.7,468.85,464.2,463.1,469.25,472.9,469.55,458.95,461.75,449.9,445.4,432.55,461.2,454.2,449.15,458.15,465.5,471.9,461.9,462.7,457.45,449.85
GODFRYPHLP,1892.58,1933.55,1996.15,1994.8,2017.15,2001,1964.18,1888.97,1859.9,1774.57,1710.95,1687.38,1837,1755.07,1606.57,1742.57,1678.4,1722.08,1701.97,1638.48,1659.03,1623.12,1573.57,1592.55,1464.1,1505.65,1489.5,1460.75,1461.27,1482.42,1423.15,1411.45,1444.15,1448.78,1448.6,1455.38,1499.12,1498.27,1505.8,1610.27,1574.78,1553.58,1533.15,1823.48,1860.32,1708.65,1821,1666.53,1999.83,2346,2280.93,2186.42,1988.87,1928.78,1862.03,1884.07,1789.9,1729.8,1699.95,1708.67,1720.2,1806.2,1775.45,1703.03,1742.13,1812.15,1902.75,2067.03,2029.52,2045.2,2086.3,2104.68,2076.87,2052.38,2155,2256.4,2369.22,2391.17,2343.65,2226.47,2115.15,2220.9,2307.18,2345.7,2437.33,2448.17,2544.17,2521.5,2514.83,2640.5,2741.67,2673.5,2708.67,2733,2705.33,2795.83,2935.5,2884.67,2810,2750.5,2731.17,2867.67,2997.83,2989,3059,2906.17,2799,2875.33,2851,2774.83,2789,2759,2732.83,2779,2762.83,2900.83,2792.33,2798.5,2805.17,2739.5,2729.83,2777.67,2761.17,2746.17,2726.33,2781.5,2762.67,2730.67,2718.17,2683.33,2669.67,2660.33,2706.5,2760,2867,3014.33,2992.17,2954.67,2948.33,2958.17,2899.67,2842.5,2748.17,2833.83,2845.67,2800.5,3017,3120,3106.33,3067.5,3118.5,3063.33,3138.67,3128,2935.33,2925.83,2897.17,2980.83,3130.17,3036.83,2925.67,2994.5,3291.5,3618.17,3332.83,3316.5,3280.17,3210,3349,3394.17,3217,3268.5,3688,3713,3522,3627.33,3508.17,3531.33,3667.83,3523.67,3353.33,3396.33,3484.33,3691,3552.33,3641.67,3595.67,3469.67,3378.67,3409.67,3644,3571,3491,3525,3453,3348,3408,3345,3283,3512,3384,3376.5,3425.4,3456.8,3426.2,3392.4,3310.8,3340.7,3295.8,3263.3,3330.7,3316.3,3411.7,3403.9,3399.2,3164.4,3122.7,3166,3138.2,3156.9,3145.5,3077.7,3108.4,3020.3,3023.2,3031,2998.7,3024.6,3011.4,2971.3,2957.3,2934.4,2879.5,2938.3,2941.4,2888.2,2907.8
CROMPTON,414.1,415.7,413.6,406.1,411.4,406.65,397.6,396.2,395.45,388.25,390.55,394.85,393.6,396.35,394.5,395.8,375.3,372.05,366.75,370.95,368.45,369.5,370.2,359.75,353.5,357.2,364.85,360.75,362.35,362.3,353.15,347,351.15,339.7,338.15,342.85,344.7,342.8,343.4,368.8,361.4,366.95,362.65,365.85,348.9,343.1,340,342.25,330.9,332.6,331.25,329.9,335.45,332.95,330.6,331.5,325.6,321.15,327.85,327.15,344.6,343.15,344.45,345,346,357.65,344.25,352.6,356.75,360.45,357.5,362.85,362.2,358.8,360.1,354.75,353.95,345.6,339.3,335.55,329.3,330.3,332.65,328.8,334.1,335.6,335.1,332.2,339.45,353.15,343.8,342.9,334.85,332.85,336.7,337.3,322.8,335.1,328.25,333.35,325.95,321.85,335.5,331.05,331.4,327.4,351.25,351.35,345.8,349.05,346,351.55,356.95,357,352.65,359.3,352.9,354.45,349.2,347.5,350.45,351.65,354.35,355,352.55,343.75,343.9,348.65,349.55,346.65,339.55,344.6,347.45,348.05,354.85,357.75,357.15,355.15,351.25,347.1,350.25,355.05,351.55,343.45,342.8,343.8,335.65,338.65,351.85,350.25,349.6,343.85,341.15,335.95,340,334.15,328.95,331.2,327.7,324.15,323,321.2,327.1,323.25,319,319.35,319.7,317.85,317.35,318.5,319.8,325.45,329.5,328.35,320.85,316.7,322.9,324.95,324.05,330,335.15,333.7,332.6,327.85,327.6,327,321.95,317.8,315.2,314.45,311.85,313.95,315.05,316.85,313.95,308.75,305.35,300.05,299.25,292.6,293.65,291.3,293.1,295.2,289.05,287.5,285.95,284.55,287.75,284.5,280.1,288.4,288.6,287.5,287.05,288.6,290.95,293.35,292.05,290.3,291.05,286.65,282.7,284.1,283.25,278.55,277.15,280.3,279.1,281.3,278.6,276.15,274.35,273.1,274.3,270,267.35
APTUS,320.85,314.75,311.85,309.3,308.1,310.1,310.75,307.8,308.45,303.55,311.8,304.65,302.45,301.9,291.15,289.45,291.5,299.75,296.9,287.45,293.95,291.05,287.85,281.8,270.95,274.9,277,292.1,291.25,292.1,288.9,278.15,286.25,282,272,277.4,288.6,296.9,303,315.05,321.45,323.55,328.1,328.05,321.5,318.75,308.25,307.4,298.65,302.3,306.2,302.55,301.35,301.7,300.15,304.45,300.05,307.55,311.75,303.2,305,304.65,303.3,304.8,305.2,300,296.1,290.45,302.6,301.15,296,304.1,304.6,303.4,299.35,298.85,294.75,299.4,301.85,302,299.6,294.4,305.6,299.7,302.45,311.5,319.95,323.2,334.2,337.1,336.25,332.85,326.7,326.7,328.45,318.65,319.85,325.15,317.4,320.2,324.85,315,322.25,320,321.8,327.55,326.8,329.9,327.8,330.4,336.65,335.6,344.15,343.25,340.2,333.3,340.65,336.5,307,307.7,307.35,316.6,328.4,330.2,324.15,320.35,319.65,321.55,318,317.2,310.6,314.9,314.25,323.4,322.6,320.7,318.75,323.95,320.3,323.1,322.05,322.65,328.2,335,340.5,344,347.9,345.1,345.85,341.1,344.65,350.75,352.35,346.5,350.3,353.55,348.9,339.35,331,334.85,327.65,338.5,350.55,342.8,345.95,339.7,334.75,334.75,344.55,345.05,356,359.4,355.15,354.9,355.25,345.95,337.25,336.1,324.8,317.6,318.8,324.15,332.15,328.7,338.05,345.05,348.45,340.7,338.05,331.8,334.9,334.15,328.95,329.5,332.7,322.95,323.3,320.75,316.65,311.85,318.6,319.75,324.6,326.15,323.15,314.5,309.65,309.5,318.3,311.1,312.45,309.35,305.15,309.95,314.95,315.15,309.95,319.6,313.7,311.9,316.85,312.55,317.6,301.35,294.45,294.85,292.4,288.2,288.15,282.95,287.25,290.35,293.05,288.6,288.25,280.3,277.05
JUBLFOOD,694.7,702.2,707.8,672.1,681.3,686.55,682.9,675.8,679.35,672.7,691.65,704.15,703.9,708.1,718.75,718.1,739.2,756.15,759.1,766.6,759.25,750.4,745.6,737,706.6,708.9,700,689.6,692.7,694.55,673.4,664.65,687.7,671,638.65,666.25,688.3,688.95,703.9,729.4,724.3,725.05,694.05,688.4,677.8,661.3,641,662.1,669.3,681.65,693.05,709.45,713.4,692.35,674.75,680.95,670.9,626.1,633.35,610.25,621.35,609.45,602.8,601.3,613,602.95,596.35,627.9,637.4,627.6,629.05,658.1,668.25,660.85,674.6,664.35,660.85,682.6,692.7,679.6,669.65,681.95,685.05,685.3,701,703.05,697.75,695.75,702.3,713.45,716.5,694.3,705.2,708.3,715.4,699.95,720.65,706.05,707,671.85,670.2,696.1,701.7,693.8,683.75,674.3,694.5,679.35,674.4,674.25,664.45,661.55,665.5,659.75,670.35,655.55,660.4,656.2,686.2,686.1,695.2,699.25,695.2,685.6,667.85,681.45,692.55,677.65,681.55,683.3,695.8,693.4,695.55,713,711.15,709.95,701.8,709.75,708.7,706.95,710.05,684.1,688.2,682.95,688,678.6,679.8,691.25,693.95,689.5,681.8,679.35,662.1,658.95,656.1,649.05,645.95,652.65,656,655.5,641.95,648.8,641.5,630.05,635.7,624.45,630.45,632.85,639.75,631.85,635.2,634.05,634.2,627.35,619.15,647.8,640.8,635.55,627.75,630.9,635.6,634.85,654.2,656,659.8,663.8,657.05,651.65,635.15,631.8,632.95,627.7,626.45,626.4,622.8,616.7,630.4,621.7,606.9,607.05,617.4,619.4,628.45,623.35,613.9,603,599.15,602.3,597.1,583.65,584.7,595.3,592.65,590.75,590.7,599.4,590.55,595.7,600.75,613.05,613.25,597.85,600.4,593.45,583.25,576.5,584.35,580.05,585.3,573.5,615.3,603.2,600.35,595.15,591.15,589.05,589.05
COHANCE,1068.6,1055.5,1075.2,1080.5,1088.7,1092.1,1092.2,1108.8,1066.5,1047.7,1022.5,1014.2,1021.8,1063.7,1055.1,1027,1015,1002.3,1009.3,1004.5,993.5,995.1,1009.6,990.7,983,982.5,985.4,976.9,1002,944.1,967.9,960.3,967.8,1007.4,1036.5,1019.45,998.15,990.45,995.95,1017.95,1031.25,1056.65,1063.8,1097,1083.35,1070.65,1064.9,1043.5,1035.8,1019.5,995.45,1011.55,997.4,998.45,979.35,958.5,961.6,936.15,932.85,933.1,941.55,950.75,986.05,913.85,897.35,920.4,894.75,898.05,884.7,898.25,880.85,871.65,880.6,899.2,909.6,905,899.3,922.9,1012.95,1019.8,989.85,996.4,980.4,985.4,990.7,966.35,912.7,909.4,901.65,899.35,898.05,899.9,869.3,876.4,879.1,870.5,875.7,869.7,874.05,861.25,881.5,904.75,885.4,867,869.2,898.35,889.95,878.4,898.3,886.65,876.4,850.45,859.7,786.45,778.95,753.4,742.85,742.75,723.85,707.6,704.95,691.05,689.9,629.1,615.5,611.45,596.45,582.25,581.85,589.3,569.8,560.8,568.15,574.7,564.4,552.8,545.6,543.7,549.1,542.55
JKCEMENT,4562.95,4599,4699.8,4650.85,4749.1,4758.05,4669.55,4619.15,4577.3,4517.8,4585.55,4563.7,4595,4572.45,4572.7,4595.4,4582.35,4745.35,4726.55,4701.75,4823.55,4753.1,4738.8,4543.55,4364.35,4388.55,4457.7,4544.9,4541.2,4503.2,4578,4638.45,4789.05,4755.9,4786.3,4831.2,4890.8,4800.35,4834.85,4751.35,4878.95,4934.85,4898.3,4879.7,4810.45,4823.05,4749.65,4795.95,4657.25,4637.9,4517.45,4621.85,4672.55,4580.15,4589.75,4575,4517.15,4389.35,4448.75,4405.6,4464.1,4505.1,4421.55,4397.45,4346.85,4350.65,4271.3,4350,4497.4,4639.65,4660.65,4822.5,4740.75,4749.25,4712.45,4885.8,4932.65,4932.4,4992.6,4997.9,4954.7,4799.2,4886.15,4884.9,4957.45,5059.4,5050.9,5060.8,5054.6,5151.9,5081.6,5262,5245.3,5124.6,5152.4,5112.7,5162,5160.5,5104.5,5048.5,5061.5,5108,5119,5202,5308.5,5246.5,5251.5,5276,5145.5,5145.5,5094,5108.5,5213,5292,5453,5402.5,5497.5,5478,5493,5579,5715,5876.5,5772,5766,5971.5,6001.5,6082.5,5978.5,5901,5876,5814,5693.5,5668.5,5832.5,6032.5,6063,6336,6150,6136,6159,6347,6252,6246,6297.5,6392.5,6410,6447.5,6510.5,6456,6490.5,6430.5,6498,6416,6490,6614.5,6622,6479,6439,6502,6613,6659,6681.5,6784,6928,6960,6888.5,7051,6962,7025,6940,7001.5,7305.5,7398.5,7539,7134,6841,6949.5,6933.5,6986,6946.5,7067.5,6994,6755.5,6678.5,6634,6797.5,6692.5,6586,6625,6555,6475,6689,6777.5,6800,6862,6859.5,6850.5,6669.5,6581,6347.5,6314.5,6300,6305,6318,6348,6470,6430.5,6581,6621,6630.5,6725,6501,6555,6490,6428.5,6466,6359,6257.5,6399,6420.5,6332.5,6245.5,6214,5899.5,5775.5,5702,5636,5611,5526.5,5500.5,5626.5,5556,5606.5,5487,5707,5633.5,5621
BOSCHLTD,35895.15,35927.55,36217.55,36270.75,36469.6,36499,35768.45,35771.75,35534.3,34576.95,34525.05,34405.25,34190.1,34089.65,33797.8,34100.2,34032.55,34428.65,34253.55,33471.1,32959.7,33014.75,32829.65,31713.85,30979.75,31621.7,31463.95,31354.35,31399.8,31136.75,30611,30582.7,30990.5,30356.5,29704.05,29797.05,28155.7,28583.55,28729.15,28477.45,28621.2,28363.05,28155.85,28045.15,27696.65,27223.45,27390.5,27350.4,27004.55,26911.25,26977.6,27295.4,27417.95,27334.1,26998.4,27164.55,26822.15,26544,26691.55,26259.7,27073.45,27070.05,27033.4,26799.35,26982.55,26807.1,26378.35,26421.2,27343.65,27557.3,27623.85,27432.25,28276.8,27448.1,28072.05,28355.5,28358.45,27884.1,28024.1,28013.9,27289.1,26588.25,26516.3,26182.7,26359.25,27090,27370,27505,27800,28020,28415,28430,27995,28315,29165,29455,29580,30365,29915,30475,30010,30000,31005,31145,31420,31730,31655,31560,31515,31655,31740,32130,32485,32485,31630,31255,31415,31230,31355,31415,31455,31595,31690,31545,31895,31520,31585,32280,32215,32390,32375,32290,31575,31500,31755,32215,32260,32680,32315,32445,34405,35930,36045,35490,35800,36195,36525,37845,38320,38475,38645,38250,38320,37755,37980,37910,37830,38235,39915,40060,40385,40390,41115,40595,38255,38570,38325,38710,38610,38660,38585,39335,39860,39935,39475,39325,39085,39510,39225,39960,40785,41315,41100,40740,40910,41355,41495,41005,40655,39885,39445,39920,39775,39885,39790,39570,39390,38760,38525,38150,38345,38145,38320,38630,38800,38770,38350,38465,38625,38535,38010,38380,38510,38755,39215,39200,38920,38585,39005,38540,37380,37210,37245,37025,37850,37020,36810,37280,36680,37255,37385,36955,37450,37045,36870,37050,36500
NYKAA,166.04,172.56,169.91,169.8,168.18,174.56,176.37,173.3,170,167.33,160.05,161.94,160.85,159.66,161.95,163.76,164.68,165.32,167.84,171.52,172.31,169.52,170.2,169.7,164.54,164.93,172.77,174.98,172.88,172.19,168.2,165.27,170.31,167.37,166.88,167.78,170.6,168.59,168.9,178.9,178.98,174.32,173.82,173.46,169.44,166.83,171.93,170.41,168.66,173.49,170.9,170.77,165.58,164.22,163.76,163.14,160.68,158.8,159.45,161.75,165.38,168.76,164.79,162.48,165.79,164.34,164.56,164.58,167.11,164.84,168.08,172.52,173.25,169.51,171.95,174.55,179.08,179.83,179.89,179.37,176.78,171.3,176.75,177,179.9,185.86,189.84,189.45,192.15,187.94,192.95,194.37,191.57,194.07,194.72,194.37,193.47,196.27,194.46,195.64,192.46,193.03,198.97,197.63,197.35,197.32,201.8,196.65,199.03,200.48,201.44,203.29,200.26,201.13,200.83,204.51,203.26,194.55,195.48,195.05,198.13,197.2,202.03,199.3,199.06,194.49,194.73,195.1,194.06,196.21,193.99,197.07,203.53,198.36,204.14,206.85,209.86,208.39,207.05,211.59,202.31,198.23,201.52,202.59,213.37,217.14,217.23,220.03,216.06,215.7,217.47,212.86,215.03,220.03,218.71,215.62,212.23,208.75,210.43,213.84,209.62,210.06,212.9,211.39,208.62,209.9,202.13,203.54,204.64,215.04,215.14,219.17,226.83,225.18,224.95,224.94,229.54,231.65,233.84,230.15,233.73,232.52,237.71,239.53,242.64,247.28,241.49,238.72,237.83,239.17,240.98,243.74,242.64,245.93,243.62,242.4,237.71,237.05,236.46,230.62,231.35,232.38,241.26,239.81,255.34,262.4,257.42,264.11,265.19,261.48,255.79,261.62,263.31,261.14,257.48,256.86,253.72,250.59,255.14,256.86,258.06,256.77,247.94,250.08,250.83,246.14,245.87,260.82,262.02,256.81,256.95,260.13,268.74,269,269.15,268.74,268.52
TRENT,6949.7,6878.05,7063.3,7012.5,7000.25,7000.35,6941.65,7113.75,7092,6831.55,6946,7007.15,7063.7,7118.3,6954.35,7123.35,7068.05,7321,7307.7,6998.35,6874.3,6699.1,6621.7,6584.1,6224.4,6161.15,6390.25,6211.55,6216.55,6090,5736.95,5626.35,5733.6,5490.45,5412.6,5455.1,5597.15,5511.2,5753.2,6135.1,5750.3,5749.95,5277.1,5454.4,5196.75,5228.35,5237.3,5256.8,5117.35,5096.45,4997.75,4991.45,5099.5,5048.2,5066,4959.9,4805.3,4851.55,4946.9,4999.8,5106.1,5069.5,4999.85,4799.7,4995.45,5015.35,5022.4,5150,5260.25,5230.85,5221.55,5150.05,5054.7,5185.05,5321.95,5422.3,5325.15,5576.75,5682.5,5675.3,5562.85,4740.95,4767.2,4620.2,4780.55,4877,5035.5,5130.5,5360,5323,5329,5323.5,5145,5209.5,5391.5,5172.5,5148,5370.5,5224,5233,5226.5,5113,5441,5326.5,5362,5577.5,5583,5551,5449.5,5443.5,5342,5435.5,5526,5573,5559,5657,5643.5,5621.5,5590,5506.5,5673,5777,5913.5,5814,5776.5,5627.5,5590,5679.5,5626.5,5735,5723.5,5897.5,6120,6057.5,6124.5,6107,6019.5,6217.5,6144,6222.5,6191,5456,5499,5440,5408,5431,5364,5314.5,5390,5382,5417.5,5375,5376,5360.5,5359,5154,5043,4994,5001.5,5043.5,5018,5180,5249,5317.5,5356.5,5303.5,5317,5443.5,5365.5,5398.5,5370.5,5519,5496,5453,5452.5,5418,5423,5295,5235.5,5298,5450,5412,5479,5529,5528.5,5315.5,5218.5,5193,5171,5130,5133,5147.5,5197.5,5144,5080,5010.5,4891,4897,4742.5,4679,4730.5,4677.5,4832,4815.7,4777.3,4686,4616.6,4660.9,4691.1,4681.6,4617.2,4724.2,4793.4,4814.4,4802.3,4791.1,4783.3,4789.6,4798.7,4725.4,4780.6,4744.5,4694.3,4713.4,4660.6,4679.2,4627.3,4283.7,4315.8,4375.8,4326.4,4391.2,4404.6,4374,4358.9,4388.9,4359.1
SAIL,22,24.55,25.7,24.75,24.53,23.56,23.35,23.71,24.06,23.6,24,23.57,23.27,23.41,23,22.05,19.74,19.27,19.27,18.12,18.7,19.82,19.74,19.95,19.88,20.25,21.23,21.8,21.54,20.52,19.54,18.75,18.29,18.95,17.55,15.96,16.51,16.34,17.82,17.12,17.56,17.22,17.41,16.89,17.08,15.65,16.05,16.33,17,17.12,17.07,17.32,17.16,17.47,18.7,19.39,17.84,18.38,18.79,18.62,19.83,19.58,18.99,18.63,18.63,18.35,17.79,17.18,17.24,17.09,17.54,17.61,17.37,17.62,17.34,17.78,18.05,18.02,19.07,19.18,19.65,22.53,23.3,22.61,23.4,22.95,22.95,22.6,23.52,24.26,23.19,23.61,22.77,22.86,21.71,21.73,22.16,21.97,21.91,21.91,20.92,20.18,20.63,20.36,20.6,20.43,21.32,20.65,20.68,20.79,20.47,20.24,20.51,21.68,21.84,22.34,20.62,20.6,19.5,20.24,20.03,19.19,18.34,18.95,19.9,19.83,20.47,20.33,19.66,19.59,19.51,20.5,20.34,20.11,20.37,20.77,20.64,20.98,21.03,21.06,21.98,22.39,20.66,19.81,20.84,21.61,21.69,21.61,21.11,22.43,22.74,23.11,22.36,22.36,21.92,22.31,22.08,22.79,23.36,23.52,23.63,22,22.43,23.3,21.73,21.92,22.31,22.85,22,21.9,22.6,22.68,22,22.23,22.35,22.78,22.49,21.44,21.55,21.68,21.49,19.96,19.76,19.94,19.79,20.32,20.18,20.25,19.19,19.92,18.49,18.73,18.48,17.61,18.62,18.54,18.75,18.36,18.42,18.4,19.14,19.42,19.85,20.24
SHYAMMETL,848.3,868.4,855,837,834.35,823.45,812.95,792.45,799.05,768.45,741.7,749.8,736.5,746.35,717.25,729.4,745.9,742.5,776.85,762.05,781.05,783.65,785.3,784.4,765.6,750.15,745.7,765.7,771,804.6,818.15,800.95,796.75,775.75,735.3,717.55,739.25,779.6,763.4,764.5,767.6,783.2,783.25,781.45,760.8,738.7,729.8,739.8,733.7,722.65,723.2,692.8,716.35,728.65,721.75,713.25,712.5,711.35,702.5,724.05,744.55,758.3,824.2,816.2,802.6,818.95,825.35,845.45,859.6,852.35,869.3,863.6,854.4,855.45,853.95,853.3,860.5,914.4,908.7,858.3,812.2,835.95,834.8,843.85,875.5,898.95,900.05,910.8,910.1,899.2,902.8,886.1,871.3,875.1,860.85,859.3,880.95,880,876.55,879.9,865.8,892.2,913.75,907.95,936.85,937.75,906.95,911.15,908.4,903.85,903.55,871.6,873.15,870.5,870.35,843.1,870.5,856.65,852.35,865.55,870,879.6,878.75,858.1,847.35,836.4,838.8,835.45,827.7,818.55,826.35,833.45,833.8,844.35,864.05,855.6,870.4,874.6,878.95,877.15,878.55,872.75,869.75,860.2,858.55,850.55,855.3,871.95,902.4,919.8,910.9,919.95,935.8,925.75,951.9,969,957.7,992.15,985.6,986.6,978.6,977.65,982.1,950.65,968.45,952.35,953.15,949.25,964.1,957.3,968.3,946.05,947.1,949.05,940,947.85,941.45,905.9,905.3,902.5,902.3,934.6,922.65,928.85,945.35,930.15,919.05,920.35,917.75,922.9,924.85,913.55,915.25,908.2,918.35,902.85,918.8,920.35,907.25,908.9,913.3,924.35,970.8,959.35,927.35,931.45,945.7,931.65,925.85,928.4,915.6,916.1,918,924.75,927.1,908.3,903.65,897.1,905.15,915.7,906.25,877.85,901.2,886.8,839.3,860.55,851.3,854.8,863.65,852.55,855.8,856,847.55,836.7,835,826.2,811.85
FIRSTCRY,588.5,587.4,599.45,605.3,590.45,616.15,607,624.05,606.15,638.75,614.85,630.15,638.1,636.1,617.95,652.05,650.2,653.4,649,614.05,608.75,580.95,554.7,544.25,502.35,498.4,486.05,494.6,490.5,481,461.7,449.8,480.6,468.45,460.5,447.65,463.75,476.65,477.9,469.15,477.75,475.25,463.8,418.4,416.35,418.35,414.95,410.1,405.35,387.9,377.6,392.85,417.05,405.15,390.25,388.7,377.35,376.55,378.2,363.8,365.45,413.5,392.75,370.5,374.6,380.15,377.1,370,375.25,376.95,364.7,364.8,376.35,371.65,351.85,388.55,367.9,367.15,368.8,368.4,357.5,321.4,324.75,317,327,338.45,334.6,348.6,356.3,366.6,364,353.3,339.05,334.45,330.8,339.25,330.95,330.5,322.7,326.5,326.05,320.15,349.7,344.15,340.1,349.55,358.8,351.45,345,355.85,357.95,373.05,375.15,352.55,355.2,352,348.45,341.25,371.95,364.6,399.4,414.9,407.6,396.1,385,379.55,378.1,378.05,373.8,370.15,347.85,339.9,339.45,334.2,339.15,396.8,390.8,386,377.6,376,374.65,364.3,371.75,372.5,383.5,377.65,379.85,385.4,378.35,381.4,381.1,376.25,368.1,366.4,362.8,358.25,357.1,354.9,352.2,347.15,343.35,348.15,364.85,360.7,357.05,366.75,365.3,370.45,375.15,374.9,370.45,370.05,372.45,383.5,389.1,383.8,379.3,375.25,355.25,362.2,356.2,360.9,362.35,352.2,401.1,406.7,409.35,390.9,390.1,391.7,397.65,393.35,388.7,389.95,390.15,379.2,388.25,386.35,378.7,362.85,362.05,363.8,370.2,372.1,369.8,377.9,371.7,374.45,374.2,367.55,360.25,364.2,364.6,365.4,364.5,363.5,357.5,361.3,352.3,351.35,355.3,350.2,348.4,348.6,348.9,344.35,337.2,336.8,335.05,341.4,343.1,335.55,333.2,325.05,322.05,321.2,316.95
NCC,162.4,137.6,134.2,141,141.6,144.2,144.2,144.8,144.4,147,144,149,145.8,147,150.6,148.4,148,144.4,142.6,141,138.4,138.4,137.6,136.8,140,137.2,137,136,138.8,138.6,138.8,141.8,141.6,141.8,141.4,141.6,142.8,139.6,139.6,140,143.2,142,143.4,144.4,142.2,139.6,136,136,137.4,136,130.4,131,129.6,129.2,129.4,127.8,130.4,133.6,131.6,136,132.8,135.4,131.2,130.6,130.8,129.2,131.2,136.6,140.2,137.4,138.2,136,138,141.6,140.4,137.8,141.4,139,140.4,141.6,142.6,136,131,132,127.4,129.8,129.2,130.2,136.8,135.8,135.8,135.8,136.4,139.8,140.2,144.4,145.6,147.2,146.8,146.8,147.2,146.2,151.2,151,154,154.2,154.8,155.2,157.6,157,156,157.2,156.6,157.6,156,157.2,156.8,156.2,156.6,156.8,159.4,157.8,159.8,161.2,163,163.8,166.2,164.8,167.2,162.6,165,146.6,146.4,141.6,142,143.4,141.6,142,145,144.8,140.6,143,142,144.2,147,143.8,143.4,143.4,143.2,141,141.6,147.2,148.6,146.2,148.4,146.6,146.6,149,152.2,150.4,151,150.4,148.8,146.4,146.8,144.6,144.4,143.6,143.6,142,142,142.4,141,142,144,144,145.2,147.6,147.8,146.2,143.6,145.4,147.6,144.4,144,146.6,145.4,148.4,147.8,146.2,143.4,143.4,143,142.6,142.8,146.4,145.4,142.8,146.6,144,142.2,143,146.8,147.8,147,147.4,148,146.6,145,144.4,145.8,145.4,145.6,144.6,145.4,145.8,143.6,144.2,145.6,157.8,157,154.6,152.6,151,149.6,147.2,149.4,151,149.4,149.6,144.4,143.2,145.4,146.6,145.8,145,143.8
IOC,48.28,48.47,48.51,48.73,48,47.5,46.93,47.3,45.76,46.23,46.86,48.14,48.07,48.46,48.81,47.55,47.2,47.16,45.88,45.26,45.03,45.65,44.6,44.77,44.71,44.01,44.23,43.06,43.48,43.44,43.84,44.29,44.13,45.14,44.99,45.2,44.01,45.2,43.75,42.06,41.63,41.62,40.93,42.11,40.78,40.21,39.92,38.92,38.87,38.81,40.19,42.03,42.22,44.06,42.79,44.3,42.99,42.7,42.51,42.71,42.57,41.01,41.89,42.84,42.62,45.37,43.9,46.18,46.01,44.51,44.5,44.63,43.91,44.79,43.82,42.25,43.5,42.1,40.1,39.12,39.9,38.87,39.33,40.18,40.5,40.53,41.02,40.87,41.83,43.39,43.95,44.04,43.75,45.39,45.62,44.94,43.43,44.18,43.69,44.93,45.4,45.99,46.07,46.64,45.29,46.25,46.95,46.29,46,47.29,46.4,46.43,46.01,45.98,46.13,46.25,46.59,47.37,45.98,45.35,45.53,45.38,45.35,45.02,45.03,43.97,44.19,44.45,44.53,45.38,44.46,44.68,44.45,44.77,44.04,44.93,45.06,45.11,44.88,45.44,45.2,44.05,44.23,44.53,44.44,44.45,44.39,44.74,43.38,43.57,44.19,43.52,43.22,43.79,45.6,46.69,45.52,44.98,44.96,45.82,45.42,45.18,45.9,45.5,46.53,45.98,46.89,46.48,46.87,46.96,46.39,47.12,47.7,48.27,47.84,47.36,47.75,48.5,47.8,47.77,48.67,48.55,48.13,49.23,49.48,50.1,50.28,50.8,50.52,50.56,49.64,49.14,49.98,49.76,49.32,50.14,50.06,50.08,50.12,49.69,49.1,49.2,49.13,49.7,49.41,48.5,48.6,48.9,47.83,48.77,49,47.84,48.02,47.47,47.49,47.62,47.85,48.8,48.65,49.42,48.71,49.78,49.93,50.42,49.28,49.61,49.25,50.74,50.98,52.32,52.9,53.14,53.74,52.5,53.28,52.08,53.12
GILLETTE,9856.2,9997.2,9973,9802.25,9630.65,9802.6,9756.45,9780.2,9687.25,9414.4,9085.55,9707.05,9418.3,9392.2,9449.85,9553.15,9754.35,9860.9,9898.55,9585.15,9894.2,9741.9,9717.3,9653.05,9491.9,9516.8,9462.15,9380.55,9398.95,9380.95,9521.35,9381.2,9528.85,9389.1,8996.2,8681.6,8698.2,8686.2,8607.25,8722.5,8490.75,8694.1,8905.7,8908.85,8852.9,8512.3,8214.5,7955.7,7577.6,7451.6,8229.85,8460.4,8434.05,8247.55,8392.45,8226.7,8117.55,7885.3,7816.2,7783.1,8007.25,8000.85,7861.35,7872.85,7983.3,7888,7774.3,8245.45,8081.1,8209.4,8100.15,8049.15,7964.05,7911.75,8033.2,8023.25,7993.4,8088.4,8072.7,7956.7,7765,7943.55,7883.1,7938.7,7969,7805.5,7811,7881.5,8069.5,8330,8304.5,8167,8123,8107.5,8036.5,7900.5,7987,7934.5,7966,7892,7807.5,7937.5,7957,8213,8266.5,8610,8629,8703.5,8848,8725.5,8754.5,9389,9400.5,9353,9315.5,9423,9469,9647,9947,10232,9807,9774.5,10138.5,10235.5,10264,10287,10136.5,10430.5,10367.5,10390,9900,10036,10321,10482,10780.5,10782.5,10909.5,10752,10688,10696,10689,10773,10692,10599,10442,10749,10691,10996,10952,11140,11258,10951,11052,11211,10946,10676,10554,10486,10642,10833,10712,10550,10720,10632,10649,10225,10326,10399,10485,10262,10507,10473,10520,10423,10395,10330,9993,9932,10095,10066,10173,10128,10548,10461,10323,10301,10115,10060,9959,10006,9909,9977,9940,10352,10148,10012,9840,9681,9529,9479,9480,9598,9486.5,9420,9467.5,9412.5,9496,9540,9490,9425.5,9251,9365.5,9363,9336.5,9410.5,9313,9224,9153.5,9114.5,9063.5,9103.5,9016.5,8868,8759.5,8706.5,8480.5,8476,8284.5,8509.5,8463.5,8539,8586.5,8343.5,8342.5,8404,8276.5,8445.5
ACE,1,1,1.13,1.15,1.16,1.15,1.14,1.14,1.1,1.12,1.13,1.14,1.13,1.14,1.11,1.13,1.13,1.12,1.12,1.1,1.08,1.07,1.03,1.03,1.03,1.06,1.06,1.06,1.06,1.05,1.06,1.05,1.07,1.08,1.18,1.23,1.25,1.24,1.23,1.24,1.25,1.25,1.24,1.21,1.23,1.25,1.27,1.26,1.26,1.25,1.27,1.27,1.26,1.24,1.21,1.15,1.21,1.15,1.09,1.12,1.11,1.1,1.07,1.11,1.12,1.08,1.09,1.13,1.1,1.12,1.11,1.09,1.09,1.1,1.09,1.11,1.07,1.06,1.06,1.03,0.99,0.95,0.98,0.97,1,1.01,1,0.98,1,0.96,0.97,0.98,0.97,0.97,1.05,1.04,1.04,1,1.05,1.01,1.01,1,1,1.09,1.15,1.1,1.07,1.08,1.07,1.06,1.01,1,1,0.98,0.93,0.92,0.97,0.94,0.91,0.89,0.89,0.88,0.9,0.92,0.93,0.95,0.98,1,1,0.91,0.87,0.9,0.86,0.93,0.92,0.92,0.95,0.97,0.97,0.95,0.96,0.96,0.97,0.99,0.95,0.95,0.94,0.96,0.95,0.95,0.94,0.93,0.91,0.9,0.9,0.9,0.94,0.96,0.95,0.93,0.92,0.95,0.94,0.93,0.94,0.92,0.93,0.94,0.95,0.93,0.93,0.93,0.93,0.92,0.93,0.92,0.91,1.06,1.04,1.02,1.04,1,1,0.98,0.95,0.97,0.94,0.94,0.92,0.9,0.91,0.96,0.99,1.05,1.06,1.1,1.1,1.11,1.1,1.08,1.08,1.09,1.18,1.3,1.3,1.35,1.4,1.68,1.79,1.74,1.82,1.78,1.78,1.76,1.79,1.75,1.75,1.65,1.63,1.68,1.69,1.68,1.8,1.78,1.8,2,2.07,2.08,1.91,1.88,1.93,1.93,1.95,1.86,1.86,1.83,1.81
CREDITACC,938.45,916.6,903.4,893.8,897.85,894.5,873,859.85,841.2,813.9,826.15,826.6,834.95,839.65,909.25,886.55,890.9,954.65,934.55,911.25,911.1,1029.1,999.55,976.2,915.05,959.05,900.6,906.05,910.95,999.5,959.5,959.7,971.3,916.6,923.8,961,1069.2,1067.65,1082.85,1016.7,1002.2,1067.7,1077,1072.8,1055.05,996.1,998.5,1045.65,966.1,1015.35,962.9,893.1,875.1,866.35,853.5,866.45,971.45,919.1,897.15,902.55,920.25,985,964.75,936.75,929.75,925.4,923.25,934.7,943.8,971.55,1009.5,995.85,966.95,921.55,985.65,951.95,966.65,978.95,1011.35,1001.5,956,996.55,1017.25,1023.1,1051.75,1082.15,1120.6,1168,1145.25,1135.85,1148.65,1120.7,1095.1,1147.05,1088.55,1162.9,1170.3,1104.3,1137,1138.4,1125.9,1162.5,1187.8,1190,1195.5,1204.7,1120.5,1101.9,1101.2,1118.8,1117.4,1143.7,1173.8,1185.9,1168.6,1144.5,1157.7,1164.1,1170.3,1182.8,1199.8,1205.1,1196.6,1221.8,1190.8,1181.4,1195.1,1149.3,1140,1119.7,1113.3,1126.6,1161.9,1202.9,1186.6,1218.4,1209.7,1257.3,1268.2,1241,1290.5,1285.1,1297.7,1282.8,1280.2,1306.5,1323.8,1298.6,1297.2,1288.6,1269.7,1293.8,1279.7,1354.9,1365.6,1308.2,1273.7,1238,1239.8,1248.3,1246.3,1237.4,1242.6,1209.8,1244.6,1237.8,1259.1,1301.9,1296.8,1334.2,1346.5,1347.9,1363.4,1395.8,1398.6,1387.8,1363,1343,1399.9,1403.2,1391.9,1382.4,1356.8,1340,1336.7,1305.1,1296.7,1298.3,1292.6,1322.1,1323.6,1360.2,1388.7,1363.4,1360.6,1357.5,1391.2,1416.5,1377.5,1335.8,1353.2,1400.8,1410.9,1399.4,1392,1375.5,1381.7,1380.1,1407.8,1370.7,1390.4,1392.4,1288.9,1286.8,1295.7,1333.9,1422.5,1472.2,1477.1,1403.7,1472,1423.6,1409.2,1377.9,1337.5,1346.9,1407.8,1369.2,1367.8,1355.8,1366.7,1356,1328.5,1321.2,1328.3,1359.2,1392.3
INDIACEM,345.75,344.15,344.75,342.2,344.65,338.85,333.2,340.05,340.45,339.15,366.25,372.45,374.05,372.55,380.45,376.35,377.35,377,378.2,375.6,377.6,377.2,376.7,376.8,376.8,377.55,377.55,378.15,379.1,379.25,348.55,319.65,311.7,295.15,276.55,268.25,278.6,268.45,264.1,265.65,279.8,280.9,281.55,278.85,276.5,278.15,279.55,281.75,282.05,276.3,270.35,268.95,259.75,258.85,255.7,250.6,246.65,253.4,256.55,295.2,296.2,295.1,297,288.65,280.6,280.6,272.85,267.45,274.35,274.7,274.85,279.6,282.7,274.85,267.85,277.15,277,281,280.4,283.4,277.65,275.85,273.3,274.15,280.65,285.95,282.5,288.4,288.65,289.1,288.2,291.05,287.8,290.4,315.15,307.95,305.7,310.2,310.35,315,311.15,308.6,318.75,318.2,321.85,322.8,319.85,321.25,321.35,318.5,328.8,332.55,327.05,337.45,336.2,336.75,317.15,329.5,351.7,340.9,334.95,342.5,342.4,347.45,339.7,331.9,333,336.05,327.25,323.6,319.6,306.15,311.5,311.7,334.35,334.95,342.2,344.85,346.2,348.75,342.95,344.2,346.6,348.9,348.3,348.55,346.55,345.8,347.8,344.65,350.75,347.1,343.45,370.95,370.2,360,359.1,356.05,365.7,371.4,369.1,362.1,361.5,373.25,368.3,357.95,355,357.1,368.8,368.9,368.9,370.95,373.25,370.25,390.95,376.5,381.9,383.15,384.55,381.5,383.65,385.1,403.75,401.5,395.2,403.25,391.65,389.55,394.55,391.65,398.35,400.7,406.35,399.35,398.7,391,381.7,386.5,383.35,385.55,382.85,384,391.2,386.75,393.75,393.05,387.7,392.75,391,392.45,384.95,393.6,394,391.9,392.15,390.75,391.5,390.3,386.7,386.8,391.35,400,402.35,401.9,398.2,389,378.45,378.7,390.8,392.25,394.35,392.85,412.15,411.3,416.9,407.8,403.7
SHREECEM,26711.25,27119.3,27305.5,27228.75,27591.45,28091.25,28352.2,27908.8,27617.1,27063.5,27199.9,26707.7,26342.7,26049,25790.35,25694.2,25504.25,26689.9,26096.25,25908.6,26003.9,26027.45,25961.8,25738.3,24874.5,25130.2,25294.6,25417.45,25315.45,25146,25086.75,25292.55,25926.8,25783.15,25131.4,26033,26651.35,26830.5,27795.9,27555.35,27933.4,28402.1,27822.55,28249.1,28044.05,27989.75,28235.05,28225,28556.05,28309.15,28361.2,28655.15,28496.75,28405.7,28292.4,28197.45,28306.4,27284,27678.9,27363.35,28155.45,28061.75,27985.2,27883.65,27937,27531,27495.15,27700.05,27824.7,28527.85,28628.85,28987.4,29442.65,29544.05,29931.1,30146.45,30502.95,30246.4,30273.4,30902,30694.5,29751.55,30433.2,30370.25,30107.95,31125,30800,31000,31155,30910,30365,30705,30540,30400,30025,29710,29335,29470,29485,29570,29410,29230,30135,30145,30620,31400,31615,31600,31525,31490,31410,31495,31100,30950,29895,29915,29595,29410,29375,29440,29515,29600,29825,29825,29830,29690,29610,29805,29620,29305,29310,28875,28565,28505,29075,30105,31030,31030,31185,31640,31420,31315,31105,31300,31615,31175,31210,31100,31080,30955,30845,30790,31535,32345,32115,31745,30950,30695,30410,30590,30810,30675,30645,30205,30570,30655,30415,30640,30410,30410,30400,31340,30905,30690,30605,30005,30015,30110,29675,29275,29870,29995,29940,29945,30040,30485,30190,29890,29830,29580,29275,29575,29685,29960,29880,29705,29790,29650,29515,28910,29735,29265,29295,29180,29295,29530,29285,29485,29445,29615,29615,29940,30010,29690,28880,28950,28970,28705,28590,28585,29210,28740,28310,27975,27600,27450,27375,27090,27035,27095,26995,26700,26680,26420,26510,26480,26480
PAYTM,971.95,967,955.6,955.6,984.25,1007.05,1014.65,1009.05,996.1,945.25,966.1,982.55,1002.35,1014.25,1020.9,1017.85,987.6,982.4,982.8,969.05,983.2,902.05,894.65,847.7,789.7,817.9,859.05,895,900.15,898.6,854.3,841.35,849.1,807.45,779.95,769.2,808.65,771.9,775.75,774.7,781.7,803,798.1,809.8,775.25,749.85,745.4,755.4,724.05,733,718.05,744.7,755.55,766.15,755.1,734.7,725.55,714.95,726.45,698.5,708.9,706.35,684.85,665.25,713.35,702,682.85,741.4,763.1,734.4,751.05,765.4,777.4,776.9,810.1,783.45,801.1,817.95,836.4,817.05,790.55,815.15,811.2,840.7,840.15,864.95,849.6,878.15,881.9,884.1,905.75,875.65,881.75,870.7,864.75,833.05,866,814.85,873.5,835.15,832.65,866.05,855.85,850.7,857.2,852.35,870.95,850.75,843.1,828.45,843.95,870,866.55,852.6,877.1,890.45,924.35,928.25,939.55,941.3,961.95,969.05,961.3,960.45,895.4,882.25,877.35,865.15,891.5,868.2,871.2,883.45,898.5,894.7,915.75,919.35,924,930.25,926.7,925.3,930.85,920.8,911.05,907.7,940.55,951.15,974.7,988.45,1005,999.4,1001.6,1017.7,1051.05,1071.15,1106.25,1067.75,1094.2,1073.1,1068.2,1089.35,1076.4,1078.2,1053,1055.4,1065.3,1062.4,1122,1120,1155,1151.3,1173.8,1226.2,1248,1245.6,1264.6,1276.1,1253.1,1230.8,1207,1235.8,1257.9,1288.3,1241.1,1254.7,1253,1219.1,1237.6,1224,1219,1228,1231.3,1222.1,1229.3,1177.2,1196.2,1179.4,1162.2,1141.4,1125.2,1119,1123.8,1148.6,1168,1224.2,1237.6,1224.9,1246.3,1236.9,1249.4,1244.8,1277.3,1274,1285.3,1305.5,1308.2,1284.1,1287,1306.2,1309.7,1309.3,1309.8,1303.2,1274.8,1268,1320.6,1346.5,1330.7,1332.6,1306.2,1307.5,1299.2,1332.9,1295.5,1282.6,1283.9,1265.8,1260.7
IIFL,432.6,442.75,445.1,433.55,436.15,426.9,416.4,426.65,419.65,407.25,408.1,414.6,409.85,412.2,413,413.5,418.25,431.5,421,404.45,421.4,434.6,429.3,415.35,392.6,402.05,393.25,399.05,399.15,402,391,385.5,386.45,375.9,357.85,350.05,347.9,353.4,356.45,346.5,352.2,361.9,359.5,364.6,356.85,343.95,335.65,331.5,314.35,314.5,305.5,314.15,318.4,319.5,310.95,312.5,316.9,301.9,291.85,283.6,313.7,325.85,322.1,313.7,311.95,313.1,313.25,325.85,330.55,326.75,340,337,328.25,328.4,336.9,327.65,324.9,335.75,350.45,340.25,327.15,333.55,325.1,323.75,332.4,333.1,334.4,347.35,367.2,380.15,373.95,366.2,367,365.8,359.2,353.4,359.45,344.35,367.8,360.8,372.5,388.15,405.45,413.05,411.55,413.95,413,406.7,413.15,413.95,415.3,416.5,417.35,421.5,427.65,435.85,429.8,425,428,429.2,451.05,487.45,481.3,483.8,476,469.05,484.85,487.65,485.05,474.45,474.7,480,478.8,481.85,477.95,470.75,472.75,469.35,462.35,463.5,474.85,487.2,501.25,508.55,520.9,519.75,523.55,525,526.75,527,532.95,536.45,529.8,533.85,529.15,516.85,496.25,514.9,503.85,477.95,427.2,449.6,437.35,452.25,454.45,448.9,450.1,449.4,445.75,441.7,449,471.9,471.5,459.75,451.1,458.5,450.35,436.2,427.6,439,438.2,437,432.25,435,447.4,440.45,447.5,438.65,434.55,439.55,446.7,443.3,449.5,454.05,450.1,451,441.75,436.2,419.35,438.8,451.9,452.2,457.2,469.5,475.5,489.45,495.15,490,491.25,485.25,506.25,499.9,498.55,499.7,499.65,491.4,489.8,505.35,513.8,523,541.65,534.6,540.45,539.25,520.75,526.3,541.9,540.75,540.35,537.65,547.3,561.6,565.15,557.55,544.75,540,536.8
CEATLTD,3415.75,3223.95,3149,3185.8,3178.4,3147.35,3102.95,3091.2,3121.45,3010.95,3041.85,3067.7,3126.15,3253.45,3235.2,3232.35,3198.05,3186.05,3185.25,3070.2,3144,3120.05,3115.15,3084.2,3083.2,3043.85,3056.45,3044,3024.55,3014.7,2960.05,2853.35,2971.7,2949.9,2884,2843.1,2931.75,2902.45,2856.65,3005.25,3059,2971.5,2930.3,2872.15,2860.2,2730.8,2649.5,2636.85,2599.1,2664.25,2702.45,2707.05,2735.15,2733.9,2644.85,2702.45,2579.4,2532.5,2382,2399.1,2583,2575.25,2597.6,2578.55,2539.85,2603.5,2640.7,2736.25,2731.5,2767.2,2840.2,2857.2,2911.4,2882.7,2839.5,2879.5,2876.3,2899.95,2877.35,2867.35,2662,2692.45,2677.2,2832.5,2903.1,3023.8,3020,3026.1,2998.6,3019.8,3093.5,3034.5,3044.2,3060.4,3332,3376.3,3430.9,3575.9,3631,3674,3765.9,3750,3770.2,3895.8,3916.9,3831.5,3860.2,3838,3830.8,3832.2,3787.2,3736.1,3736.8,3738.9,3728.1,3778.7,3740.6,3653.4,3620.8,3708.3,3798.9,3797.8,3851.9,3849.4,3755.3,3708.8,3638.8,3594,3607.2,3554.6,3529.7,3501.4,3558.7,3646.8,3570.9,3645.3,3684,3655.5,3685,3682.6,3609.8,3655.5,3818.1,3863.4,3795,3723.5,3908.5,3888.5,3876.1,3855,3827.3,3600.9,3493.4,3487.2,3346.5,3377.7,3323.3,3352.8,3398.4,3313.3,3229.7,3245.8,3182.8,3224.1,3209.9,3161.2,3119.8,3117.3,3158.5,3091.5,3232.4,3211.7,3197.1,3182.4,3184.5,3214.6,3039.3,3112.2,3132.2,3203.3,3376,3319,3344.3,3350.7,3384.5,3376.7,3378.4,3305.4,3280.4,3345,3445.9,3430.1,3440.6,3396.2,3470.6,3474.6,3454.9,3453,3399.5,3354,3383.4,3488.4,3511.1,3470.2,3470.8,3506.6,3503.6,3539.9,3578.6,3473.1,3555.3,3699,3732.4,4203.9,4289.7,4302.7,4140.9,4052.6,4079.2,4014.8,4104.1,4032.7,4028.7,4003.4,3970.6,4026,4114.8,4087.3,4071,4005.1,3986.4,4019.9,3885.6,3894.6,3877.5,3877.8,3813
M&M,3051.25,3066.9,3072.05,3059.65,3081.4,3084.85,3041.5,3051.2,3014.65,2906.35,2909.3,2928.7,2975.65,3049.45,3002.9,3007.1,3082,3211.1,3190.55,3105.7,3108.85,3086.1,3126.5,3092.85,2999.65,3049.5,2960.25,2980.6,2917.35,2888.1,2821.3,2826.45,2886.45,2801.4,2831.6,2870.6,2924.35,2971.45,2989.85,3173.3,3189.05,3178.75,3139.95,3198.45,3137.25,3085.95,2987.2,2978,2942.6,2831.95,2790.05,2757.4,2839.45,2669.35,2709.2,2777.85,2726.55,2585.1,2611.9,2613.35,2726.6,2742.4,2727.85,2702.6,2645.6,2653.3,2643.5,2644.5,2791.4,2789.1,2828.1,2801.85,2774.7,2736,2742.25,2733,2665.8,2637.9,2637.55,2611.45,2596.55,2491.25,2523.65,2523.1,2580.35,2646,2634.6,2679.4,2764,2817.1,2917.8,2901.4,2864.2,2930.6,2909.6,2928.8,2917.2,3021.5,3068.4,3119.9,3033.1,2982.1,3104.7,3053.8,3101.8,3144.3,3135.6,3128,3063.5,3090.7,3006.3,3012.7,3080.2,3039.8,2997.8,3009,2976.8,3025.9,3046.5,3053.4,3041.6,3106.5,3087.4,3067.5,3080.7,3019.2,3006,3023.6,3007.2,3041.1,3094.8,3184.4,3135,3150.1,3215.5,3215.8,3203.3,3183.2,3176.1,3165.2,3174.4,3162.5,3160.2,3157.9,3176.3,3162.4,3073.2,3092.1,3128.6,3196.5,3195,3192.4,3246.7,3257.2,3268.8,3260.9,3246.4,3209.8,3199.4,3208.9,3203.1,3159.3,3200.2,3212.2,3227.5,3211.1,3144.2,3186.2,3236.5,3282.2,3265.4,3383.1,3354,3395.6,3375.1,3403,3398.9,3330.8,3295.3,3199.5,3315.4,3234.5,3286,3481.5,3561.3,3696.3,3604.4,3595.7,3589.9,3530.3,3608,3633.2,3642.2,3592.1,3584.8,3614.6,3574.9,3530,3396.5,3418.1,3427,3463.4,3462,3472,3492.8,3426.5,3442.9,3454.9,3459.7,3459.8,3497.2,3560.8,3647.2,3599.1,3621.2,3623.6,3625,3611.6,3579.1,3534.7,3502.1,3487.2,3548.9,3581.2,3618.5,3690.2,3663.9,3749.1,3754.3,3699.5,3698.6,3734.9,3694.8,3722.5,3716.7,3749.6,3690.8
INOXINDIA,1183.2,1194.7,1187.55,1166.05,1165.55,1150.4,1143.1,1146.2,1123.95,1092.4,1095,1109.15,1120.55,1125.15,1115.9,1106.85,1101.45,1105.75,1103.3,1090.1,1090.15,1080.45,1091.9,1082.9,1028.25,1011.05,1020.8,1043.7,1041.95,1033.45,1011.8,989.55,984.6,959.2,917.65,919.25,918.8,923.95,916.5,906.9,940.1,972.6,975.65,971.9,958.4,935.35,920.65,933.35,903.05,900.4,889.6,908.35,910.35,915.9,900.15,904.85,941.1,959,928.85,965.55,983.5,1027.3,1001.4,968.95,996.75,997.55,979.85,989,987.85,1008.7,1009.85,1050.25,1057.3,1031.8,1024.4,1013.35,1000.55,1016.45,1013.65,1018.15,980.4,960.75,978.8,963.55,997.75,1014.5,1021.1,1016.9,1040.1,1039.4,1032.5,1017.6,1014.9,1010.7,991.8,988.8,997.9,1000.6,980,992.4,987.85,979.4,1029.05,1055.8,1090.4,1122.2,1160.55,1162.1,1178.85,1186.7,1183.05,1191.95,1180.7,1223.6,1203.3,1202.45,1193.95,1221.9,1225.5,1220,1232.6,1220.2,1229.1,1212.2,1209,1179.3,1183.7,1183.6,1177,1173.6,1159.5,1183.1,1175,1171,1198.6,1227,1244.4,1230,1244.8,1266.9,1259.4,1257.7,1241.3,1224.8,1241.5,1250.3,1232.5,1230.9,1264.2,1252.9,1255.9,1235.2,1224.4,1223,1224.2,1218.4,1202.2,1166.4,1175.7,1178.8,1170.6,1139.6,1174.9,1119.9,1144.2,1132,1141.1,1113.7,1095.6,1071.8,1078.6,1089.3,1099.4,1133.5,1146.1,1152,1146.7,1128,1129.7,1119.1,1170,1151.8,1180.4,1160.3,1162,1204.2,1181.9,1182.2,1169.5,1169.7,1221.5,1201.3,1244,1256.6,1233.2,1215.6,1211.5,1211.2,1210.1,1184,1160.6,1178.1,1160.2,1215.2,1205.5,1190,1173.2,1180.4,1196.2,1191.5,1172.1,1190.5,1184.4,1191.3,1197,1195.5,1204.6,1200.7,1206.1,1202.2,1221.5,1210.8,1187,1196,1214.1,1202.9,1175.3,1177.8,1200.7,1200.7,1200.2,1200.5,1231.4,1208.1,1159,1155.2,1150.1
OLAELEC,92.25,94.57,96.12,93.99,93.81,96.8,97.43,96.42,95.12,93.67,92.69,93.98,93.55,89.93,85.07,85.73,86.22,84.71,82.71,77.95,79.16,79.51,75.66,73.39,70.18,72.88,73.25,74.81,74.41,76.33,76.24,74.31,73.49,71.34,68.08,65.16,65.98,66.79,74.8,73.08,74.85,74.6,71.84,69.97,67.6,65.26,64.62,64.28,60.87,61.29,60.27,60.55,61.71,60.9,59.72,59.37,56.92,56.83,55.12,55.94,56.94,56.37,56.53,53.85,50.91,51.06,50.51,50.63,52.77,53.85,51.71,56.07,55.73,54.12,51.74,55.1,53.05,52.71,54.07,54.04,52.48,50.77,50.88,50.11,50.2,50.27,50.21,50.22,52.88,53.08,52.55,52.41,49.86,49.55,50.19,48.69,48.57,49.24,48.04,47.99,47.6,46.67,49.65,50.09,51.63,52.08,52.12,52.56,51.12,51.38,51.47,52.91,52.52,52.5,52.91,53.24,50.96,53.68,49.33,49.99,49.04,48.67,49.27,49.01,48.42,47.26,46.97,46.74,46.51,46.12,45.47,46.08,43.33,43.59,43.26,43.16,43.09,43.16,42.02,41.06,40.61,41.73,41.53,40.76,40.38,39.95,39.8,47.07,44.1,42.29,42.16,41.31,40.74,40.17,43.05,42.6,41.23,41.29,41.71,42.16,41.31,40.55,40.85,40.87,40.31,40.26,40.13,39.84,39.82,40.5,41.31,41.24,44.83,53.21,48.81,47.19,48.57,50.82,54.84,54.05,62.48,61.96,68.99,64.5,59.92,60.14,59.83,59.36,57.98,58.9,60.51,59.33,58.81,57.71,57.67,58.01,58.24,56.89,56.04,54.92,54.24,56.95,55.85,53.99,52.62,52.61,51.23,50.2,49.7,50.27,50.24,52.75,55.38,57.08,54.94,53.33,53.69,52.82,51.68,51.65,51.62,50.98,50.14,51.12,50.06,47.57,46.55,44.31,42.86,43.19,42.2,42.29,42.28,42.13,41.95,41.88,41.86
DBREALTY,179.16,178.64,174.8,174.92,171.61,178.83,181.49,183.36,190.25,181.09,176.76,178.51,176.03,174.54,171.61,173.02,181.8,181.08,177.6,166.16,169.39,167.83,162.19,158.33,150.75,156.5,157.74,164.63,167.6,177.76,171.13,167.58,168.63,164.56,154.62,156.56,158.6,157.29,156.44,152.3,157.75,159.23,156.45,152.67,150.24,143.02,137.84,139.24,132.22,130.19,125.55,134,134.38,130.15,128.13,125.17,118.65,123.45,119.58,121.24,125.78,128.26,133.82,126.17,123.15,121.88,117.79,122.43,127.24,127,151.61,151.72,147.58,143.71,154.44,150.63,153.12,171.16,174.96,169.81,163.44,168.32,164.44,174.48,192.22,192.3,190.01,186.04,186.18,186.37,190.16,177.35,177.33,176.02,174.14,174.78,175.93,167.95,172.12,168.18,166.07,175.81,177.87,183.83,187.4,191.05,185.93,188.48,191.97,188.5,189.34,188.88,189.47,191,189.91,192.62,203.15,205.74,209.58,215.12,218.88,217.53,225.3,227.6,224.05,239.93,232.61,223.59,221.43,212.03,206.17,215.78,216.32,226.64,232.67,227.85,234.48,229.66,225.84,229.25,230.54,235.38,246.65,238.56,242.33,241.29,248.35,240.36,240.23,235.27,199.47,194.27,195.92,193.8,188.67,184.65,178.11,185.28,184.37,185.3,180.4,180.48,182.57,178.1,181.4,177.71,177.46,185.59,177.21,180.91,183.13,179.81,176.6,179.36,176.21,174.62,169.3,170.1,168.94,170.2,170.31,180.16,175.51,173.03,174.21,173.12,173.01,171.25,168.96,167.88,167.57,169.66,167.45,175.37,179.74,177.44,171.77,168.56,165.24,161.79,161.74,163.21,161.91,162.34,159.53,153.91,154.3,160.18,155.27,153.88,154.56,154.84,151.88,152.17,152.34,151.88,150.25,156.89,151.84,151.79,150.78,148.88,151.08,147.67,143.91,145.74,142.6,142.54,143.6,152.73,146.3,141.2,142.98,140.92,140.41,135.98,131.83
LATENTVIEW,482.5,494.85,515.8,508.55,505.75,501.4,494.7,486.2,486.85,474.9,466.5,471.55,470.45,483.3,463.5,489.5,488.6,494.95,501.4,483.3,490.05,480.05,470.55,455.55,438.3,444.85,451.25,452,449.75,458.55,452.55,451.35,450.95,432.25,409.6,416.2,429.95,429.9,438.15,428.65,451.6,458.2,461.05,448.4,451.45,425.5,410.95,415.95,404.25,400.85,396.85,400.05,406.35,402.4,391.15,389.95,379.15,383.25,362.65,374.55,385.7,382.9,385.15,363.95,357.8,350.45,350.5,346.2,359.2,372.85,372.25,381.5,376.6,360.3,359.9,363.95,367.55,371.2,373,375.45,364.3,352.05,359.35,361.6,379.9,386.75,383.2,393.35,395.1,392.25,420.5,420.1,402.9,405.6,401.5,393.25,407.9,399.25,388.65,398.8,400.7,412.45,424.4,422.05,420.2,423.45,422.85,419.45,410.55,407.75,409.8,416.8,418.6,419.8,420.3,420.45,416.05,416.6,415.15,410.4,409.2,409.4,415.25,412.2,415.1,405.65,398.2,400.35,404.1,407.2,400,402.15,407.75,406,412.65,407.9,410.7,411.5,410.1,425,446.7,444.45,443.45,446.35,441.9,439.45,432.2,428.05,432.5,430.6,434.8,439.95,432.45,445,448.55,429.8,412.65,408.6,416.7,410.6,410,401.65,408.6,406.75,404.8,398.45,394.65,388.65,397.35,399.5,398.8,399.1,407.85,427.35,426.3,419.9,424.45,424.9,419.8,415.45,412.7,414.2,424.9,429.05,429.05,428.25,422.85,425.05,420.75,417.1,417.85,416.6,417,427.95,424.6,416.05,408.75,404.9,408,405.85,402,408.45,412.45,415.7,423.85,422.15,425.4,427.2,439.75,433.95,429.7,429.45,435.75,427.95,429.95,432.4,433.5,428.6,425.25,415.3,419.35,423.2,448.35,474.9,465.6,470.45,436.55,455.5,485.45,482.8,482.4,488.8,479,469.9,494.25,493.05,482.95
TVSMOTOR,2488.85,2520.2,2531.45,2523.75,2521.9,2527.9,2453.05,2479.25,2459.65,2391.65,2388.3,2427.15,2438.55,2420.45,2353.6,2368.5,2406.6,2501.45,2482.95,2413.85,2384.5,2361.8,2326.45,2283.25,2176.6,2235,2250.5,2278.05,2301.25,2292.95,2291.9,2273.25,2300.1,2270.7,2231.4,2335.8,2464.75,2455.25,2457.9,2653.75,2644.4,2617.05,2591.35,2605.65,2558.4,2485,2493.45,2475.4,2401.4,2365.7,2353.65,2381.9,2419.25,2324.95,2362.45,2360.65,2338.95,2225.5,2323.85,2293.9,2330.7,2319.5,2332.9,2257.25,2288.85,2259,2250.9,2266,2311.75,2319.75,2346.8,2413.85,2444.7,2421.5,2429.2,2455.65,2419.85,2440.85,2496.1,2476.05,2464.95,2368.15,2437.65,2475.25,2513.3,2586.5,2614.2,2679.3,2735.6,2738.5,2806.7,2773.9,2737.9,2793.1,2702.6,2672,2713.8,2782.6,2773.5,2792.3,2695.6,2663.7,2760.7,2712.4,2727.3,2789.8,2841.5,2825.1,2751.2,2767.3,2802.8,2780.6,2776.8,2799.7,2801.5,2808.6,2780.8,2763.4,2744.8,2760.4,2717.6,2747.8,2743.2,2745,2771,2739.4,2740.9,2796.5,2777.2,2775.9,2779.9,2812.1,2778.6,2837.1,2916.8,2928.9,2939.3,2918,2893.6,2898.3,2899.2,2880.1,2876.9,2830.7,2840.1,2830.1,2754.5,2802.2,2885,2897.3,2878.8,2849.3,2835.5,2795.4,2802.6,2797.7,2774.4,2798.9,2801.8,2793.6,2801.8,2858.2,2942.5,2983.2,2952.7,3013.4,2968.9,2981.2,2963.8,3019.2,3020.3,3219.7,3251.9,3229.8,3280.9,3294.6,3284.7,3272.3,3256,3276.6,3356.2,3369.6,3400.3,3433.2,3476.6,3591.3,3566.3,3495.3,3512.1,3492.4,3477.4,3499.9,3500.1,3546.6,3529.4,3525.6,3512.7,3453,3408.4,3414.4,3439.6,3438.7,3457.8,3456.1,3510.9,3513.5,3483,3486.6,3490.3,3503.2,3505,3574.9,3576.5,3654,3652,3658.3,3597.2,3599.8,3639.9,3562,3498.9,3491.7,3508.7,3510.5,3473.1,3446.8,3456.8,3490.8,3474.2,3454.5,3450.6,3386.5,3475.4,3479.9,3477.7,3486.4,3441.9
IKS,1960.85,1885.8,1895.8,1921.95,2145.7,2005.6,1910.85,1919.5,1943.25,1936.35,1939.1,1867.35,1973.95,1946.95,1954.05,1914.35,1867.65,1936.7,1917.95,1862.85,1871.95,1925.65,1884.95,1848.5,1821.3,1779.8,1568.25,1559.85,1743.75,1748.7,1761.15,1729.2,1724.05,1751.9,1705.75,1740.7,1699.5,1665.45,1748.35,1727.3,1657.15,1688.35,1689.15,1750.75,1803.75,1843.5,1846.95,1915.15,1836.45,1794.75,1786.6,1750.6,1778.75,1789.7,1732.15,1716.8,1746,1728.4,1645.75,1452,1511.95,1494.65,1485.75,1457.45,1487.25,1474.8,1480.75,1554.95,1528.95,1487.05,1518.55,1469.95,1420.5,1349.45,1357.55,1333.05,1341.45,1416.3,1413.5,1416.4,1442.4,1419.9,1518.2,1470.4,1467.2,1464.9,1481.4,1476.2,1473.7,1477.3,1472,1455.8,1493.8,1542.6,1561.6,1659.1,1647.2,1653.9,1670.4,1611.2,1560.4,1580,1557.2,1562.2,1569.9,1571.5,1517.8,1500.2,1505.6,1519.9,1521.8,1612.8,1594.6,1609.7,1653.8,1650.9,1721.6,1726.3,1745.5,1730,1855.7,1703.4,1619.8,1615.7,1605.4,1601,1597,1589.9,1618.7,1610.1,1628.8,1632,1639.9,1597.1,1567.2,1604.8,1610.3,1580.4,1585.2,1591.7,1607.7,1616.4,1610.2,1588.3,1591,1579.4,1604.6,1607,1598,1580,1583.1,1578.7,1587,1601.8,1569.4,1571.8,1601.2,1623.2,1599.5,1589,1544,1556.9,1558.4,1581.6,1585.8,1581.4,1586.6,1554.6,1600.1,1558.7,1550.2,1514.2,1513.3,1496.8,1571.7,1570.1,1577.8,1576.2,1576.8,1536.2,1535.1,1540.7,1572.8,1557.7,1549.9,1541.5,1555.9,1498.4,1515.5,1508.1,1500.8,1487.2,1503.7,1453.5,1489.6,1511.2,1548.2,1537.8,1522,1527.6,1531.6,1532.5,1504.9,1520.6,1525.1,1507.9,1545.1,1549.2,1526.6,1527,1524.2,1547.8,1569.4,1567.1,1645.9,1648,1666.6,1667.5,1660.2,1675,1654.6,1644.7,1616.2,1604.4,1620.1,1600.6,1594.6,1590.4,1568,1677.5,1629.8,1680.6,1696,1680.6,1704.2,1682.6,1667.5
HEROMOTOCO,4595.95,4588.3,4650.45,4556.75,4575.45,4539,4415.1,4389.45,4406.95,4339.95,4272.6,4259.1,4275,4237.95,4187.6,4160.6,4184.35,4311.5,4243.1,4202.8,4162.05,4138.1,4141.25,4122.2,4043.65,4102.65,4111.9,4074.1,4098,4092.1,4024.8,4055.7,4100.35,4051.9,4015.95,4026.35,4072.45,4177.8,4339.15,4286.65,4237.1,4270.4,4230.05,4274.65,4196.45,4085.55,4015.75,3956.55,3862.4,3876.45,3840.5,3879.15,3909.1,3852.6,3884.85,3828.25,3759.55,3681.1,3630.75,3514.85,3588.75,3648.75,3652.5,3582.85,3650.65,3610.25,3529.15,3490,3564.65,3537,3597.15,3629,3626.35,3627.95,3645.95,3772.05,3722.95,3762.05,3783.95,3753.35,3659.2,3526.9,3574.15,3610.9,3666,3803.9,3781.9,3771.8,3917,3833.6,3940.5,3954.5,3895.5,3911.7,3852.7,3827.4,3740.5,3767.6,3872.6,3868,3800.5,3853.9,3984.9,4063.6,4067.2,4325,4345.3,4387.7,4241.6,4263.8,4276.3,4308.8,4359.4,4338.2,4362.2,4356.6,4309.3,4232.3,4208.6,4200.6,4178.9,4268,4349.4,4379,4410.3,4362.8,4333.8,4364.5,4371,4357.9,4384.3,4338.5,4253.1,4292.5,4300.8,4278,4320.3,4237.1,4226,4243.7,4310.6,4345,4307,4300.4,4333.1,4321.3,4218.7,4251.7,4454,4424.5,4443.6,4396.7,4408.2,4342.4,4363.7,4301.9,4230.7,4291.1,4325.2,4251.3,4260.7,4311.6,4535.9,4546.8,4474.9,4660.7,4599.8,4562.2,4645.2,4768.7,4708.1,4984,5118.2,5136,5097.1,4997.9,5063.8,5073.4,5091.7,5087.7,5244,5312,5349,5351,5363,5443,5423.5,5350.5,5302,5301.5,5288.5,5316,5350,5370,5408,5429.5,5370.5,5277,5354.5,5328,5300.5,5472.5,5432.5,5550.5,5581.5,5615,5512.5,5512,5500,5559,5571.5,5537.5,5579.5,5592.5,5641,5646.5,5588.5,5540.5,5646.5,5609.5,5551.5,5515,5544,5539,5309,5326,5296,5359.5,5417.5,5534,5508.5,5538.5,5798.5,5799.5,5876.5,5999.5,6002.5
ASHOKLEY,114.33,114.48,115.59,115,115.97,117.42,115.42,111.42,109.61,108.64,109.47,109.94,110.07,110.26,111.69,110.25,111.41,118.04,117.07,113.08,112.26,111.37,107.2,105.29,101.23,105.03,103.34,103.96,103.3,104.61,102.38,103.41,103.87,102.15,98.65,102.37,103.02,105.17,108.42,101.96,105.84,105.51,104.9,106.03,104.55,101.86,109.68,108.54,106.93,111.81,111.14,112.71,113.25,111.27,111.55,113.62,112.72,106.47,104.46,103.47,104.61,105.3,104.89,103.4,99.98,98.06,98.32,99.5,101.87,102.85,103.74,105.42,106.27,105.02,107.49,104.26,102.11,104.53,104.39,104.97,102.57,98.8,100.91,102.34,104.25,107.48,107.2,109.49,111.03,111.34,115.34,115.31,112.52,113.73,113.93,112.66,110.24,112.1,110.57,113.29,110.15,110.81,115.64,115.17,117.27,119.68,118.67,120.55,120.96,122.31,119.4,119.81,119.95,119.81,119.32,120.37,118.02,118.13,118.06,117.81,116.97,121.02,121.59,120.62,120,117.62,117.4,117.88,117.26,117,116.43,117.58,118.34,120.39,122.31,124.46,124.87,125.46,125.8,125.83,125.25,124.93,124.9,124.93,125.45,124.9,123.13,126.48,125.45,124.6,123.75,122.25,124.8,124,124.6,124.8,121.95,122.75,123.3,121.9,121.05,120.35,122.6,121.97,120.73,119.81,115.42,120.02,119.36,119.73,121.96,131.76,133.28,133.1,131.01,131.2,131.01,131.37,129.82,126.98,128.03,130.39,130.23,128.01,130.77,137.29,135.06,134.01,133.56,134.09,133.94,134.54,136.77,138.76,140.89,139.42,144.04,142.26,140.45,141.93,142.42,142.67,141.23,139.79,137.78,139.83,139.37,138.64,137.55,137.42,135.41,135.69,137.24,134.51,135.84,136.24,137.85,136.35,140.81,140.1,139.48,140.77,141.53,139.83,140.44,141.23,141.28,142.28,146.04,142.53,150.41,148.26,148.45,147.23,145.46,146.24,144.69
CAMPUS,301.5,298.1,306.15,295.6,291.75,299.5,294.3,290.6,287.65,286.75,292.25,294.9,303.15,315.8,319.2,322.75,320.5,312.2,307.85,300.2,302,294.3,288.35,284.9,271.45,284.1,276.85,281.1,280.25,274.9,276.25,276.2,278.4,270.65,264.5,258.4,265.7,272.2,272.7,280.1,277.2,277.75,273.45,275.1,275.95,262.3,282.05,290.8,268.6,282.9,271.35,271.6,266.5,274.55,282.25,271.35,265.15,260.65,254.15,259.75,260.95,267.2,264.25,259.3,251.5,250.45,248.05,242.95,250.9,252.05,251.15,241.9,240.35,236.85,227,227.75,230.55,232.88,235.3,243.9,239.74,233.17,236.65,235.47,238.31,234.75,236.93,243.04,245.88,248.4,248.68,249.1,242.6,243.37,244.07,242.68,240.52,243.72,243.63,241.04,244.76,240.43,249.25,248.55,254.29,255.62,258.35,260.12,255.43,264.85,272.11,273.7,276.99,275.08,287.74,285.35,291.68,295.9,297.35,297.85,299.9,298.85,292.6,288.8,287.75,285.85,282.45,282.5,281.4,281.95,277.1,283.75,280.9,284.4,284.6,280.3,281.35,279.5,278.25,272.1,270.85,269.5,272.85,267.6,270.7,287.55,283.4,288.75,286.35,288.05,293.55,298.8,294.6,288.65,288.4,288.7,279.35,273.25,273.35,270.6,267.35,267.35,264.8,265,265.1,262.25,262.9,259.45,261.65,260.7,253.4,264.4,269.4,267.1,265,266.7,266.7,261.45,259.2,264.3,265.35,266.25,269.4,266.7,272.1,276.3,272.3,271.05,270,269.45,271.3,274.9,282.8,283.3,283.35,278.85,276.4,269.7,269.9,264.9,263.25,269.6,270.15,275.95,276.2,278,276.2,277.65,280.6,285.4,284.15,284.75,285.1,282.25,284.25,282.1,280.65,282.05,281.8,281,278.85,280,279.85,280.1,276,271.3,276.8,280.3,274.65,275.6,269.9,272.7,275.65,271.3,263.25,257.95,260.9
ETERNAL,295.3,295.85,291.8,284.9,288.25,294.15,296.8,291.9,288.5,282.1,273.95,274.85,273.2,271.25,282.1,278.05,276.5,284.6,272.85,264.85,252.45,250.05,245.35,242.95,227.15,233.6,243.9,241.9,248.8,239.75,214.55,216.45,221.95,215.6,206.2,208.2,222.5,218.8,220.35,238.2,234.54,231.12,229.05,233.9,227.25,215.45,214.7,217.87,215.99,218.53,223.31,234.1,233.93,230.36,222.69,225.63,229.04,222.1,222.14,227.61,227.02,225.43,216.83,211.28,208.07,205.46,201.43,204.28,218.19,223.53,224.47,227.52,222.8,209.81,203.29,206.28,201.7,202.01,212.03,210.9,210.53,209.63,215.19,211.39,217.2,222.23,222.08,231.6,234.24,237.47,239.24,236.38,228.81,227.21,231.11,232.52,234.29,239.9,232.64,236.9,229.81,227.14,239.5,231.65,236.86,242.59,245.76,238.03,228.28,229.97,229.02,237.55,226.8,224.79,224.18,228.37,238.31,241.2,237.7,245.68,256.56,261.86,256.84,255.68,257.07,251.56,249.08,252.15,247.25,248.41,249.42,253.33,254.64,255.07,258.86,265.18,261.86,264.15,261,259.75,260.85,261.4,258.55,263.5,264.55,262.85,263.35,270.6,266.45,262.35,259.65,257.2,271.7,299.8,302.05,313.15,310.55,307.3,306.55,303.45,307.8,304.75,305.25,302.15,298.85,301.75,300.9,309.4,305.9,312.35,318.4,314.9,321.45,326.55,321.8,319.1,319.25,317.9,315.5,313.95,321.1,322.4,326.1,326.25,329.15,329.65,325.7,324.4,328.1,321.4,323.3,327.3,328.25,337.85,336.55,341.85,338.35,335.8,332.25,321,324.85,325.5,329,328.45,335.1,337.85,341.65,345.5,348.3,348.35,347.75,354.35,347.85,342.65,338.15,338.1,328.35,326.6,333.7,334.6,330.45,329.35,317.75,322.6,313.5,305.65,306.1,301.45,305.8,308.8,297.75,303.75,309.55,306.15,306.6,306.9,301.95
TCS,44.33,45.18,44.9,44.94,46.99,46.25,46.55,45.49,45,45.95,45.72,45.81,45.97,45.05,45.85,45.56,44.5,44.3,43.2,43.8,43.5,43.8,43.7,43.52,44.79,45.74,45.5,45.8,46.3,45.94,46.12,45.47,45.99,46.07,45,45.44,44.57,44.5,45.17,46,45.5,44.5,45.03,46.05,45.5,46.1,46.57,47.31,46.64,46.96,45.01,44.28,44.86,45.22,44.43,45.47,45,45,43.57,40.97,39.09,39.38,39.82,39.29,39.52,39.75,40.47,41,42.5,41.83,40.25,39.89,41.33,39.49,40.45,39.99,41,40.23,40.05,40.01,39.6,37.07,37.26,39.45,38.95,40.11,40.47,39.76,40.14,40.7,40.28,39.95,38.26,40.17,39.7,39.19,41.75,42.38,41.6,42.44,43.25,44.73,44.25,44,42.77,43.26,43.45,42.63,41.75,42,43.53,43.92,42.68,41.12,42.4,42.95,43.33,43.42,42.78,43.22,41.97,40.83,41.15,40.35,40.98,41.22,40.79,40.58,40.15,40.14,40.63,41.19,41.19,41.19,41.11,40.6,40.54,40.43,36.4,38.65,38.3,40.05,39.45,39.57,39.33,38.38,38.56,38.28,38.55,37.73,37,36.27,36.6,36.95,37.75,37.21,36.8,37,37.48,37.24,37.16,36.81,37.98,39.2,39.37,39,38.08,36.56,37.8,37.58,36.85,36.96,36.95,37.22,37,37,37.17,37,36.6,36,35.57,36.16,36,36,35.3,34.5,34.3,34.3,33.66,33.1,33.5,33.39,34.08,34.17,35.03,35,34.83,34.94,34.83,34.83,34.75,35.73,35.56,34.75,34.95,35.67,36,35.34,35.64,34.76,33.75,34.12,34.03,33.05,33,33.58,33.59,34.33,34.74,35.36,35.35,35.94,35.19,35.51,35.5,35.68,35.3,36.24,34.67,35.11,34.4,33.77,35.27,34.63,34.64,34.77,34.03
TCS,44.33,45.18,44.9,44.94,46.99,46.25,46.55,45.49,45,45.95,45.72,45.81,45.97,45.05,45.85,45.56,44.5,44.3,43.2,43.8,43.5,43.8,43.7,43.52,44.79,45.74,45.5,45.8,46.3,45.94,46.12,45.47,45.99,46.07,45,45.44,44.57,44.5,45.17,46,45.5,44.5,45.03,46.05,45.5,46.1,46.57,47.31,46.64,46.96,45.01,44.28,44.86,45.22,44.43,45.47,45,45,43.57,40.97,39.09,39.38,39.82,39.29,39.52,39.75,40.47,41,42.5,41.83,40.25,39.89,41.33,39.49,40.45,39.99,41,40.23,40.05,40.01,39.6,37.07,37.26,39.45,38.95,40.11,40.47,39.76,40.14,40.7,40.28,39.95,38.26,40.17,39.7,39.19,41.75,42.38,41.6,42.44,43.25,44.73,44.25,44,42.77,43.26,43.45,42.63,41.75,42,43.53,43.92,42.68,41.12,42.4,42.95,43.33,43.42,42.78,43.22,41.97,40.83,41.15,40.35,40.98,41.22,40.79,40.58,40.15,40.14,40.63,41.19,41.19,41.19,41.11,40.6,40.54,40.43,36.4,38.65,38.3,40.05,39.45,39.57,39.33,38.38,38.56,38.28,38.55,37.73,37,36.27,36.6,36.95,37.75,37.21,36.8,37,37.48,37.24,37.16,36.81,37.98,39.2,39.37,39,38.08,36.56,37.8,37.58,36.85,36.96,36.95,37.22,37,37,37.17,37,36.6,36,35.57,36.16,36,36,35.3,34.5,34.3,34.3,33.66,33.1,33.5,33.39,34.08,34.17,35.03,35,34.83,34.94,34.83,34.83,34.75,35.73,35.56,34.75,34.95,35.67,36,35.34,35.64,34.76,33.75,34.12,34.03,33.05,33,33.58,33.59,34.33,34.74,35.36,35.35,35.94,35.19,35.51,35.5,35.68,35.3,36.24,34.67,35.11,34.4,33.77,35.27,34.63,34.64,34.77,34.03
ULTRACEMCO,11814.8,11745.8,11898.5,11856.95,12083.9,11942.5,11774.95,11763.95,11670.8,11422.8,11472.6,11390.35,11460.65,11406.55,11288.35,11426.35,11447,11797.7,11786,11503.6,11618.55,11403.55,11259.8,10865.2,10615.15,10483.75,10521.65,10636.2,10580,10624.45,10667.8,10693.75,11420.9,11285.85,11239.5,11296.35,11544.85,11479.4,11487.45,11174.65,11519.15,11585.7,11477.35,11640.6,11532.3,11300.2,11478.5,11546.45,11263.85,11490.1,11308.9,11291.55,11287.6,11157.25,11042.65,10964.15,10447.65,10128.45,10340.8,10370.1,10464.2,10493.5,10582.4,10520.1,10439.25,10520.4,10452.1,10547.1,10698.1,10933.25,10948.15,10976.75,11051.2,11421.2,11402.1,11599.6,11509.55,11378.65,11250.95,11606.6,11498.65,11191.6,11270.45,11397.05,11502.65,11719,11728,11901,11934,11959,11949,12159,12237,12114,11869,11641,11644,11670,11693,11658,11631,11364,11736,11661,11672,11894,11905,11929,11697,11666,11680,11746,11689,11421,11238,11269,11210,11195,11035,11033,11159,11253,11260,11391,11464,11323,11224,11495,11383,11406,11420,11458,11449,11579,11733,11951,12213,12093,12210,12436,12398,12506,12345,12445,12562,12516,12495,12516,12502,12453,12495,12498,12577,12452,12372,12304,12250,12240,12221,12268,12249,12113,12257,12298,12226,12273,12157,12405,12449,12401,12317,12765,12863,12874,12870,12589,12606,12610,12521,12640,12826,12730,12733,12651,12601,12664,12572,12478,12392,12370,12435,12578,12721,12626,12508,12650,12401,12214,12141,12070,12041,12222,12095,12019,12055,12184,11991,12192,12281,12172,12070,12311,12358,12370,12346,12342,12145,11918,12015,11931,11999,12053,11947,11950,11819,11910,11849,11728,11825,11921,11934,11874,11778,11707,11666,11753,11729
ULTRACEMCO,11814.8,11745.8,11898.5,11856.95,12083.9,11942.5,11774.95,11763.95,11670.8,11422.8,11472.6,11390.35,11460.65,11406.55,11288.35,11426.35,11447,11797.7,11786,11503.6,11618.55,11403.55,11259.8,10865.2,10615.15,10483.75,10521.65,10636.2,10580,10624.45,10667.8,10693.75,11420.9,11285.85,11239.5,11296.35,11544.85,11479.4,11487.45,11174.65,11519.15,11585.7,11477.35,11640.6,11532.3,11300.2,11478.5,11546.45,11263.85,11490.1,11308.9,11291.55,11287.6,11157.25,11042.65,10964.15,10447.65,10128.45,10340.8,10370.1,10464.2,10493.5,10582.4,10520.1,10439.25,10520.4,10452.1,10547.1,10698.1,10933.25,10948.15,10976.75,11051.2,11421.2,11402.1,11599.6,11509.55,11378.65,11250.95,11606.6,11498.65,11191.6,11270.45,11397.05,11502.65,11719,11728,11901,11934,11959,11949,12159,12237,12114,11869,11641,11644,11670,11693,11658,11631,11364,11736,11661,11672,11894,11905,11929,11697,11666,11680,11746,11689,11421,11238,11269,11210,11195,11035,11033,11159,11253,11260,11391,11464,11323,11224,11495,11383,11406,11420,11458,11449,11579,11733,11951,12213,12093,12210,12436,12398,12506,12345,12445,12562,12516,12495,12516,12502,12453,12495,12498,12577,12452,12372,12304,12250,12240,12221,12268,12249,12113,12257,12298,12226,12273,12157,12405,12449,12401,12317,12765,12863,12874,12870,12589,12606,12610,12521,12640,12826,12730,12733,12651,12601,12664,12572,12478,12392,12370,12435,12578,12721,12626,12508,12650,12401,12214,12141,12070,12041,12222,12095,12019,12055,12184,11991,12192,12281,12172,12070,12311,12358,12370,12346,12342,12145,11918,12015,11931,11999,12053,11947,11950,11819,11910,11849,11728,11825,11921,11934,11874,11778,11707,11666,11753,11729
ESCORTS,3546.4,3512.1,3494.4,3438.45,3440.05,3432.4,3344.25,3360.85,3283.9,3162.05,3143.6,3156.15,3151.1,3258.4,3266.15,3332.55,3299.45,3352.05,3371.9,3335.9,3337.95,3340.55,3389.6,3405.9,3298.1,3439,3478.75,3554.25,3600.7,3575.4,3573.65,3570.75,3588.4,3466.3,3367.2,3483.6,3533.95,3590.95,3623.45,3328.65,3300.85,3326.05,3275.4,3269.7,3303.1,3129.7,3023,3022.35,2948.65,2972.15,2995.75,3020.1,3110.7,3066.6,2945.95,2941.85,2924.4,2868.95,2947.4,2959.4,3033.05,3082.05,3011.1,2931.75,2890.2,2923.25,2908.5,2957.2,3018.5,3188.85,3201.1,3228.3,3272.15,3212.45,3234.95,3254.2,3250.05,3218.8,3228.4,3276,3161.15,3050.75,3075.35,3128.75,3178.2,3274,3231.9,3265.2,3369.2,3357.7,3446.4,3388.3,3333.7,3359.4,3343.5,3259,3216.1,3247.3,3197.9,3204,3195.2,3130.4,3413.1,3501.6,3525.3,3543.4,3551.5,3532.8,3509.6,3514.4,3504.7,3510.6,3503.3,3532.2,3373,3302.2,3321.7,3383.6,3282.7,3249.2,3313.4,3293.2,3288.2,3258.1,3212.7,3167,3130.2,3149.6,3153.8,3270.2,3252.2,3228.4,3323.3,3299.6,3304.6,3358,3341.6,3334.6,3319.6,3352.4,3366.1,3327.6,3341.8,3387.9,3378.4,3324.3,3300.3,3264.4,3357.4,3357,3410.9,3415.2,3427,3443.6,3478.8,3445.3,3411.7,3409.4,3489.8,3429.6,3359.2,3289.5,3394.1,3412.7,3385.8,3353,3351.7,3367.5,3379.6,3374.5,3400.5,3623.8,3599.8,3624.5,3575.8,3569.6,3568.8,3551.2,3475.2,3567.8,3644,3650.4,3677.5,3633.3,3690.5,3772.3,3767.2,3677.7,3698.2,3689.1,3643,3671.1,3661.6,3794.7,3688.1,3656.8,3739.1,3698.9,3602.8,3543.7,3464,3446.6,3637.7,3569.5,3537.2,3525.2,3627.2,3628.2,3638.1,3577.5,3613.8,3682.6,3782.4,3697.4,3694.5,3703.7,3676.7,3665.4,3659.8,3724.2,3721.5,3713.9,3786.5,3846.5,3822.3,3689.7,3629.2,3548.6,3614,3570.4,3608,3551.1,3623.4,3618.8,3584.4,3557.8,3617.5
IEX,229.65,227.95,228.17,224.98,223,224.08,222.19,211.65,210.26,212.38,210.76,212.28,212.98,211.11,208.83,209.29,206.06,207.02,209.32,208,208.79,206.02,210.03,214.54,214.53,217.27,215.69,219.66,219.99,222.05,219.97,221.42,221.17,218.88,224.11,224.31,218.86,218.65,197.58,199.32,195.94,196.45,194.89,193.54,193.03,195.21,196.37,198.65,196.07,192.98,196.62,196.44,195.8,193.74,194.33,188.53,185.88,188.43,187.48,187.66,186.23,184.76,181.9,178.23,182.39,184.59,184.62,184.58,183.73,181.91,185.1,184.37,184.74,183.93,180.91,180.97,181.15,183.3,168.68,162.49,162.93,161.94,173.8,166.97,168.51,169.86,167.34,164.08,163.95,160.66,166.4,167.15,173.79,173,174.1,172.2,173.97,175.25,181.45,181.73,179.54,180.09,184.65,183.47,191.29,190.31,188.47,189.56,190.85,189.93,188.26,181.16,181.13,179.6,183.45,180.7,182.14,180.91,179.17,182.04,180.89,180.28,183.31,183.23,184.26,183.17,182.51,177.82,179.92,175.99,175.03,173.15,172.72,174.88,174.5,176.35,176.32,175.57,180.19,182.16,181.25,179.33,182.47,184.38,185.42,181.47,180.87,179.47,179.77,183.96,183.38,180.9,184.54,184.4,183.66,185.69,184.43,185.18,164.28,163.51,159.12,158.25,161.84,159.72,158.53,158.26,157.53,163.32,169.5,167.19,164.77,163.78,165.9,164.47,162.38,168.56,165.98,166,166.08,165.22,164.5,162.15,161.32,164.86,164.93,164.17,162.01,160.17,164.49,160.55,161.16,163.84,159.59,162.06,161.03,160.6,159.4,159.76,159.28,161.35,162.19,162.76,164.1,165.18,167,167.05,165.8,166.89,165.85,161.16,160.84,163.65,163.19,165.03,166.31,166.61,169.33,166.35,168.37,167.95,167.6,166.95,173.4,170.3,171.46,168.25,167.86,168.27,166.82,167.96,168.8,169.51,169.57,167.06,164.49,162.76,161.68
UNOMINDA,1078.05,1072.35,1078.15,1063.95,1041.3,1049.65,1023.2,1032.4,1046.45,1052,1023.05,1059,1043.15,1031.35,1039.05,1053.2,1058.85,1054.45,1066.55,1064.15,1060.3,1069.4,1066.3,1097.65,1035.9,1050.35,1054.55,1097.05,1082.65,1038.55,992.85,976.5,967.95,913.6,879.1,888.45,895.1,907.05,945.6,962.15,1001.5,1024.3,1030.15,1052.75,1073.1,986.5,990.55,946.85,906.25,890.55,865.4,850.2,869.35,853.1,849.2,853.1,829.3,825.9,828.6,835.05,853.5,870.95,870.65,855.75,855.4,860.7,902.85,931,981.5,1012.55,978.3,974.1,951.75,941.55,934.45,915.9,875.5,890.15,881.8,863.7,830.75,802.85,837.3,814.8,824.15,877.9,852.95,874.15,901.25,897.1,904.25,895.55,892.05,883.7,894.6,894.2,877.15,911.9,908.85,927.5,923.45,911.85,959.05,954.3,984.55,994.85,989.5,1009.4,982.6,998.55,1028.5,1009.25,1013,1010.35,1002,1007.5,1006.65,1018.5,1025.6,1054.8,1072.9,1089.5,1093,1096.6,1104,1074,1062.9,1055.9,1049.5,1063.6,1037.3,1061.6,1056,1052.1,1072.7,1080.7,1109.8,1104.3,1079.3,1098.6,1099.4,1098.6,1093.8,1103.2,1107.7,1098.6,1073,1077.5,1105.9,1119.5,1116.8,1089,1078,1061.4,1071.4,1081,1085.1,1065.1,1072.4,1069.8,1041.4,1043.9,1062.1,1103.1,1086.4,1107.1,1084,1084.1,1069.4,1114.4,1149.8,1220.3,1219.9,1234.8,1230.6,1265.8,1283.4,1276.8,1295.6,1279,1314.6,1309,1283.2,1278.7,1298.6,1309.9,1283.9,1269.8,1282.2,1281,1301.5,1321.1,1303.5,1312.6,1319.7,1312.7,1317.1,1308.8,1305.6,1268.9,1285.3,1298.8,1324.4,1316,1335.9,1366.3,1311.4,1260,1219.8,1233.3,1185.4,1207.4,1235.2,1217.8,1229.6,1226,1197.4,1192,1200.1,1201.2,1215,1222.8,1235.2,1264.6,1252,1233.8,1229.7,1319.3,1311.1,1332.9,1303.2,1307.2,1299.9,1292.3,1305.1,1298,1281.4
SKFINDIA,2403.03,2380.33,2381.89,2351.4,2322.7,2317.59,2268.84,2247.36,2242.72,2168.24,2128.03,2124.85,2124.3,2187.1,2138.92,2140.17,2139.14,2148.34,2160.36,2106.57,2090.92,2089.49,2097.28,2063.51,2011.09,2016.32,2014.22,2029.94,2033.38,2026.67,2004.71,1993.48,1998.52,1979.57,1901.6,1881.65,1920.88,1908.58,1932.54,1888.7,1906.14,1908.6,1926.24,1916.85,1886.86,1854.72,1815.08,1756.87,1762.41,1786.91,1775.48,1804.44,1812.16,1824.3,1811.97,1811.83,1743.13,1763.58,1756.82,1791.73,1810.44,1808.77,1804.49,1786.09,1789.41,1770.87,1738.97,1745.88,1752.59,1784.37,1801.34,1820.33,1830.23,1832.45,1826.45,1809.63,1840.17,1814.55,1825.47,1839.64,1800.93,1782.82,1838.23,1823.94,1845.61,1849.56,1862.94,1866.28,1863.56,1863.56,1875.36,1876.13,1852.66,1854.19,1863.18,1856.96,1872.4,1871.16,1864.9,1878.95,1899.64,1876.7,1971.37,2010.56,2033.5,2066.62,2186.28,2209.94,2210.9,2200.14,2194.84,2220.55,2172.04,2192.21,2171.28,2190.63,2244.2,2238.95,2216.25,2281.86,2270.82,2250.32,2247.26,2266.24,2262.46,2234.93,2220.74,2204.87,2192.02,2209.99,2185.52,2203.63,2199.76,2250.47,2242.44,2254.53,2209.7,2301.46,2333,2374.96,2397.71,2368.36,2362.1,2369.46,2358.28,2354.22,2321.82,2313.79,2328.65,2303.37,2365.35,2372.76,2373.28,2369.41,2389.1,2387.24,2349.25,2305.66,2314.17,2344.52,2341.98,2311.59,2286.07,2290.04,2291.13,2182.32,2147.14,2130.66,2142.22,2152.02,2119.47,2150.82,2174.62,2160.14,2154.93,2153.5,2162.63,2175.53,2146.67,2121.86,2166.31,2184.04,2178.64,2198.23,2331.23,2354.65,2348.77,2345.52,2299.16,2306.76,2304.37,2291.85,2283.97,2290.56,2309.87,2262.99,2265.71,2267.14,2280.38,2252.38,2210.27,2253.57,2277.75,2332.57,2344.52,2336.2,2326.36,2338.92,2325.16,2300.07,2393.5,2266.1,2225.8,2219.6,2200,2240.6,2195.4,2199.3,2159.4,2163,2144.9,2152,2140.8,2129.4,2118.7,2099.6,2077.8,2072.3,2052.3,2051.6,2047.9,2045,2061.3,1976.8,1975.6,1984.9,1960.2
ERIS,1497.05,1506.15,1522.7,1512.9,1464.95,1421.75,1412.15,1389.3,1394.1,1380.3,1336.65,1342.25,1353.1,1347.35,1384.55,1373.7,1331.3,1321.3,1297.35,1274.65,1301.1,1298.5,1300.9,1287.4,1248.45,1278.15,1300.3,1300.25,1290.15,1279.75,1266.3,1237.6,1246.6,1202.6,1153.1,1155.85,1175.5,1193.4,1228.05,1249.75,1231.9,1390.2,1453.75,1478.9,1406,1333.35,1301.95,1265.15,1248.8,1251.95,1248.9,1283.2,1275.85,1279.15,1259.45,1236.35,1215.6,1182.8,1180.95,1195.4,1232.65,1269.6,1275.45,1271.75,1268.05,1265.35,1254.75,1291.8,1340.7,1366.95,1390.9,1360.1,1356,1314.65,1405.45,1417.35,1390,1372.65,1368.25,1321.3,1274.65,1320.75,1359.6,1384.8,1381.8,1400.5,1383,1382.9,1399.4,1474.2,1512,1468.2,1486.3,1464.8,1432.1,1493.5,1507,1459,1466.9,1465.5,1456,1404.9,1444.8,1479.8,1482.4,1464.6,1443.7,1470.2,1505.9,1519.8,1504.3,1541.4,1570.5,1610.7,1615.7,1581.8,1566.1,1603.7,1605,1651.8,1638.3,1636.4,1691.7,1715.3,1791.1,1795.1,1847.7,1787.7,1780.2,1735.8,1626.6,1623.3,1604.1,1627.9,1618,1675.8,1683.8,1676.6,1631.3,1718.6,1706.7,1734,1711,1731.2,1743.9,1709.8,1746.5,1754.3,1771.9,1776.3,1762.8,1768.6,1775.7,1768.3,1785.3,1797.8,1778,1792.1,1816.6,1798.9,1808.4,1803.1,1808.1,1724.8,1694.6,1725.2,1723.3,1679.4,1674.8,1684.5,1732.4,1741.1,1755.6,1751.6,1768.7,1796.8,1801.7,1792.5,1800.2,1772.2,1771,1779.9,1763.6,1729.1,1711.5,1710,1713.7,1699.2,1675.9,1673.9,1661.9,1648.6,1636.1,1639.6,1640.3,1634.9,1626.9,1626.1,1585.5,1578.1,1585.9,1624.9,1593.3,1607.2,1598.2,1600.8,1592.4,1596,1610.1,1599.4,1584.1,1587,1596.4,1602.6,1585.5,1589.6,1582.6,1627.8,1628.4,1629.6,1619.9,1591.7,1597.3,1601,1585.4,1594.2,1591.8,1596.7,1575.2,1518.1,1550.4,1566.5,1575.7,1610.9,1669.6,1666,1684
RAINBOW,1662.85,1632.35,1643.95,1628.15,1626.9,1587.05,1595.05,1599,1574.65,1548.3,1539.95,1538.5,1501.35,1504.7,1488.55,1499.55,1554.6,1558.25,1557.8,1588.2,1635.9,1613.7,1592.3,1552.45,1527.8,1469.25,1450.05,1467.55,1457.2,1458.1,1443.15,1400.9,1471.4,1447.65,1404.75,1374.85,1401.45,1430,1423.75,1402,1379.8,1375.55,1378.4,1383.95,1369.8,1310.2,1279.85,1311.7,1295.2,1296.3,1274.8,1284,1299.55,1322.95,1319.4,1329.2,1298.55,1239.6,1245.3,1286.8,1332.5,1313.4,1282.25,1276.4,1249.1,1242.15,1260.75,1298.8,1287.8,1302.85,1302.1,1358.05,1341.45,1330.9,1378.5,1401.7,1371.25,1370.25,1373.7,1409.55,1405.7,1479.65,1486.35,1530.85,1565.2,1512.2,1503.2,1489.8,1443.7,1449.3,1435.5,1397.1,1383.5,1357.3,1381.7,1360.2,1346,1358.8,1361.1,1337,1343.5,1352.4,1359.9,1377.9,1387.2,1367.8,1358,1347.1,1333.9,1354.9,1352.3,1357.5,1400.6,1407.7,1399.3,1402.5,1374.2,1401.2,1392,1428.9,1413.7,1409.6,1417.1,1391.1,1458.2,1421.6,1450.4,1417.4,1458.9,1440.2,1452.2,1469.7,1439.7,1472,1509,1513.2,1562,1572.4,1517.8,1586.1,1599.4,1573.1,1540.7,1525.8,1535.1,1527.2,1531.4,1526.6,1542.6,1535,1526.5,1505.7,1520.9,1534.5,1623.9,1556.4,1540.8,1525.1,1517.2,1524.4,1526.6,1502.6,1502.7,1484.4,1483.1,1468.5,1503.9,1537.6,1548.2,1552.5,1558.5,1568,1580.1,1586.6,1577.4,1525.3,1507.8,1496.2,1502.1,1500.7,1506.2,1509.9,1519.5,1510.4,1481.5,1483.8,1488.8,1484.9,1462.7,1456.6,1453.5,1457,1448.9,1418.9,1409.5,1413.8,1392.1,1385.1,1361.8,1340.5,1356,1343.6,1354.2,1328.9,1329.9,1314.4,1320,1346.5,1330.9,1329.8,1322.5,1317,1348.8,1340.7,1360,1360.6,1365,1359.9,1376.6,1388.6,1380.4,1369.4,1377.5,1390.5,1363.7,1373.5,1349.8,1355.1,1359.1,1355.7,1341.5,1308.2,1300.4,1341.2,1337.9,1330,1348.1
DMART,3829.05,3816.9,3708.3,3688.45,3652.3,3623.8,3542.95,3515.7,3498.15,3408.3,3460.55,3459.65,3511.65,3568.35,3588.55,3561.85,3561,3611.1,4025.2,3934.75,3830.3,3843,3813.8,3686.25,3507.45,3476.5,3568.45,3600.95,3620.65,3614.7,3587.8,3561.6,3598.35,3579.95,3532.95,3559.3,3568.1,3575.4,3664.65,3947.85,3919.85,3865.7,3748.45,3743.5,3722.05,3682.7,3689.9,3696.5,3682.65,3621.5,3676.6,3685,3623.8,3596.7,3570.9,3530.75,3507.2,3403.95,3453.2,3408.4,3474.5,3540.5,3593.6,3603.75,3631.65,3674.2,3797.1,3825.3,3833.85,3845.2,3884.4,3892.2,3905.1,3998.8,3945.7,4065,4083.2,4003.6,4121.45,4157.8,4039.9,4023.15,4053.85,4139.3,4131.5,4212.7,4221.5,4357.1,4342.3,4435.6,4508.1,4498.8,4375.2,4366.8,4310,4199.9,4059.2,4018.4,4006.1,3999.8,3974.3,3972.4,4023.5,4064.1,4049.2,4073.5,4189.7,4206.8,4071.5,4112.7,4082.7,4140.8,4138.4,4094,4042.3,4042.3,4002.1,4025.5,4055.2,4074.5,4153.5,4201.6,4179.1,4080,4078.2,4074,4051.9,4087,4059.1,4228.4,4203.1,4300.3,4335.8,4250.6,4276.4,4315.4,4313.5,4372.3,4452.4,4391.9,4348.7,4261.1,4236.3,4213,4190.9,4169,4064.2,4011.3,4026.7,4086,4055.9,4048.6,4023.7,4033.3,4043.9,4021,3997,3949.9,3999,4281.4,4267.4,4196,4197.2,4257.8,4242,4263.5,4170.1,4184.5,4252.5,4334.6,4358.2,4558,4653.2,4737.9,4691.9,4698.8,4725.3,4716.4,4699.9,4755.6,4734.9,4680,4758.5,4829.3,4793.3,4714.2,4759.8,4631.3,4589.7,4616.6,4651,4696.2,4717.3,4760.3,4775.3,4671.2,4633.9,4645.8,4576.2,4517.8,4529.9,4475.4,4449.9,4418.4,4301.6,4303,4294.4,4305.1,4320.4,4202.6,4205.2,4259.6,4316.1,4302.5,4275.3,4274.5,4268,4213.9,4257.9,4220.9,4229.4,4161.1,4153.5,4156,4182.4,4082.2,4011,4019,4072.2,4058,4062.5,4053.7,4036.2,3997.2,4026.5,4085,4038
KNRCON,338.8,335.45,345,339.95,339.5,347.65,345.75,339.45,335.95,325.2,319.6,318.25,315.65,315.25,341.1,346.15,342.65,345.8,346.35,328.85,335.65,336.7,335.6,322.25,315.3,320.4,317.8,320.45,319.95,319.95,313.35,305.4,302.7,295.1,290.3,286.35,290.05,289.95,296.75,278.4,279.1,280.75,292.8,284.2,281.25,269.6,263.85,260.5,246.6,242.1,234.5,237.25,237.8,233.6,229.7,228.15,223.4,220.4,215.47,219.97,219.83,221.9,224.03,211.71,210.44,210.48,208.53,205.77,217.92,243.26,240.35,243.44,240.67,238.69,230.57,226.58,228.13,228.95,229.85,234.09,223.83,217.51,219.58,219.85,227.62,232.17,228.15,226.61,232.25,234.28,233.74,242.23,231.26,231.7,228.1,218.71,218.33,221.07,210.67,212.33,211.29,213.32,221.36,224.35,225.62,228.77,234.93,238.31,232.77,234.82,230.48,224.78,223.61,221.33,220.15,220.81,210.8,208.06,207.22,208.65,209.47,211.11,216.56,220.18,220.73,216.16,215.81,212.91,210.41,212.22,207.74,211.32,208.95,212.18,230.68,226.35,223.66,222.74,219.6,218.61,223.43,223.96,221.18,218.82,219.04,218.57,215.38,218.96,219.17,222.21,223.28,223.89,223.9,225.9,224.48,223.8,216.97,213.05,212.52,211.91,213.95,211.7,211.03,211.44,209.04,208.07,208.59,210.3,201.89,201.05,198.69,198.24,202.88,203.81,202.38,199.61,200.21,194.42,192.58,190.88,193.77,196.19,196.7,201.38,198.97,200.3,196.59,194.96,196.76,195.99,194.7,194.72,204.08,207.52,204.08,209.71,206.35,207.39,200.91,198.09,197.08,198.33,198.99,198.06,196.22,194.95,193.53,192.84,193.44,190.37,185.75,185.85,185.93,188,189.36,190.85,189.81,187.74,186.43,188.73,186.33,184.1,181.23,181.2,179.46,179.02,180.2,179.3,177.59,176.84,170.18,168.21,172.63,170.38,168.19,166.78,163.89
EXIDEIND,467,464.7,468.1,461.5,455.15,459.55,451.1,444.7,439.7,426.3,416.75,418.15,418.3,418.4,411.25,416.55,421.35,429,424.75,408.95,409.05,405.45,397.45,389.1,372.6,382.25,382,387.95,389.55,391.55,377.15,375.7,383.5,369.05,347.75,343.35,353.1,360,374.5,373.65,380.25,384.85,378.2,377.1,371.7,362.9,365.7,366.95,358.55,361.8,360.55,364.05,374.95,365.3,364.5,363.85,354.5,347.8,346.3,345.7,356.4,355.5,355.85,346.9,344.6,340.65,333,335.65,342.75,350.15,355.65,358.65,366,360.2,359.1,360.05,360.45,364.8,371.6,372.2,364.4,353.4,357.65,364.35,369.3,379.7,377,375.3,383.9,380.95,380.8,382.45,370.5,377.3,369.95,351.75,355.15,366.15,370.25,376.05,360.85,360.95,378.05,375.1,382.85,383.85,393.05,392.8,383.35,384.8,382.4,382.15,386.8,385.2,386.7,388.8,386.85,387.35,386.2,388.9,391.15,393.3,400.8,403.8,405.55,394.35,384.85,384.3,382.95,378.15,374.75,380.25,378.3,384.6,385.8,388.85,388.45,387.75,385.85,382.85,382.9,383.45,386.15,388.7,387.5,388.95,380.65,383.35,386.5,385.95,383.55,384.05,389.1,394.25,391.75,391.2,380.6,382.1,391.7,391.05,384.3,379.25,390.8,384.75,381.55,379.9,375.65,377.65,376.4,375.7,374.45,376.3,392.8,396.3,400.45,396.05,400.25,396.8,394,396.25,412.25,416.2,419.1,405.65,412.75,427.35,426.75,422.25,422.7,418.55,415.65,418.2,418.8,425.15,414.5,403.85,403.25,399.6,393.15,388.8,388.55,390.75,395.05,398.05,399.95,402.85,398.35,397.6,400.65,398.5,393.15,390.6,397.85,400.95,398.85,399.35,392.15,388.7,379.95,380.7,384.6,383.05,381.9,383.3,379.7,379.85,377.35,379.1,377,380.4,379.7,381,382.7,381.5,380.9,380.8,375.35
CRAFTSMAN,4899.3,5088,4988.45,5002.6,5095.3,5030.8,5097.85,5663.7,5365.35,5193.25,5213.45,5208.2,5365.9,5415.95,5357.25,5385.1,5324.2,5336.85,5327.6,5227.9,5254.15,5202.85,5197.25,5200.15,4974.75,4975.15,4817.45,4850.95,4733.25,4696.35,4632.55,4565.7,4620.7,4595.9,4578.75,4411.25,4304.8,4061.85,4177.2,4232.85,4386.55,4331.35,4145.9,4090.05,4078.25,4011.55,4006.15,4013.1,3933.05,4020.8,3978.25,4097.15,4026.45,4061.55,4048.7,4078.8,4181.05,4501.85,4486.85,4531.1,5103.45,4954.2,5000.65,4999.55,4900.85,4885.05,4735.05,4787.4,4911.9,4733.45,4729.7,4814.45,4795.55,4883,4887.9,4794.6,4877.3,4755.65,4796.1,4684.1,4589.75,4448.85,4398.5,4290.5,4364.15,4609.1,4588.7,4759.9,4772.5,4777.6,4846.3,4879.5,4779.6,4748.1,4881.1,4605.3,4654.6,4809,4764.1,4644.1,4577.1,4867.5,5031.4,5156.2,5335.7,5342.1,5249.6,5312,5250.9,5298.7,5540.5,5497.7,5472.6,5712.2,5689.4,5601.1,5604.4,5587.5,5514,5522.5,5506.5,5604.5,5552.5,5472.5,5394,5259,5301.5,5260.5,5289.5,5245.5,5191,5160,5271,5247,5465.5,5472,5494.5,5570.5,5701,5747.5,5753,5903,5876,5843.5,5989.5,5952.5,5937,5955,6129,6201,6490.5,6402.5,6532,6555.5,6405.5,6336,6276.5,6236,6448,6863.5,6752,6465,6628,6457.5,6347.5,6399,6520,6859,6881,7013.5,7093,6882.5,6876,6892,6898.5,6823,6839,7158,6966.5,6912.5,7159.5,6967,6897.5,6835.5,6894,6837,6773.5,6657.5,6777.5,6693.5,6590,6748.5,6801.5,6772.5,6777,6776.5,6804.5,6826,6762,6779.5,6719,6793.5,6716.5,6773.5,6788.5,6686.5,6634,6589.5,6548,6484,6476,6424,6800.5,6739.5,6693.5,6726,6668.5,6519,6480.5,6447,6471.5,6654,6680,6793.5,6827.5,6772.5,6770.5,6789.5,7175.5,7072,6830.5,6746,6784,6707,6776.5,6770,6744
BHARTIHEXA,1457.8,1407.15,1406.65,1421.8,1484.45,1449.3,1450.3,1545.85,1506.5,1503.6,1489.05,1491.1,1457.05,1461.35,1519.75,1456.9,1483.6,1477.7,1494.7,1485.85,1494.1,1479.15,1475.65,1452.75,1416.45,1396.15,1356.35,1354.65,1324.4,1302.35,1276.05,1268.75,1313.95,1314.4,1334.45,1299.55,1342.15,1356.75,1354.9,1374.6,1380.1,1352.45,1310.4,1465.8,1370.85,1358.5,1350,1365.65,1365.55,1328.95,1339.1,1365.9,1363.1,1318.05,1262.35,1246.6,1306.1,1304.4,1296.45,1288.8,1381.3,1342.35,1343.05,1335.55,1449.65,1357.4,1353.7,1348.25,1320.95,1322.45,1328.35,1337.1,1389.8,1441.1,1474.9,1452.15,1463.8,1470.3,1446.95,1454.35,1465.95,1400.1,1427.05,1432.5,1504.75,1510.1,1513.8,1583.1,1643.9,1641.5,1646.7,1640.8,1584.9,1589,1597.5,1689.1,1701.9,1685.1,1692.4,1710,1730,1719.7,1758.3,1703.3,1698.7,1687.2,1668.7,1688.2,1669.2,1687.7,1698,1670.5,1691.6,1730.6,1785,1789.1,1830.7,1850.6,1887.2,1880.3,1878.5,1819.2,1793.8,1765.7,1801.7,1781.4,1783.9,1768.1,1739.2,1751.8,1748.8,1819.2,1796,1855.5,1869.2,1812.6,1960.1,1952.7,1984.6,1965.2,1928.5,1906.4,1839.8,1789.6,1785.9,1791.6,1791.1,1761.9,1774.7,1809.6,1800.3,1792.4,1822.6,1813.7,1814.3,1825.1,1779,1758.4,1792.5,1799.5,1847.7,1844.6,1859,1847.3,1795.2,1741.2,1755,1756.2,1751.2,1697.6,1700.9,1730,1767.8,1772.9,1801.4,1859.6,1859.6,1839.7,1785,1774,1770,1772.5,1787.1,1774.7,1745.9,1745.7,1770,1739.1,1727.7,1706.2,1700.2,1736.2,1726.3,1711,1714.7,1690.4,1710,1687.6,1727.8,1676.3,1630.5,1659.8,1660.8,1639,1668.1,1766.3,1740.4,1747.3,1751.9,1789.9,1756,1734.9,1750.4,1816.2,1803,1812.7,1781.9,1787.6,1870.1,1846.5,1914.3,1866.7,1860.8,1867.3,1873,1813.9,1761.8,1771.1,1796.4,1800.9,1806.1,1776.9,1785,1829.3,1828.1,1836.1,1759.3
RENUKA,43.14,43.13,43.72,42.87,42.39,42.05,41.41,40.57,41.07,39.78,40.07,40.09,39.7,39.68,39.01,39.47,40.14,40.05,40.22,38.43,38.98,39.04,38.33,37.12,34.47,35.96,36.75,38.63,38.33,39.14,39.22,38.42,38.04,37.67,35.98,35.81,37.83,37.21,37.83,36.41,36.66,36.76,36.81,36.19,35.83,34.51,32.26,31.88,30.04,29.98,28.98,30.3,30.74,30.26,29.89,29.68,28.63,27.51,26.91,27.28,28.54,29.18,29.15,27.8,28,27.97,27.39,28.41,29.93,29.36,30.24,30.38,29.18,28.06,28.35,27.58,28.66,28.58,29.06,27.64,26.41,26.81,26.12,26.98,28.36,28.65,28.67,29.35,30.21,30.08,30.54,29.41,29.17,29.38,28.79,28.37,28.63,27.84,28.25,28.2,27.46,28.93,29.51,30.57,31.87,31.85,33.36,32.53,32.32,32.22,32.71,32.58,32.54,33.19,33.31,32.82,33.18,32.87,33.15,33.13,32.81,33.47,34.16,34.66,34.02,33.25,32.97,32.14,31.84,31.12,31.41,31.27,31.77,33.13,33,33.03,33.12,33.06,33.29,33.21,32.89,33.3,33.25,33.07,32.94,32.54,32.29,32.45,32.56,32.36,31.95,31.39,31.79,31.55,31.45,30.9,30.09,30.72,30.65,30.03,29.93,30.03,29.79,29.41,28.96,28.54,28.42,28.25,28.15,28.08,28.47,29.47,29.89,29.43,29.02,29.4,29.17,28.69,28.36,28.79,32.44,32.53,31.39,32.13,31.87,31.53,31.29,31.37,31.23,31.3,31.34,31.23,31.97,32.31,31.77,31.4,31.6,31.27,30.24,30.1,29.76,30.03,30.53,30.19,30.74,30.78,30.39,30.46,30.14,29.78,29.75,29.64,29.21,29.58,29.87,29.81,29.87,29.64,29.27,30.04,29.77,29.53,29.73,29.23,28.91,27.83,28.63,28.26,28.24,28.26,28.23,28.15,28.27,28.23,28.24,27.96,27.45
NIVABUPA,89.34,92.7,89.97,85.25,83.6,85.19,83.84,81.41,79.78,76.27,76.63,76.12,81.25,79.66,78.85,84.11,83.76,82.15,83.33,78.91,80.42,79.24,77.82,77.03,75.24,77.37,78.65,82,81.38,83.08,81.03,79.53,81.07,78.64,75.2,76.33,80.57,79.49,81.14,81.17,82.06,80.84,81.02,79.69,81.51,79.99,79.32,79.98,79.54,76.94,75.27,75.08,76.9,77.75,77.75,77.1,73.72,72.97,71.12,72.5,73.26,71.05,72.3,71.23,71.07,72.01,71.24,71,71.46,72.27,74.96,74.6,74.21,72.07,71.52,76.66,78.08,75.92,76.51,75.84,74.41,71.73,73.01,73.53,73.82,74.57,76.1,75.8,77.99,77.62,83.77,88.15,84.62,82.33,81.51,81.59,82.19,86.15,80.73,81.03,87.3,86.73,85.07,84.84,84.51,84.55,90.41,91.15,90.99,89.62,88.54,89.38,91.27,87.09,87.94,92.35,92.29,83.11,83.1,82.97,82.58,82.97,83.32,82.99,82.59,82.2,81.41,81.81,80.14,81.02,80.04,81.15,81.75,81.66,82.02,81.98,81.82,81.77,81.92,82.23,81.97,85.05,83.88,83.77,89.14,90.26,88.69,91,88.94,89.84,90.76,89.29,88.71,88.88,86.78,86.56,83.93,82.95,84.36,85.17,87.55,81.51,82,81.71,80.59,80.37,79.99,79.65,80.83,81.45,81.93,86.29,84.2,84.36,85.51,85.47,83.85,83.37,81.57,81.52,82.23,82.83,83.83,81.26,84.67,83.23,81.94,81.83,81.67,81.61,81.76,81.84,81.66,82.09,82.39,82.84,81.73,81.19,80.98,80.47,83.18,81.84,81.84,81.06,80.25,79.73,79.62,80.07,79.34,77.21,77.29,77.84,77.98,75.91,74.46,75.71,74.6,74.3,74.59,74.04,75.12,74.86,75.06,74.06,76.4,75.43,76.03,76,76.02,76.45,76.09,76.57,77.96,77.41,76.03,76.9,75.57
SAREGAMA,506.35,507.8,515.8,499.45,496.55,495.35,497.45,499.85,498.05,496.6,474.25,477.1,465,467.15,461.4,462.8,480.6,478.25,551.1,572.45,573.35,548.45,552.3,529.55,522,541.15,531.4,515.45,522.2,550.05,537.3,529.75,522.25,508.85,470.15,478.75,488.75,471.75,476.05,541.75,523.65,526.65,529.5,529.45,537.25,517.45,520.65,518.5,486.75,477.25,471.55,498.55,501.65,500.05,497.45,497.15,480.55,443.75,448.4,465.4,477.25,478.45,490.9,486.05,484.55,479,495,487,499.7,502.3,516.95,508.25,514.55,520.65,507.55,512.45,511.65,516.25,514.85,506.3,499.65,490.2,499,512.35,524.05,535.95,548.05,554,555.45,562.2,565.55,544.55,546,556.1,560.35,524.05,532.8,540.9,533.1,534.6,547.05,535.25,543,544.2,548.15,555.4,540.15,530.9,537.6,536.15,537.65,543.05,554.9,559.15,554.8,548.25,542.55,546.85,552,567.5,579.9,573.5,564.4,559.5,548,542.8,537.15,543,542.9,524.2,513.25,499.7,503.65,503.45,502.25,500.85,501.8,498.45,494.65,492.5,497.75,494.35,489.55,493.95,502.25,500.45,490.4,483.7,483.5,480.6,487.1,509.5,508.1,501.6,494.65,494.15,485.65,474.4,480.7,483.1,483.3,473.55,471.15,480.8,485.6,482.95,495.65,486.25,478.75,480.25,479.75,485.75,482.75,485.65,482.4,489.3,487.35,476.95,479.85,482.3,484.7,491.9,494.6,490.9,490.15,502.05,500,499.7,496.6,492.75,490.85,495.05,493.7,492.1,490.6,484.45,481.8,476.4,473.7,472.25,464.3,469.15,472.95,472.9,466.05,471.45,460.55,452.15,451.75,458.95,461.25,459,457.9,451,454.65,455.85,451.8,457.75,453.45,455.15,458.35,459.75,454.9,456.15,452.45,426.35,409.1,418.95,407.7,407.8,396.8,399.9,396.25,396.55,388.35,388.2,375
CHAMBLFERT,528.15,536.8,534,529.95,527.85,531.95,529.6,524.15,527.35,509.15,507.75,502.95,500.4,499.6,490.35,493.95,503.65,506.3,500.3,479.6,502.15,500.5,492,481.4,454.4,475.05,485.3,496.6,500.85,497.9,492.95,497.55,509.3,496.05,478.6,467.5,490.85,494,504.1,494.75,512.75,517.8,519.85,555.75,547.3,526.45,529.3,535.25,528.15,542.8,537,536.8,561.35,550,537.85,564.2,574.75,533.7,545.35,536.2,571.1,576.9,571.2,574.05,563.6,565.35,556.55,579.6,568.6,586.95,579.55,597.05,619.5,614.35,618.05,619.35,625.5,621.4,634.2,629.3,624.6,612.8,631.65,638.05,645.25,664,654.75,673.6,690.1,684.7,688.6,688.25,676.85,690.95,691.6,692.65,695.1,690.85,726.65,709.7,691.05,693.9,689.35,657.55,647.95,636.1,632.1,621.75,603.4,603.85,591.1,594.3,586.8,594.1,582.2,585.95,551,555.45,561.9,559.3,552.6,540.05,551.95,565,564.75,544.5,549.45,558.25,555.45,551,543.75,550.85,563.3,562.75,560.3,557.9,560.25,565.25,558.8,549.9,565.15,563.3,557.7,554.05,554.85,550.65,535.2,544.75,553.4,552.1,554.9,548.65,551.7,550.2,558.9,554.45,538,529.9,532.7,538.2,514.9,518.3,532.15,567.5,569.5,561.65,530.55,522.25,536.65,527.3,528.6,534.75,549.85,562.95,562.65,561.55,555.7,552.7,541.75,540.1,544.85,559.05,569.75,557.65,553.4,549.55,537.9,545.1,543.25,539.25,538.9,545.45,554.2,547.6,543.2,539.75,537.1,532.8,527.9,519.7,508.4,510.75,510.6,519.7,516.95,510.65,510.35,507.05,498.35,499.1,483.2,485.05,490.25,484.15,483.05,488.65,494.65,488,486.85,487.4,495.4,484.6,480.85,488.3,481.5,484.7,479.85,468.85,464,466.6,466.1,463.55,469.3,464,457.25,457.5,459.15
PNCINFRA,314.65,309.6,347.9,334.8,328.3,335.05,327.95,320.3,319.65,311.75,306.95,308.1,330.1,328.2,325,333.55,328.6,328.75,322.05,310.75,311.05,307.8,306,295.85,281.05,305.75,302.3,304.9,309.3,311.55,309.7,311.1,307.25,305.7,298.05,297.1,305.25,307.35,319,294.7,293.3,297.4,300.65,294.2,300.25,287.05,277.65,275.95,266.25,257.8,253.35,254.85,261.05,269.15,274.3,278,273.2,258.95,254.75,253.4,271.55,268.4,270.35,259.5,254.45,260.4,258.95,260.05,266.2,269.5,273.8,274.2,269.55,261.25,259.9,253.2,261.85,265.05,273.15,268.6,262.55,261.1,256.95,260.2,271.35,273.55,276.55,278.75,279.1,280.85,281.55,274.8,275.35,272.1,265.45,264.25,264.1,254.45,250,247.8,246.05,259,260.35,259.95,265.1,280.2,293.5,289.7,295.25,294.4,294.95,292.8,293.85,300.55,302.7,291.95,287,283.65,285.2,299,305.15,313.45,315.25,316.6,309.9,305.9,302.85,299.55,299.45,294,293.9,296.3,301.7,302.9,303.3,303,308.6,307.5,307.1,306.85,306,301.95,304.3,304.8,304.1,303.55,305.05,306.2,311.25,319.1,313.85,315.15,314.5,316.35,312.25,304,299.05,319.3,315.65,313.3,316.2,316.65,311.75,304.75,307.45,307.1,304.8,306.75,309.3,308.35,309.4,313.1,311.25,312.55,309.1,304.95,300.25,300.3,303.95,303.1,303.9,305.7,305.05,313.05,309.85,305.35,304.2,303.65,303,303.85,304.6,309.3,310.45,306.65,307.85,305.9,304.55,300.5,296.85,292.95,294,294.55,295.25,291.5,292.1,286.3,289.3,288.8,283.85,282.8,284,287.25,288.15,286.2,287,285.15,282.9,281.3,279.95,282.65,284.65,280.45,284.95,282,279,277.45,276.8,274.2,281.45,278.2,274.05,266.9,263.4,262,262.65,261.45,251.75
SUMICHEM,545.05,545.7,534.25,529,525.75,532.35,534.35,532.7,517.65,525.7,511.75,527.15,526.6,518.8,535.75,532.7,529.8,541,536.95,515,524.05,510.65,498.25,476.05,464.4,474,476.95,483.45,495,496.3,491.2,478.25,481.95,484.7,505.85,497.4,502.8,519.4,511.7,517.5,524.1,523.9,535.45,533.1,502.95,492.35,482.85,483.7,470.95,473.65,476.35,484.8,495.45,495.5,483.55,474.5,474.6,460.6,462.7,472,480.25,500.15,491.9,491.8,493.45,493.3,486.35,489,488.95,510.2,524.4,535.05,535.3,526.65,534.1,530.35,559.35,552.75,571.05,572.9,560.15,538.2,559.75,558.6,565.25,555.25,556.8,552.85,552.95,554.45,551.15,533.35,512.8,510.05,504.8,508.6,524.45,514.2,501.45,517.55,507.55,501.2,519.2,523.3,526.05,521.4,538.45,532.15,539.15,534.7,531.55,531.4,534.05,503.2,510,502.85,506.75,505.2,503,501.2,517.4,518.85,518.35,511.05,504.95,496.9,494.7,494.9,497.4,499.5,502.25,491.95,512.8,521.05,511.55,515.45,522.7,529.6,517.95,525.55,527.85,536.05,553.85,552,544.9,539.85,542.6,542.45,565.85,585.5,595.25,606.15,584.65,593.55,588.3,590.95,584.9,580.3,604.7,652.25,648.7,630.65,637.8,632.55,604.75,589.1,577.1,583.4,594.5,597.05,586.45,577.4,585.3,590.15,593.4,598.05,587.15,570,566.8,566.15,569.2,570.95,590.55,584.5,569.5,565.75,566.15,573.25,569.85,554.7,552.5,552.5,569.05,564.55,601.8,582.2,567.2,563.2,555.8,535.45,531.4,533.25,544.05,538.3,541.6,534.35,529.8,524.65,527.75,524.25,520.4,518.2,517.7,526.4,523.75,529.8,518.75,517.9,518,512.1,506.55,508.75,502.2,507.85,499.45,480.05,475.15,472.7,473.8,475.65,468,464.8,463.35,456.15,458.1,455.35,451.7
MINDACORP,519.95,542.05,547.2,538,528.1,524.1,517.1,516,518.7,508.2,501.4,501.85,497.55,496.55,488.1,489.5,521.5,514.05,506.9,509,530.5,532.9,528.95,525.5,508.35,541.95,568.25,590.8,583.5,591.55,580.8,570.75,577.1,567.9,544.5,542.15,545.2,532.85,570.4,556.8,580.55,577.9,579.5,576.95,558.25,537.15,538.65,529.7,519.2,517.55,501.65,548.05,539.3,526.8,517.15,508.25,501.5,480.3,489.7,499,517.05,519.3,519.95,515,515.05,515.2,510.45,527.95,529.95,530.4,533.9,541.15,540.1,535.9,538.2,539.3,544.15,537.65,533.75,519.35,481.2,483.3,475.4,494.5,508.3,507.1,510.35,522.15,517,520.1,516.1,505.25,509.75,504,486.45,491.8,495.2,477.5,482.8,477.3,468.2,482.45,486.35,501.05,507.4,502.7,517.2,501.35,505.2,511.8,514.1,523.35,550.55,540.1,533.3,522.75,514.05,513.2,516.95,536.75,560.05,568,574.35,573.1,553.9,547.1,535.2,527.4,538.4,510.75,505.1,504.85,510.55,511.65,511.95,513.1,521.5,521.5,519.95,518.9,520.65,524.4,519.2,517.05,517.2,503.35,516.4,519.35,522.85,536.5,529.65,519.15,518.3,516.2,514.25,510.95,510.1,512.5,505.9,499.3,490.2,496.35,483.4,474.9,461.65,458.8,459.65,471.35,490.85,495.15,510.65,516.85,507.95,500.05,507.85,512.85,499,501.3,498.85,507.1,507.6,506.7,502.5,504,520.6,515.25,509.9,507,511.6,509.65,518,531.75,531.45,549.25,532.8,534.5,579.1,575.05,571.3,568.85,569.45,579.8,588.3,579.6,594.35,582.15,582.05,588.95,569.65,564.2,568.75,583.05,568.5,577.4,576.95,567.2,565.05,562.8,566.65,575.1,569.15,563.7,588.85,591.4,573.35,579.2,590.35,597.4,607.6,605.35,601.15,605.45,595.25,605.3,601.95,595.2,586.2
DELHIVERY,371.1,380.6,379.45,382.35,390.6,393.05,383.1,370.4,358.6,349.6,359.1,354.55,350.95,350.75,347.95,346.15,348.4,349.85,341.8,337.55,337.15,334.75,336.35,333.85,321.15,324,324.85,332.25,338.55,345.2,329.25,322.3,326.95,321.75,312.9,311.45,323.45,322.6,321.05,323.35,328.8,328.35,321.95,315.1,297.25,284.15,273.8,281.8,266.25,267.35,267.5,276,274.95,273.35,272.9,261.9,256.05,249.85,253.68,247.19,255.72,260.99,255.45,250.82,248.38,240.29,241.76,251.8,260.96,257.07,263.62,259.82,257.2,254.69,252.92,255.1,260.75,259,263.55,258.8,268.35,248.9,243.35,246.95,258.6,263.05,281.05,292,294,302.8,300.7,304.9,304.35,309.85,305.55,307.35,305.65,302.1,304.5,301.3,300.2,311,318.7,323.95,324.1,320.85,351.25,349.55,348.1,350.9,354.5,362.55,363.05,358.55,360.15,358,366.6,369.7,369.4,369.25,367.05,371.85,366.5,365.4,357.6,360.05,365.3,358.75,365.35,355.25,357.85,360.55,377.05,388.15,384.8,382.65,382.8,383.95,386.35,388.85,390.1,396.1,408.8,421.3,415.1,411.25,406.35,417.55,421.15,425.3,425.45,433.1,436.85,444.2,437.85,425.35,428.85,421.95,409.15,425.25,429.85,461.6,458.05,454.8,465.75,464.65,467.95,463.6,467.1,464.1,465.2,471.7,471.1,471.95,473.6,476.85,478.5,469.15,468.05,473.75,472.05,478,470.65,468.75,474.4,463.95,464.35,470.3,467.75,470.95,475.6,482.6,484.5,478.8,467.9,459.05,456,455.4,445.7,439.9,450.05,434.45,437.3,462.6,468.95,467.3,468,464.85,473.8,469.35,460.75,446.8,465.35,474.9,476.55,473.7,466.9,473,475.8,484.7,475.3,465.95,472.25,484.85,442.6,429.55,427.6,430.1,431.4,434.05,436.4,440.1,435.85,436,426,418.4,405.85
JBCHEPHARM,1782.65,1794.7,1814.7,1840.75,1841.35,1821.7,1829.25,1855.8,1913.25,1891.9,1859.7,1857.05,1808.75,1818.55,1857,1844.15,1878.2,1864.55,1867.6,1827.2,1896.4,1896.35,1870.3,1823.05,1785.6,1760.95,1765.6,1785,1747.8,1802.45,1792.75,1803.9,1805.65,1779.95,1761.65,1714.45,1719.9,1746,1763.9,1716.4,1742.15,1713.8,1716.45,1671.25,1678.55,1613.15,1626.1,1683.7,1669.3,1640.75,1614.95,1674.2,1630.05,1606.85,1570.9,1591.95,1577.8,1644.35,1598.75,1606.85,1643.65,1592.15,1578.25,1590.8,1568.1,1504.4,1517.8,1520,1590.3,1599.35,1630,1650.3,1679.65,1730.4,1708.75,1615.7,1623.2,1550.4,1566.7,1580.6,1529.35,1517.85,1522.55,1542.5,1571.6,1591.5,1628,1646.3,1658.7,1656,1585.5,1609.1,1573.7,1600.4,1585.5,1612.4,1576.8,1570,1504.4,1536.8,1544,1524.6,1557.2,1582.9,1612.7,1639,1647.2,1663.9,1702.1,1670.5,1684.8,1702,1702,1688.6,1667.6,1690.4,1676.3,1683.5,1691.7,1698.2,1699.5,1702.3,1677.4,1667.8,1717.6,1745.3,1734.4,1735.2,1727.4,1720.9,1671.7,1772.6,1795.9,1799.1,1797.1,1752.3,1801.4,1679.3,1645.6,1641.1,1639.4,1638.1,1632.9,1625.4,1632.6,1614.4,1608.6,1637.9,1650.1,1655.1,1664.1,1654.1,1684.8,1687.6,1689.1,1695.6,1708,1709.8,1802.6,1782.6,1769.3,1738,1712.4,1694,1659.5,1689.4,1690.9,1711.1,1703.8,1715.5,1716.7,1715.8,1728.2,1728,1727.9,1747.9,1749.4,1719,1706.4,1724.3,1725.5,1715.4,1728.9,1723.4,1718.3,1725.2,1729.1,1709.7,1705.5,1699.9,1679.4,1683.8,1693,1690.8,1714.2,1719.8,1723.4,1695.6,1669.4,1670.1,1705.1,1709.7,1689.7,1668.4,1658.8,1656.7,1677.2,1673.6,1673.3,1660.2,1659.1,1667.5,1671.3,1693.4,1691.2,1690.8,1708.8,1702.2,1701.2,1686,1696.9,1706.4,1682.3,1712.3,1698.4,1691.8,1702.9,1813.3,1828.4,1819.5,1818.6,1823,1821.5,1797.6,1752,1748.4,1729.6
RCF,88.9,90.26,91.26,85.2,81.12,80.48,82.12,81.22,82.6,80.28,82.3,81.72,82.74,82.62,84,82.94,85.42,83.36,82.06,83.84,84.88,84.02,86.26,87.8,85.78,89.72,90.62,92.6,90.8,92.64,92.08,84.78,90.26,91.92,93.42,94.76,95.9,98.76,100.2,102.3,100.8,101.15,98.04,98,100.75,100.75,100.8,98.56,102.55,92.6,97.94,97.58,100.2,107.65,101.3,99.6,96.36,96,95.74,96.16,96.24,96.1,93.7,91.06,92.66,93.88,94.24,98.36,96.14,92.86,88.5,88.1,83.62,83.94,86.5,81.56,90.8,90.38,89,89,90.58,91.44,91.98,91.2,93.94,96.28,89.52,87.56,90.84,89.72,90.26,93.4,97.02,98.2,98.42,95,95,92.88,93.72,91.72,95,89.46,89.72,89.06,88.9,88.52,86.02,87.96,90.4,91.36,93.88,94.88,92.84,87.92,92.64,89.94,81.82,78.54,75.56,76.28,79.28,78.66,79.9,82.34,82.36,83.22,85.08,86.6,84,84,87.6,88.6,84.88,86.1,85,86.58,86.3,84.78,85.08,88.28,88.08,89.42,88.4,88.16,83.86,85.54,68.06,65.8,68.74,68.14,70.62,70,68.8,69.66,70.9,72.76,73.56,72.46,73.08,72.1,68,71.4,68.6,64,67,68,66.06,64.04,65,63.92,62.94,63.3,62.4,62.98,62.86,62.5,65.46,63.8,62.5,62.56,63.3,65,65,65,65.78,63.2,65,63,63,63,63,63,65.26,65.26,65.26,64.76,64.76,64.1,65.6,62,61.86,60.9,61.28,64,61.5,60.02,58.5,59.38,60.74,59.46,57.46,56.26,58.2,56.76,58.36,60.4,59.42,57.5,57.5,59.26,57.6,57.6,56.96,58.72,60.12
STARHEALTH,468.15,462.45,458.35,463.5,464.85,476.15,478.8,487.45,493.15,485.8,475.2,483.6,486.55,477.15,480.7,474.95,481.35,488.65,482.95,479.3,481.5,474.7,474.2,462.6,463.95,461.15,462.7,466,462,461.45,463.25,459.45,461.95,455.35,445,444.85,438.6,434.95,433.25,440.15,438.45,439.45,435.5,432.65,418.7,399.6,391.3,397.15,392.3,394.05,391.95,389.7,389.55,384.8,374.55,366.05,364.55,375.3,365.15,358.95,367.2,368.95,366.55,364.75,364.65,352.7,354.05,354.5,356.15,358.9,364.45,359,347,353.05,358.3,356.65,344.9,343.1,350.6,348.05,346.25,349.65,358.2,360.3,383.15,386.15,390.4,394.9,400.8,406,403.05,397.7,397.9,398.2,389.8,377.5,373.15,356.1,356.9,354.95,359.7,373.4,389.4,403.6,420.1,450.9,445.6,436.8,437.3,447.85,463.05,463.65,465.75,476,478.75,477.65,474.1,472.55,467.1,470.5,470,466.7,461.4,463.05,455.35,443.7,450.2,438.1,436.35,428.6,425.75,431.2,427.9,430.1,423.6,418.7,422.7,423.85,419.9,418.9,423.25,422,427.7,432.15,427.15,424.8,422.2,428.35,439.5,434,433.4,442.4,444.2,442.45,430.4,425.1,423.6,426.75,447.8,444.65,435.55,435.3,432.9,430.9,432.7,434.9,435.25,444.85,444.75,438.55,446.65,438.75,436.3,440.2,444.55,443.5,435.05,442.75,446.85,449.5,439.75,452.05,443.85,441.75,451.6,440,438.8,443.7,443.35,442.6,450.85,450.45,448.55,449.5,448.7,450.85,456.3,455.9,445.85,438.6,446.75,457.6,457,457.5,476.4,482.1,478.6,478.75,479.7,467.45,485.1,490.45,503.95,495.1,495.6,493.9,488.05,487.4,494.65,480.45,481.05,494.4,487,488.55,486.7,488.65,490.75,490,497.6,500.85,522.45,520.25,515.55,507.75,505.55,491.4,496.9
AMBUJACEM,571.3,573.5,578.45,571.75,572.75,576.95,571.1,564.55,563.3,548.8,550.65,543.1,548.8,547.95,544.6,535.8,538.6,549.85,548.7,529.9,535.75,538.05,525.25,511.25,493.2,515.35,519.3,540.15,536.25,535.35,531.75,536.65,548.8,551.8,534.9,543.15,522.1,509.55,512.8,495.15,513.7,521.8,514.15,512.75,506.75,499.9,501.1,502.5,489.5,488.3,486.75,479.9,482.85,481.95,470.4,469.25,469.8,464.95,471.8,475,491.1,498.5,499.8,489.6,495.55,489.2,485.8,491,498.15,507.05,504.7,514.5,519.3,520.55,532.45,542.8,538.35,529.9,534.05,540.7,528.2,525.2,536.8,547.8,548.65,558.05,565.75,569.8,578.9,577.9,574.35,572,548.7,544.95,533.95,539.7,531.7,541.4,535.15,535.2,524.4,527.45,541.65,536.9,543.6,547.55,563.5,565.55,562.05,567.8,567.75,570.9,567.15,562.7,561.65,561.45,553.5,555.55,552.4,552.45,550.15,555.15,560,561.1,561.25,548.35,542.5,550.15,550.9,545.05,532.8,533.45,535.55,554.2,559.4,566.75,574.95,577.45,580.25,594.2,588.75,595.75,592,591.55,590.35,585.4,587.15,590.15,593.1,595.5,594.6,596.7,613.25,620.55,620.4,620.4,613.1,611.05,610.05,617.85,592.7,607.95,605.25,602.7,589.9,592.35,580,588.85,587.15,580.85,578.05,590.05,592.4,591.9,588.75,577.15,581,572.8,561.8,563.2,567.1,567.25,573.75,567.7,566.7,570.3,567.6,566.85,560.4,560.55,568.75,573.65,582.05,581,582.45,590.3,591.6,582.65,579.4,565.2,562.15,569.95,571.1,576.15,573.8,569.95,566.3,565.9,569.25,566.75,563.6,567,569.7,563.6,565.5,567.5,564.35,555,560.25,554.9,571.75,567.9,565.4,577.2,567.4,558.4,558.8,556.1,557.55,562.55,559.35,563.2,560.3,557.8,555.3,555.75,547.55
HINDUNILVR,2400.75,2397.35,2401.35,2344.95,2390.1,2366.15,2363.25,2359.2,2359.85,2333.9,2338.9,2335.55,2332.75,2341.25,2343.5,2326.85,2322.1,2370,2406.25,2376.2,2390.8,2401,2435.4,2442.05,2451,2367.95,2373,2345,2354,2345.2,2340.5,2342.95,2321.7,2368.1,2392.85,2388.85,2383.95,2408.75,2468.8,2441.95,2438.05,2391.05,2372.7,2363.85,2361.45,2315.25,2332.5,2321.5,2318.35,2329.4,2296,2250.4,2248.05,2241.65,2241.45,2259.3,2244.95,2190.25,2176.85,2157.35,2170.45,2218.95,2204.55,2247.75,2216.95,2192.9,2174.8,2171.25,2201.4,2200.05,2242.4,2246.2,2256.2,2271.3,2245.95,2244.65,2258.85,2233.85,2237.9,2244.55,2244.55,2249.4,2289.25,2350,2366.15,2361.5,2366.6,2375,2351,2398.7,2423.8,2325.3,2332.2,2318.6,2321.7,2342.1,2323.9,2348.6,2381.8,2370.8,2354.9,2332.9,2382.5,2360,2350.5,2355.2,2381.4,2382.7,2341.1,2363.9,2330.7,2359.2,2394.1,2380.2,2362,2366.7,2348.3,2371.6,2352.3,2364.5,2376.4,2389.8,2393.2,2395.2,2376.4,2332.7,2319,2327.4,2328.6,2297.3,2294.2,2306.2,2275.1,2263.1,2278.7,2280.8,2306.9,2294.6,2295.5,2307.1,2313.4,2339.3,2410.4,2392.7,2423.4,2408.4,2519.6,2516.6,2526.9,2517.6,2509.8,2489.6,2464.9,2479.7,2450.4,2437.8,2415.4,2441.6,2453.6,2437.4,2521.2,2553.7,2543.7,2534.7,2535.6,2517.5,2498.6,2518.4,2483.8,2495.1,2480.6,2568.1,2604.8,2669.8,2648,2629.9,2631.6,2692.6,2654.4,2659.8,2649.5,2677,2664.7,2666.6,2633.4,2623.9,2642,2643.5,2622,2580.5,2581,2580.9,2569.7,2586.8,2559.6,2572.2,2522.2,2549.5,2538.3,2511.8,2497.9,2514.4,2536.2,2544.9,2541.8,2517.2,2500.1,2517.6,2528.9,2492.8,2502.3,2519,2561.5,2603.7,2594.4,2591.7,2601.6,2516.4,2511.8,2497.1,2488.1,2469.6,2465.5,2460,2445.7,2436,2414,2408.8,2427.5,2424.5,2407.6,2427.7,2425,2404,2441.6,2428.4,2433.7
VOLTAS,1764.35,1766.55,1797.2,1787.65,1807.5,1808.1,1769.65,1757,1738.25,1686.5,1695.55,1675,1711.3,1705.3,1771,1789.95,1826.95,1835.8,1824.7,1776,1779.7,1764.45,1727.9,1663.5,1591.9,1637.65,1625.15,1587.6,1596.95,1546.35,1504.35,1487.05,1497.65,1456.6,1418.75,1430.95,1474.1,1269.3,1260.85,1401.3,1400.6,1394.5,1351.7,1383.25,1368.4,1292.65,1299.15,1248.55,1213.85,1241.6,1226.85,1284.1,1279.15,1269,1277.15,1277.7,1312.65,1320.1,1366.15,1409.55,1387.8,1406.25,1405.45,1397.75,1406.1,1445.45,1402.55,1459.5,1467.4,1495.2,1469.9,1429.5,1449.1,1422.05,1428.65,1423.4,1458.7,1352.05,1344.8,1352,1298.1,1294.95,1320.65,1277.75,1284.9,1289.3,1277.1,1284.9,1318,1344.6,1299,1276,1229.4,1246.4,1264.6,1236.1,1207.8,1240.3,1229.6,1244,1223.1,1235.6,1265.7,1257.7,1248.5,1262.4,1261.4,1270,1239.4,1268.6,1272,1260.3,1253.8,1261.7,1257.8,1262.1,1262.8,1246,1228.1,1229.4,1247.5,1271.1,1286.5,1317.7,1312.3,1289.9,1277.2,1313.6,1294.2,1291.5,1261,1293.9,1294.2,1306.2,1311,1317.1,1305.3,1314.1,1326.5,1332.8,1367,1364.4,1365.7,1371.2,1366.9,1368.9,1369.5,1376.8,1396.6,1397.3,1390.7,1377,1385.7,1357.4,1367.6,1344,1315.6,1320.5,1335.1,1336,1327.7,1317.4,1341.8,1317,1314.2,1309.2,1304.9,1245.2,1245,1276.1,1274.8,1349.2,1378.9,1369.8,1362.7,1353.2,1357.4,1347.3,1359.3,1374,1411.9,1440.6,1430.3,1402.6,1432.8,1419.2,1412.3,1394.9,1395.3,1403.6,1415.8,1414.6,1411.9,1426.2,1419.9,1376.2,1372.7,1372.3,1372.4,1340.2,1374.5,1353.5,1353.5,1360.4,1366.7,1372.2,1367.3,1382,1417.3,1378.5,1391.7,1412.1,1415.6,1426.6,1444.8,1455.8,1431.2,1441.4,1436.6,1428.4,1418.8,1419.8,1383.6,1365.7,1359.4,1292.4,1321.5,1340.7,1303.8,1337.6,1336.9,1350.9,1373.9,1384.2,1401.8,1411.8,1395.8
MAHSEAMLES,756.25,779.85,782,780.6,786.95,778.1,750.65,730.8,745.45,709.85,707.75,711.45,705.2,695.25,699.35,700.95,760.25,750.1,745.7,710.3,725.85,712.5,693.25,661.35,627,643.65,648.45,653.5,643.4,653.55,642.6,628.25,631.95,648.45,612.85,605.55,620.9,618.3,620.3,612.9,621.7,618.8,654.3,641.3,620.35,613.3,619.8,617.4,610.5,605.95,603.6,608.2,646.45,664,645.3,653.85,627.25,612.8,602.5,627.45,636.65,643.4,653.5,638.95,651.5,652.1,661.4,671.9,689.45,701.5,720.6,710.8,712.55,696.75,682,692.15,682.75,735.1,731.75,726.95,699,642.4,660.5,632.05,663.9,681.1,688.6,699.5,705.85,700.7,690.5,695,672.25,687.15,676.55,655.45,649.45,656.2,636,641.7,631.95,634.1,680.2,670.15,686.2,688.4,696.8,701.35,687.5,693.35,696.9,690.55,693.4,705.15,702.3,692.45,691.45,702.55,677.85,670.5,671.3,672.85,684.35,695.5,719.35,706.35,694.75,691.4,686.05,681.25,667.55,674.05,678.3,687.05,736.55,760.7,762.3,762.9,759.3,754.45,737.45,748.85,741.2,718.25,702.65,708.8,697.5,706.1,708.9,730.8,723.65,713,703.85,704.85,734.95,727.35,706.05,687.8,692.6,689.95,700.75,671.35,674.2,685.5,670.35,665.2,659.55,653.95,679.95,685.15,674.45,677.1,677.15,681.5,675.05,668,665.3,656.9,654.85,641.45,648.65,656.1,662.85,646.8,633.65,637.1,638.65,635.4,635.35,626.85,638.35,629.35,631.25,629.9,630.9,613.95,600.5,603.7,610.65,596.8,591.95,597.95,593.2,601.55,597.75,584.95,584.45,583.35,584.1,582.3,576.95,580.15,580.05,568.2,570.6,583.95,570.8,570.7,578.5,574.2,572.8,579.25,568,580.7,573,547.65,548.55,550.45,554.05,562.3,562.75,562.95,563.4,565.2,565.45,571,572.05
COLPAL,2804.25,2849.2,2893.55,2842.85,2873,2831.9,2774.35,2776.45,2780.7,2750.85,2726.7,2732.1,2719.2,2726.45,2760.15,2680.65,2701.7,2780.6,2821.25,2753.45,2745.45,2789.75,2890.6,2830.7,2752.05,2713.3,2664.75,2652.55,2683.65,2708.6,2731.85,2771.55,2738.95,2751.9,2708.6,2679.4,2731.9,2771.3,2821.55,2763.5,2718.85,2703.5,2666.1,2612.2,2579,2550.5,2529.4,2475.35,2482.45,2462.4,2450,2460.45,2481.85,2458.75,2476.1,2520,2497.05,2464.6,2434,2390.15,2409.65,2452.1,2474.15,2440.45,2458.4,2432.5,2411.7,2389.5,2431.3,2413.85,2418.3,2401.1,2426.3,2378.4,2392.85,2394.3,2389.8,2350.5,2364.6,2409.85,2423.35,2388.25,2439.9,2508.1,2491.65,2513.7,2551.6,2570.5,2544,2658.8,2688.6,2732,2671.4,2694.5,2644.2,2587.4,2543.4,2621,2621.4,2634.8,2550.6,2550.5,2611.6,2598.9,2607.8,2655.4,2689.7,2711.5,2629.4,2659.3,2487.1,2479.4,2510.3,2513.1,2506.8,2486.9,2455.9,2474.3,2475.2,2482.1,2453.2,2432.5,2451,2449.9,2432.1,2406.4,2371.2,2385.4,2382,2398.4,2399.7,2402.3,2409.8,2424.8,2419.8,2375.7,2379.3,2407.1,2409.7,2434.6,2445.3,2446.7,2465.4,2451,2438.6,2411.3,2376.1,2378.1,2402.9,2380.4,2398,2394.2,2392,2379.5,2285.3,2259.5,2215.9,2205.8,2215,2237.1,2245.3,2258,2254.2,2230.5,2241,2240.3,2207.4,2212.4,2201.6,2171.7,2154,2225,2273.5,2356.5,2350.5,2299.3,2282.8,2284.1,2262.7,2331.8,2360.2,2413.7,2381.9,2464.6,2423.3,2388.8,2398.9,2407.4,2374.6,2353.7,2365.6,2355.8,2347.8,2365.6,2337.9,2344.8,2324.9,2319,2274.2,2224.3,2218.4,2222.4,2224.9,2213.9,2228.8,2231.4,2217.6,2208.6,2227.8,2221.2,2202.4,2227.1,2285.8,2295.3,2244.2,2260.6,2286.9,2239.4,2216.5,2232.7,2267.7,2255.3,2243,2200.4,2190.8,2173.6,2167.2,2171.2,2182.1,2177.4,2174,2172.7,2186.6,2180.7,2183.4,2179.7,2180.6
DABUR,506.85,506.95,508.35,506.65,512.8,509.95,505.4,505.4,503.95,502.55,509.5,509.95,505.6,507.15,505.25,507,510.95,513.35,524.9,504.85,508.85,513.75,521.15,517.9,510.75,512.5,515.5,522.4,526.05,521.6,521.25,520.5,524.6,521.65,523.85,525.35,518.1,533.7,529.85,534.55,541.05,531.5,526.2,527.1,528.1,517.7,525.75,519.85,519.9,520.55,515.15,504.45,510.35,508.65,505.7,510.95,503.25,493.3,491.75,483.7,487.7,495,495.8,493.35,497.55,499.95,500.95,495.3,498.75,495.45,499,506.8,507.2,509.25,508.85,512.85,506.5,497.5,495.75,465.4,461.75,451.4,459,465.25,461.3,473.75,481.35,479.3,475.55,484.4,486.2,491.7,484.6,482.2,483.65,487.75,480.5,481.85,480.6,482.1,468.7,462.75,475.05,473.75,468.95,469,476.65,483.45,475.65,481.75,477.05,481.95,480.3,484.1,484.7,482.1,482.95,484.45,485.65,491.85,488.7,481.25,485.6,489.55,486.5,472.95,466.5,471.7,472.05,470.2,465.1,466.9,467.5,475.1,480.25,481.55,486.35,485.25,482.4,487.55,491.6,495.1,512.75,513.1,522.15,522.4,530.85,526.2,527,527.95,528.7,522.6,514.55,515.05,513.85,512.55,511.35,522,518.3,522,529,534.35,529.65,524.7,514,517.2,507.25,510.05,502.9,503.5,500.9,519.1,522.05,535,515.7,515.95,518.6,522.4,513.85,521.1,523.65,544.6,543.5,552.7,546.7,546.2,544.25,547.5,544.1,538.85,540.9,535.7,535.15,536.3,535.45,522.05,515,517.8,506.3,499.75,492.85,491.3,495.05,496.15,493.35,492.25,480.15,485.4,489.7,487.75,487.35,493.15,500.75,508.35,504.55,506.4,511.4,508.45,507.05,503.4,508.05,501.55,487.55,503.3,517.05,523.7,518.65,515.45,519.95,522.3,522.2,525,524.25,520.85,517.55,525.05,515.65
GLAXO,2327.55,2328.55,2346.8,2304.1,2254,2278.6,2264.95,2332.55,2326.3,2275.95,2282.75,2264.6,2243.2,2274.45,2187.75,2251.85,2232.1,2219.75,2241.05,2201.1,2231.1,2208,2208.35,2190.4,2093.35,2072.05,2042.5,2053.05,2063.3,2135.5,2146,2107.85,2087.6,2099.55,2062.3,2023.15,1983.95,1980.05,1977.15,1981.45,1960.4,1999.35,2260.65,2208.15,2141.4,2058.2,2030.55,1998.8,2018,2340.25,2536.85,2507.25,2569.1,2508.7,2638.15,2562,2620.9,2475.35,2520.1,2647.55,2693.3,2690.2,2751.6,2660.8,2656.45,2683.1,2657.8,2720,2795.15,2838.3,2860.5,2935.65,2882.95,2834.3,2818.45,2836.9,2880.35,2797.35,2776.6,2856.75,2739.25,2574.3,2728.4,2675.3,2751.1,2878.2,2926.9,2906.8,2815.4,2809.3,2846.6,2916,2802.7,2849.8,2902.2,2964.6,2852.8,2894,2840.8,2850.5,2743.3,2759.9,2721.5,2788.7,2878.8,2878.9,2828.6,2820.6,2786.6,2984.2,3018.7,3020.9,2960.5,3118.2,3348.2,3263.4,3298.6,3271.1,3245.1,3420,3466.2,3438.5,3397.9,3398.4,3378,3320,3295,3366.8,3254,3286.4,3199.2,3213.5,3171.4,3229.1,3258.8,3301.9,3439.6,3388.1,3353.3,3293.8,3302,3283.7,3285,3260.7,3309,3251.9,3243.8,3187.9,3199.3,3167.6,3173.6,3138.4,3119.1,3098.6,3131.4,3162.4,3144.2,3083.5,3150.2,3197,3162.6,2936.5,2869,2828.8,2734.9,2677.5,2651,2687.1,2588.7,2772.6,2769.6,2794.1,2807.2,2781.3,2780.4,2798.8,2802.1,2789.4,2749.2,2785,2808.5,2752.2,2776.9,2851.8,2770.3,2819.1,2820.6,2837.5,2863.8,2774,2755.2,2738.2,2742,2755.4,2741.1,2762.3,2761.7,2746.4,2738.2,2672.4,2662.9,2659.7,2697.2,2745.8,2732.3,2740.4,2729.6,2761,2767.4,2750.5,2763.6,2735.7,2723.7,2742.9,2745.7,2758.8,2760.7,2758.1,2686.9,2658.1,2642.8,2621.7,2618.6,2682.8,2658.5,2605.5,2587.9,2539.8,2476.3,2506.7,2494.5,2479.4,2493.1,2487.9,2519,2509,2497.9
IOB,13.76,13.72,13.54,13.36,13.32,13.14,12.92,12.78,12.74,12.92,13.16,13.2,13.12,13.3,13.5,13.38,13.48,13.16,13.12,13.14,13.36,13.44,13.16,13.28,12.96,12.7,12.54,13.04,13.56,13.66,13.4,13.48,13.56,13.34,13.34,13.34,13.24,13.14,13.12,12.98,13.32,13.34,13.72,13.8,14.12,13.86,13.74,14.46,13.82,13.82,13.74,14.18,13.62,13.12,12.86,12.84,12.76,13.02,12.92,12.94,13.16,12.62,12.76,12.48,12.62,12.68,12.74,11.78,11.46,11.44,10.92,11.54,11.16,11.1,10.98,10.8,11.12,10.5,10.42,9.51,10.2,9.83,10,9.65,9.81,9.89,9.65,9.77,9.81,9.76,9.85,10.22,10.42,10.38,10.14,10.38,10.42,11.22,11.06,11.16,11.06,11.42,11.6,11.44,11.36,11.32,11.26,11.1,11.26,11.8,11.48,12,11.88,12,12.3,12.08,11.9,11.9,11.86,11.94,12.06,12.12,12.32,12.38,12.18,11.88,12.08,11.84,11.56,11.58,11.9,11.82,11.92,11.62,11.38,11.34,11.52,11.2,11.38,11.54,11.36,11.36,11.26,11.24,11.72,11.7,11.48,11.74,12.08,11.98,11.78,12.06,11.96,12.2,12.3,12.3,12.36,12.14,12.04,12.1,11.94,11.62,11.76,11.86,11.76,11.38,11.32,11.4,11.4,11.4,11.42,11.4,11.52,12.34,12.06,11.88,11.86,11.94,12.12,11.86,11.6,12.14,11.62,11.62,11.98,11.46,11.72,12.02,11.78,11.88,11.54,11.46,11.22,11.18,10.92,10.88,10.88,10.76,10.8,10.64,10.3,10.44,10.58,10.4,10.42,10.5,10.66,11,11.02,10.76,10.82,10.74,10.76,11.9,11.9,11.46,11.94,11.2,11.16,11.1,11.04,11.14,11.02,11.02,11,10.82,10.98,10.56,10.72,10.96,10.44,10.6,10.82,10.48,10.74,10.58,10.46
LEMONTREE,141,139.94,142.81,146.66,147.73,149.73,152.69,154.79,157.53,153.36,153.34,151.55,149.72,149.5,152.91,152.96,159,158.12,159.02,150.14,149.1,147.32,143.21,140.35,136.63,140.43,141.42,140.31,139.79,147.69,141.88,138.77,137.67,135.64,130.58,130.65,139.01,134.88,136.2,143.59,147.46,148.16,146.05,138.91,136.49,129.11,130.7,134.23,130,129,124.08,133.21,132.74,131.57,128.37,126.44,125.78,121.71,125.86,124.74,128.4,130.53,129.01,127.07,126.05,127.47,127.55,127.08,134.59,136,137.25,139.14,138.87,136.46,131.86,130.58,128.41,137.06,140.71,143.69,136.83,133.79,138.64,136.8,139.75,142.26,141.72,142.34,147.31,147.27,146.75,145.62,139.47,139.98,139.09,136.92,137.75,140.04,133.71,135.68,133.66,129.75,138.03,138.84,139.38,138.78,140.33,139.37,135.78,136.68,135.46,138.59,140.12,139.85,141.14,143.01,139.33,138.82,138.88,139.45,141.32,140.92,141.12,141.48,140.35,137.81,138.57,137.76,138.17,136.17,133.43,133.77,134.8,136.93,138.77,138.18,138.62,140.11,139.5,138.42,137.95,138.52,138.43,146.79,146.01,158.11,153.38,152.12,153.83,153.82,155,154.58,156.24,157.33,156.82,156.09,153.43,152.25,150.39,149.45,149.79,146.89,145.97,143.64,144.45,144.09,143.31,142.11,144.99,147.37,145.25,152.98,148.8,155.57,166.34,169.45,168.23,165.19,167.8,165.83,170.22,165.27,169.71,170.95,175.17,177.93,176.62,172.87,174.87,175.37,176.49,176.19,173.83,172.13,172.9,169.55,171.03,171.78,169.52,165.86,163.37,166.31,166.28,173.24,170.67,167.23,166.2,163.85,164.43,165.71,161.63,163.01,163.57,166.12,166.25,168.47,166.79,166.46,166.01,164.7,165.08,168.21,165.27,168.3,168.01,166.05,162.71,161.19,159.55,163.24,155.19,156.52,156.74,155.12,150.98,152.46,153.75
DCMSHRIRAM,1084.85,1104.7,1108.3,1097.9,1083.2,1094.2,1079.75,1087.1,1082.75,1065.8,1070.25,1096.85,1088.05,1089.7,1087.55,1151.95,1118.75,1125.4,1136.8,1059.8,1083.55,1058.95,1072.05,1068.85,1037.4,1046.85,1043.95,1062.7,1099.95,1111,1115.9,1118.45,1170.65,1151.1,1196.9,1185.05,1155.55,1134.05,1169.25,1100.25,1077.2,1051.65,1076.7,1059.85,1062.75,1054.15,1062.9,1062.55,1056.3,1044.5,1022.2,1021.6,1031.65,1012.85,982.75,950.85,944.85,958,923.6,1013.5,1026.15,1043.2,1038.5,1018.55,1022.55,1021.7,986.75,988.95,1005.95,1022.6,1061.7,1131.3,1108.85,1058.1,1045.5,1103.85,1079.15,1046.5,1077.8,1080.25,1048.15,1024.05,1034.65,1015.6,1036.8,1058.4,1069,1065.6,1084.6,1080.3,1068.8,1066.8,1020.3,1013,1017.6,999.9,980.5,1017.05,1011.1,998.55,994.35,993.3,1024.75,1035,1044.8,1042.35,1040.9,1065.25,1047.95,1058.95,1059.25,1048.65,1045.25,1055.15,1040.9,1061.9,1075.25,1075.9,1072,1048.6,1056.6,1065.2,1073.1,1094.6,1107.3,1125.1,1131.3,1142,1155.3,1166.9,1168.6,1175.5,1185.6,1181.6,1200.6,1202.3,1180.7,1232.8,1219.1,1237.9,1425.5,1355.2,1396.1,1406.1,1401.2,1356.8,1350.2,1365.1,1402.4,1410,1406.3,1408.2,1388.6,1398.4,1442.1,1430.3,1397.5,1385.9,1422.2,1424.5,1429.6,1374.3,1377,1382.6,1377.6,1344.3,1352.3,1367.3,1343.6,1333,1282.9,1269.8,1264.8,1266.1,1263.6,1265.2,1241.5,1242.7,1237.8,1241.1,1223,1241.2,1240.2,1250,1243.4,1245,1236.6,1235.1,1235,1225.5,1217.8,1225.4,1379.7,1313.9,1255.3,1235.2,1210.9,1191,1168.5,1153.6,1158.3,1147.9,1169.5,1195.9,1189.9,1190.1,1175.7,1191.2,1197.6,1167.1,1166.5,1201.8,1218.5,1234.4,1245.4,1242.6,1226,1224.7,1278.5,1302.3,1330.2,1325.9,1281.2,1277.2,1249.1,1230,1243.9,1246.3,1234.7,1236.2,1235.2,1236.4,1211,1190.6,1177.9,1174.2,1268.5
KEC,15.87,15.87,15.85,15.9,15.85,15.8,15.64,15.6,15.65,15.69,15.7,15.72,15.72,15.75,16.35,16.94,17.06,17.06,17.11,17.31,17.48,17.46,17.36,17.09,16.85,16.85,16.75,16.85,16.78,16.7,17.17,17.3,17.15,17.2,17.2,17.2,17.2,16.97,16.99,17.05,17.2,17.25,17.3,17.28,17.23,17.1,17.06,16.95,16.95,17.07,17,16.6,16.35,16.79,16.6,16,15.09,15.2,15.23,15.3,14.8,15.05,15.46,15.34,15.56,15.5,15.4,15.58,16.75,16.44,16.88,16.75,16.94,16.9,16.75,16.91,16.91,17,16.3,15.34,14.99,14.18,14.85,14.55,14.75,15.13,14.8,15.3,15.15,15.13,15.25,15.1,14.8,14.9,15.01,14.78,14.51,15,15.25,15.02,14.96,14.83,15.75,16.5,16.85,16.6,16.75,16.75,16.9,16.9,16.5,16.55,17.2,17.41,17.56,17.6,17.67,17.69,17.55,17.6,17.78,17.58,17.55,17.68,18,18.28,18.29,18.5,18.6,19,19.1,19.15,19.77,20,20.2,20,20.49,20.67,21.1,21.25,22.12,22.76,23.39,23.29,22.54,23,23.31,23.36,23.25,23,22.72,22.42,21.65,21.36,21.7,22.55,22.25,22,22.25,22.25,22.9,23,23,22.99,22.97,23.26,23.12,23.75,23.75,23.55,23.69,23.5,23.41,23.05,23.5,23.94,23.74,23.76,23.61,23.73,23.52,23.65,23.75,23.9,23.78,24,23.98,23.87,23.65,23.64,23.79,24.03,24.31,23.75,24.54,24.54,24.34,23.74,23.55,23.51,23.45,23.16,22.28,22.17,22.29,22.47,22.16,22.45,22.7,22.6,23.1,23.08,23,22.75,22.4,22.08,22,22.3,22.2,22.42,24.64,24.68,24.67,24.54,24.52,24.51,24.51,24.56,24.53,24.53,24.55,24.53,24.6,24.6,24.52,24.54,24.53
TBOTEK,1524.1,1574.35,1651.6,1634.25,1635.6,1673.7,1739.35,1721.8,1699.8,1684.8,1661.1,1696.55,1690,1704.25,1748.95,1734.15,1761.45,1791.9,1790.45,1772,1743.1,1774.4,1742.9,1741.3,1659.8,1682.3,1699.7,1697.9,1668.3,1657.1,1618.15,1588.1,1628.75,1597.75,1563.15,1570.25,1603.1,1571.8,1558.1,1602.85,1605.4,1642.95,1634.15,1641.1,1651.3,1626.05,1621.9,1605.6,1617.4,1553.45,1479.55,1479.45,1482.3,1493.3,1505.65,1444,1359.8,1200.85,1196.05,1253.7,1308.85,1362.5,1365,1341.8,1294.75,1263.55,1209.5,1250.1,1247.7,1269.7,1207.25,1211.85,1195.7,1196.65,1223.65,1205.6,1198.2,1210.45,1185.4,1115.2,1039.1,1071.3,1050.45,1073.9,1096.1,1074.4,1046.2,1100.2,1072.2,1075.3,1049.4,1023.5,1013.5,1130,1123.3,1079.4,1086.8,1065.4,1117.3,1147,1169.5,1203.9,1180.5,1192.4,1207,1237.6,1214.1,1165.8,1232.4,1199,1320.9,1306.7,1289.5,1303.8,1300.9,1304.7,1294.1,1290.4,1363.9,1329.1,1325.3,1322.5,1342.2,1339.9,1301.7,1286.9,1288.9,1284.8,1261.3,1259.3,1260.7,1254.8,1273,1301.2,1322,1392.1,1399.7,1447.6,1443.2,1415.5,1425.3,1390.3,1361.3,1339.7,1342.6,1325.3,1347.4,1404.2,1409.9,1424.8,1419.2,1387.1,1427.6,1443.3,1432.7,1370.8,1369,1379.6,1352.6,1354.6,1415.4,1397.9,1381.6,1372.2,1364.1,1361.7,1394.8,1445.4,1446.3,1444,1464.8,1455.2,1468,1455.7,1442.6,1417.3,1379.6,1357.9,1307.3,1361,1382.5,1591,1524.6,1542,1578.3,1642.6,1609,1556.4,1554.7,1590.1,1595.1,1597.5,1600.7,1631.2,1638.2,1599,1585.3,1543.5,1494.7,1476.6,1525.1,1522.3,1600.5,1595.2,1532.5,1544.7,1533,1561.6,1536.6,1497.7,1550.2,1568.7,1577.7,1587.1,1574.2,1594.6,1598,1614.3,1580.8,1540.9,1508.8,1483.2,1496.6,1589,1578.6,1600,1618.7,1590.6,1604.3,1563,1572.4,1617,1621.4,1610.2,1678,1710,1730.7
TORNTPHARM,3335.7,3350,3374.85,3327.85,3345.85,3362.05,3376.7,3381.9,3469.15,3437,3420.35,3399.45,3421.35,3405.1,3369.5,3360.05,3418.55,3441.55,3402.85,3362.95,3404.1,3324.75,3321.55,3274.45,3235.35,3252.4,3215.05,3178.6,3174.85,3164.25,3156.3,3166.9,3263.75,3248.4,3337.75,3314.8,3360.5,3358.25,3269.1,3168.85,3103.05,3114.7,3161.25,3258.6,3192.9,3106.5,3059.9,3074.25,3013.85,3078,3041.8,3120.55,3095.95,3039.35,3023.3,3031.05,2987,2948.1,2959.25,2930.3,2978.75,3059,3073.8,3071.1,3057.95,3096.5,3056.05,3068.2,3135.7,3191.3,3230.75,3223.1,3271.45,3245.05,3219.1,3233.15,3227.95,3183.9,3207.1,3247.7,3286.5,3233.55,3246.6,3126.8,3129,3221.8,3222.7,3254.8,3254.6,3246.4,3332.4,3325.1,3238.9,3335,3322.7,3322,3255.2,3285.2,3270.1,3291.1,3185.8,3141.2,3237.7,3236,3244.9,3265,3266.8,3302.8,3241.5,3289,3212,3174.7,3187.4,3175.7,3165.9,3161.1,3174.7,3127.8,3135,3137.1,3141.7,3154.3,3180.7,3221,3205.8,3258.8,3252.5,3275.8,3255.4,3227,3164,3167.2,3165.5,3180.9,3226.7,3222.5,3341.4,3408.2,3416.7,3349.4,3334.1,3368,3352.3,3322.4,3353.7,3339.4,3314.2,3404.9,3439.6,3459.5,3504.6,3521.4,3524,3503.5,3553.7,3519.9,3603.8,3622.9,3768.1,3730.6,3741.9,3678.2,3612.8,3589.2,3524.1,3596.7,3573.2,3614.9,3626.1,3617.8,3623,3651.6,3651.6,3663.8,3647.4,3685.3,3674.5,3604.8,3576.9,3559.8,3584.3,3582.9,3606.7,3599.3,3579.1,3612.9,3643.3,3591.7,3583.6,3566.2,3531.6,3535.5,3548.3,3567.4,3629.2,3655.9,3651.5,3614.6,3531.6,3561,3586.6,3603.2,3567.1,3514.7,3526,3536.9,3569,3550.5,3532.8,3518.2,3522,3532.8,3533.8,3584.3,3570.4,3590.9,3614.1,3581.4,3596.4,3576.5,3599.3,3602.4,3560.1,3628.3,3575,3553.4,3580,3817.5,3825.8,3824.6,3826.1,3831.8,3819.4,3790.8,3731.4,3721.4,3686.5
ZFCVINDIA,12304.85,12006.35,11763.65,11688.65,11485.65,11585.15,11631.45,11580,11631.95,11654.5,11655.7,11615.85,11727.35,11806.85,11918.15,12043.95,11972.9,11842.65,11730.7,11499.25,11499.65,11459.3,11454.25,11389,11130.35,11321.05,11467.05,11517.35,11272.95,10998.2,10997.8,10696.35,10542.7,10123.8,9863.9,10131.75,10768.3,10784.7,11034,10984.55,10985.9,10804.1,10858.1,11867.7,11738.75,11228.45,10989.45,10853.8,10730.4,10880.4,10036.65,10773.8,11002.85,10807.55,10810.5,10910.3,10935.1,10941.9,10695.9,10759.35,10930,11248.15,11416.95,11285.9,11232.45,11399.45,11883.05,12100,12370.75,12089.85,11869.5,11983.75,12049.65,11997.2,12689.15,12654.95,12993.55,13100.65,13248.2,13138.9,13136.3,12767.95,12724.6,12074.2,12449.2,13204,13488,13301,13045,12978,12899,13090,12611,12586,12439,12527,12167,12136,12064,12425,12632,12541,12966,13137,13243,13480,13221,13672,13237,13207,13079,12894,13088,13038,12792,12696,13368,13450,13477,13503,13323,13856,13902,13565,13486,13297,13393,13325,13207,13324,13196,13208,13047,13152,13284,13407,13498,13392,13368,13179,13344,13270,13137,13221,13172,13057,12953,12994,13154,13066,13275,13136,13227,13146,13463,13587,13559,13241,13251,13378,13186,12939,13353,13604,13699,13345,13308,13805,13763,13598,13739,13940,14449,14620,14598,14570,14771,14270,14131,14075,14212,14190,13802,13721,13523,13698,13728,13719,13547,13433,13658,13732,13566,13449,13240,13330,12999,12944,12807,12580,12476,12905,13065,13569,13579,13558,13265,13360,13332,13125,13070,13031,13052,13002,13036,13084,13000,12890,12914,12917,13023,12821,12424,12660,12852,12802,12680,12660,12599,12854,12800,12688,12699,12631,12963,13047,12962
NH,1326.7,1287.75,1280.05,1294.7,1287.6,1294.55,1295.5,1280.5,1287.7,1288.1,1309.65,1304.3,1311.25,1297.5,1273.9,1272.8,1312.5,1300.25,1310.4,1311.55,1351.3,1365.4,1330.3,1312.15,1271.4,1292.05,1288,1310.15,1299.65,1329.55,1319.3,1325.7,1327.15,1305.35,1292.5,1269.1,1303.2,1304.2,1387.15,1354.95,1346.8,1356.1,1373.7,1405,1394.15,1350.6,1381.15,1329,1328.25,1326.75,1367.8,1374.35,1404.55,1396.8,1393.25,1465.55,1491,1444.5,1615.6,1559.85,1604.55,1579.2,1566.2,1583.1,1582.6,1573.2,1542.15,1617.05,1644.95,1685.75,1663.8,1672.05,1647.2,1629.85,1673.4,1692.05,1676.8,1687.25,1663.45,1677.45,1643.5,1681.45,1689.5,1699.95,1735.6,1793.3,1854.4,1823.6,1835.4,1800.6,1796.8,1788,1798.2,1775.8,1760.5,1759.2,1779.4,1795.5,1821.8,1789.7,1779.1,1780.9,1775.2,1779.3,1790.7,1774.6,1752.4,1727.5,1741.7,1722.7,1724.4,1776.9,1742.6,1724.3,1764.8,1743.9,1746.1,1752.8,1739.9,1743.4,1750.7,1791.5,1813.9,1835.3,1824.4,1913,1934.1,1903.1,1903.9,1873.8,1903.4,1985.3,1989.1,2058.7,2073.3,2263.2,2170.4,2094,1981.4,2005.9,2011.4,1990.3,1964.9,1969.2,1970.1,2007,2019.8,1984.5,1951.3,1961.3,1951.8,1915.8,1985.5,1993.9,1980.6,1991.6,1991.3,1982.6,1937.8,1915.2,1945.5,1829.7,1807.5,1768.6,1777.8,1737.2,1765.6,1811.8,1830.9,1812,1834.1,1847.1,1839.1,1847.9,1813.7,1845.8,1777.2,1754,1753.8,1785.2,1766.3,1809.2,1837.5,1785.6,1784.7,1745.3,1782.4,1738.4,1764.3,1772.8,1785.5,1807.1,1787.8,1772.8,1739.3,1733.2,1721.2,1720.4,1725,1772.8,1737.6,1731.5,1753,1789.4,1781.4,1779.9,1774.4,1769.9,1759,1743.8,1748.6,1764.7,1755.4,1761.9,1780.2,1759.8,1734.9,1749.3,1776,1799.9,1794.9,1757.4,1785,1830.3,1819.9,1810.4,1812.3,1758.8,1759.2,1777.1,1753.5,2008.2,1951.7,1991.2,2017,2043.2,1975.8
JSWHL,14129.2,14285,14507.7,15081.1,15143.65,15217.75,14626.65,14226.5,14902.3,14418.45,14147.2,14181.4,14472.35,14547.15,14615.75,15346.5,16113.8,16919.45,17765.4,17230.55,18092.05,18797.85,18079.7,17635.65,16753.9,16809.7,17221.6,17912.4,18805.5,18350.55,18608.55,17799.45,18689,18082.9,18250.85,17487.85,17402.75,17451.35,17465.05,16912.25,16855.85,16699.8,17055.5,16859.85,16778.8,16428.2,15942.9,15675.55,14966.25,14625.7,15040.55,15209.05,15580.45,15276,16039.8,16791.1,17224.8,16363.6,16745.4,17367.9,18236.25,19148.05,18903.5,19829.95,19273.15,18738.05,19381.8,20350.85,21068.2,21430.05,21898.95,22954.65,23641.85,22459.75,21336.8,21895.1,22985.85,23376.25,24545.05,25772.3,25979.75,24680.8,23862.8,23167.55,23401.7,24180,25165,26420,26155,26255,25985,25965,25960,25365,24445,23280,23360,24250,23805,23185,22650,21810,22900,24035,24370,24340,23930,24155,23600,23250,24025,23705,23725,23490,23335,22435,23035,22430,22320,22525,23200,23540,23100,22695,22920,22575,22240,22015,21845,21590,20860,21395,21035,21435,21175,21240,21995,22525,21400,22210,22595,22290,22125,21995,22120,21765,21915,22155,21865,22035,22310,22065,22205,22035,21735,21735,21075,21080,21010,20660,19805,19161,19060,19037,18935,18205,18476,17890,17894,17679,17620,17798,18271,18161,18265,17992,18106,17914,17847,17400,17920,17898,18639,18714,18876,18995,18784,19300,18654,18850,18601,18535,18724,18476,18507,18325,18119,18743,18432,18070,17167,16309,15494,15884,16161,15938,15756,16332,17148,16828,16691,16586,16922,17156,17063,17204,17169,17100,16656,16825,17075,16863,16382,16998,16742,16653,17042,17019,16698,16786,16721,17192,17944,17593,17239,17729,17324
JUBLINGREA,769.75,785.3,849.95,846.5,833.35,844.3,835.25,836.1,794.55,765,800.7,807.9,801.8,800.85,810.65,823.05,823.4,822.65,859.2,836.75,836.5,788.85,756.85,732.8,698.5,717.4,713.25,710.3,712.15,708.4,685.25,666.5,702,689.85,659.3,659,685.3,700.25,696.75,717.65,720.55,743.8,723.1,735.9,711.05,698.1,672.55,659.65,630.35,645.2,644.8,679.15,681.75,679.75,669.25,684.8,648.4,616.2,580.55,602.95,629.7,658.3,686.15,671.35,672.7,675.95,678.3,669,687.2,696.8,704.7,692.95,703.5,688.45,673.75,661.7,649.9,651.7,654,672.7,636.45,604.25,614.7,595.8,634.3,666.65,668.25,660.05,674.95,696.45,688.5,680.05,695.65,674.3,654.25,642.45,688.7,703.85,687.35,692.35,683.05,692.95,717.6,699.9,689.35,687.55,691.55,698.7,675.5,677.05,680.65,684.3,683.35,678.15,704.9,708.05,702.4,734.05,713.95,731.35,712.85,706.8,707,694,680.2,682,793.55,775.05,724.55,717.2,704.3,700.65,724.1,735.05,739.95,768.15,749.85,762.6,765.8,773.55,779.6,788.3,798.7,815.05,801.65,813.05,807.55,807.45,823.35,820.95,834.55,831.2,825.65,818.85,801.85,819.2,779.65,788.35,803.7,810.6,782.7,754.4,747.5,732.7,717,708.3,700.8,696.65,696.9,698.2,701.7,707.35,700.65,702.4,713.25,717.05,722.9,728.2,728.05,725.4,730.75,731.45,731.7,731.85,717.8,717.7,713,715.3,713.9,708.35,706.8,716.7,717.7,709.3,673.85,685.4,671.95,662.7,669.9,650,639.7,639.35,649.65,667.4,653.7,663.5,654.55,648.25,651.2,706.25,712.8,697.8,706.65,699.35,677.4,686.2,684.9,677.7,677.25,692.35,689.15,697.5,689.95,691.6,690.55,664.4,654.8,663.7,665.45,673.9,681.5,683,718.25,706.2,713.7,724.25,719.75
INDUSINDBK,982.6,984.3,984.85,997.95,986.65,999.35,975.65,965.2,964.4,929.45,945.7,935.3,931.95,953.4,963.5,960.15,969.4,991.35,997.9,970.05,983.6,981.05,980.9,937.6,941.7,962.1,962.45,975.35,970.95,970.7,960.45,970.95,970.95,950.8,926.45,934.15,948.3,957.05,991.2,1012.7,1047.15,1061.2,1065.55,1079.1,1068,1054.15,1039.65,1047.25,1024.4,1048.25,1024.1,1035.8,1047.65,1043.75,1029.15,1034.25,1046.7,990.1,984,987.6,971.85,971.7,936.75,900.5,655.95,684.7,672.35,672.65,681.45,692.7,684.1,686.9,669.45,637.05,655.3,673.55,649.85,682.7,702.45,709.4,682,675.9,679.65,678.55,689.5,735.9,788.25,794.7,828.2,787.5,794.2,819.75,822.35,830.55,836.95,838.4,853,846.75,831.8,833.8,826.8,818.2,788.5,770.1,781.35,780.5,780.2,784.05,782.25,769.95,785,793.4,800.1,820.7,805.15,824.15,816.95,812.7,800.85,814.35,803.2,822.85,836.65,845.05,836.3,829.9,816.85,821.25,809.15,850.5,837.5,840.25,839.9,831.95,829.8,836.1,857.7,872.1,879.1,857.65,862.4,856.25,854.45,850.3,840.75,852.85,858.85,867.6,881,879.75,865.1,870.05,858.8,843.2,851.15,847.9,823.7,802.05,808.2,801.9,798.9,783.7,804.05,819.15,803.35,807.35,782.45,783.25,783.05,773.45,769.75,788.65,785.5,778.2,767.45,760.1,770.85,756.4,746.6,739.5,752.85,751.2,768.1,754.85,757.05,750.75,746.15,751.25,748.6,740.5,739.9,742.25,739.05,735.45,744.4,734.3,755.25,740.75,740.75,712.75,723.4,735.55,743.15,747.4,739.3,749,740.95,749.15,763.35,759.9,750.4,740.1,739.5,751,759.75,758.45,759.6,755.05,770.05,799.75,807.45,800.95,794.8,796.9,790.2,786.2,797.25,799.35,826.1,864.4,863.45,848.25,854.05,847.95,839.6,829.4,846.55
GRAVITA,2257.75,2288.45,2253.15,2259.9,2195.75,2232.9,2254,2407.65,2404.5,2326.35,2326.55,2237.95,2251,2258.7,2213.05,2179.5,2177.3,2251.65,2290.75,2198.6,2292.3,2248.1,2254.05,2180.1,2036.1,2123.5,2110.95,2188.3,2130.5,2218.55,2187.55,2169.4,2059.7,2072.95,1963.25,1917.35,2103.1,1970.25,2065.1,1934.45,1993.8,2028.2,2052.25,2006.9,1943.05,1831.5,1819.3,1768.65,1652,1676.75,1637.7,1730.8,1713.45,1749.45,1745.85,1699.85,1690.75,1594.7,1531.1,1600.2,1633.75,1705.6,1690.5,1708.85,1652.95,1606.45,1604.2,1651.85,1724.65,1749.6,1802.35,1777.2,1777.6,1774.55,1874,1831.95,1763.8,1770.15,1781.6,1724.55,1593.3,1625.3,1593.05,1852.1,1936.8,1923.5,1977.3,1980.9,1974.2,1955.3,1946.8,1884.6,1851.8,1824,1752.5,1811.5,1935.6,1870.8,1905.7,1833.1,1806.6,1897.8,1884.4,1903.1,1919.6,2030.2,2113.3,2053.9,2051.9,2047.2,1953,1954.3,1907.5,1917.4,1876.8,1829.9,1855.8,1851.6,1851.3,1830.6,1880.6,1850,1850.6,1829.6,1800.9,1755.5,1738,1679.7,1679.5,1650,1674.6,1684,1727.6,1764.3,1809.2,1878.7,1880.7,1847.5,1859.5,1844.5,1855,1836.7,1804.2,1792.6,1776,1738.7,1730,1724.1,1722.8,1727.3,1722.7,1713.3,1724.1,1725,1812.9,1886.6,1815,1867.4,1898,1873.5,1790.3,1804.8,1777.5,1789.2,1839.4,1778.3,1796,1781.8,1788.5,1784.7,1740.8,1750.1,1725,1734,1727.4,1740.5,1679.8,1666.8,1619.7,1655.6,1688.9,1697.4,1657.8,1693.5,1682.4,1668.4,1663,1659.2,1656.5,1662.9,1656.4,1666.9,1679.7,1661.4,1671.8,1660.2,1642.4,1595,1558.2,1604.5,1569.8,1558.9,1575.9,1543.8,1564.1,1548.5,1619.7,1642.4,1617,1584.5,1599.4,1579.6,1571,1559.6,1601.7,1596.8,1679.8,1681.3,1640.9,1643.2,1674.4,1667.1,1806.6,1767.2,1703.8,1710.8,1730,1735.8,1736.9,1718.5,1742.2,1759.7,1729.1,1702.4,1701.6,1704.2,1831.9
PATANJALI,618.48,616.1,611.9,608.52,606.27,611.62,595.7,599.82,597.6,586.2,581.43,578.83,573.43,582.85,591.27,593.98,603.23,612.68,621.62,619.12,621.85,618.53,619.48,604.93,592.13,608.82,613.67,619.07,618.6,607.03,611.25,621.52,620.42,605.57,606.02,609.62,617.27,613.12,608.2,600,600.4,600.87,607.22,616.45,617.18,608.52,599.5,606.92,602.3,593.97,605.17,608.13,619.4,618.97,609.38,608.48,604.2,586.85,583.17,577.32,586.72,589.95,583.22,583.87,581.42,578.25,572.87,576,580.48,582.67,583.48,587.02,598.8,591.6,595.5,594.57,602.8,600.57,608.2,626.25,616.78,591.82,605.58,603.87,628.78,644.43,666.93,657.7,657.8,655.33,654.4,656.2,655.67,643.9,639.47,635.33,623,624.43,616.9,611.03,599.67,586.63,606.3,606.37,594.43,603.7,595,577.37,568.93,575,570.43,566.93,579.97,580.1,582.33,585.7,557.1,565.73,562.9,560.07,560.53,570.17,566.9,563.33,558.23,560,557.67,560,552.6,553.87,545.2,549.87,538.3,537.67,544.37,550.8,549.23,550.2,543.03,546.03,553.73,553.6,553.7,546.07,553.53,554.53,555.07,557.9,581.5,619.87,636.43,647.23,647.33,647.33,645.03,632.83,626.77,620.43,629.03,633.3,624.57,620.33,620.33,611.13,608,606.8,601.57,594.43,606.43,599.17,588.27,592.57,596.6,604.6,602.9,600.4,601.9,599.77,589.93,592.53,597.93,601.6,605.5,603.47,596.4,599.33,600.7,600.67,598.9,592.7,599,600.3,602.3,606,608.9,597.4,599.8,600.8,600,589,597.1,575.8,580.95,588.45,597.55,597.25,598.2,594.55,594.1,589.8,583.6,584.6,589.85,587.85,590.25,588.7,593.6,580.95,590.5,593.65,604.7,609.55,602.4,578.15,575.55,573,578.9,580,582.5,588.3,590.45,587.8,586.9,587.05,582.9,584.25,579.3
NETWORK18,78.89,78.4,77.38,74.19,74.69,74.36,73.54,72.56,70.18,74.34,75.86,73.47,72.02,73.19,70.34,71.52,71.58,71.34,72.8,68.95,68.99,68.48,66.61,62.98,59.84,61.44,57.16,56.65,56.43,57.15,55.29,54.1,53.89,52.26,50.03,49.67,51.4,51.49,52.68,51.36,51.83,53.26,52.31,51.79,50.42,49.34,48.76,49.23,46.82,46.42,45.64,46.93,47.67,46.31,45.26,45.17,43.53,41.32,40.8,41.67,43,44.05,45.45,44.19,42.95,41.93,41.49,40.6,42.35,43.87,44.01,47.44,47.49,45.36,44.51,44.96,43.41,44.96,44.7,45.42,43.28,41.23,41.71,41.06,41.79,43.76,45.11,44.89,45.11,45.79,45.87,46.15,43.69,43.45,45.27,43.54,43.07,43.16,42.39,42.48,42.54,42.49,45.2,45.61,46.59,46.52,47.6,47.58,46.62,46.69,48.56,48.82,50.01,50.06,52.69,54.79,54.54,56.62,55.09,55.32,54.69,54.14,54.48,57.08,56.68,55.17,53.36,54.62,53.14,52.87,52.49,52.26,54.25,53.66,61.82,59.54,58.88,58.88,57.93,57.02,58.11,56.42,56.33,55.86,56.03,55.68,54.81,56.09,55.71,63.14,60.78,61.23,59.61,58.75,60.1,59.95,57.7,56.25,56.46,56.17,55.5,57.47,59.33,58.31,57.24,56.29,57.76,56.1,56.19,56.88,56.21,56.81,57.9,57.63,56.25,56.02,55.23,53.49,52.75,52.83,53.56,53.77,54.66,54,54.04,55.03,54.43,54.47,54.22,54.2,54.06,54.79,56.22,55.71,55.43,55.05,54.44,53.87,53.24,51.68,51.59,51.45,52.1,52.31,51.99,51.95,52.25,52.31,52.4,51.62,50.7,51.65,51.66,50.22,48.63,48.83,48.71,48.27,47.75,48.56,48.99,48.4,47.89,47.95,48.58,47.29,47.64,47.51,46.67,47.31,46.75,46.27,46.88,46.02,45.85,45.59,45.04
JSL,747.05,746.65,747.1,750.05,760.3,750.2,743.5,739,739.2,719.8,728,730.05,733.85,736,686.9,699.2,696.85,684.4,677.6,664.15,669,645.45,632.15,625.55,606.4,625.45,615.05,625.4,634.35,627.55,633.05,633.4,639.75,634.1,622.6,614.85,637.7,648.85,653.3,595,622.55,634.7,636.2,642.1,633.25,608.45,603.15,608.75,584.85,590.3,582.75,602.55,618.7,625.6,615.9,599.4,596.55,584.85,594.85,594.35,613.45,651.9,654.6,640.6,649.35,637.1,632.3,647.85,655.35,654.05,625.7,591.35,588.15,595.15,581.95,581.6,576.55,589.9,594.6,551.7,516.65,523.35,512.6,542.05,557.8,558.7,561.45,569.35,581.1,575.4,571.95,559.4,559.7,566.55,583.1,588.25,586,588.3,595.35,588.25,579.6,610,624.85,653.45,649.15,663.1,660.35,641.75,643.4,639.45,649.85,657.85,647.85,647.05,669.2,644.75,643.05,663.9,655.95,673.5,694.7,716.35,726.1,720.6,723.75,712.05,701.95,687.15,671.05,657.25,670.2,687,677.65,673.6,694.05,690.05,705.1,707,703.6,697.85,679.9,675.45,684.3,681.2,681.8,684.5,691.1,688.05,675.9,678.85,676.55,697.85,688.9,675.8,664.2,656.05,659.75,677.85,681.1,694.1,706.05,728.05,725.65,734,724.6,683.4,678.3,713.15,721.75,729.9,747.4,757.9,765.05,774.3,777.55,796.45,795.25,806.45,762.95,755.35,761.25,760.65,746.9,755.7,748.7,769.05,778.3,761.2,740.95,750.2,753.7,760.6,762.2,778.95,787.55,801,799.45,784.45,789.15,737.7,737.75,762.4,788.25,761,758,753.6,770.15,772.7,774,775.55,783.85,808.9,791.6,784.85,797.5,800.3,802.05,811.3,803.7,803.7,782.7,753.7,750.4,738.4,729.8,731.75,722.75,740.95,728.25,738.9,738.05,749.2,751,771.3,768.35,752.5,754.5
SAMMAANCAP,167.73,165.76,167.86,162.36,159.06,159.81,156.72,154.93,154.15,151.87,149.41,149.98,154.08,153.93,149.73,151.07,152.98,162.79,163.23,157.28,159.59,159.15,156.01,149.71,141.57,142.94,142.71,155.01,159.17,157.64,160.91,161.71,157.19,154.86,143.29,146.58,145.94,140.87,140.7,137.63,141.29,140.89,147.86,149.24,143.09,136.23,125.32,125.32,122.19,121.43,117.93,122.75,121.48,119.33,116.59,113.65,112.24,110.4,108.92,113.61,117.09,115.71,116.84,111.67,110.13,108.78,107.57,107.55,109.94,112.82,110.51,117.95,119,112.89,110.22,109.98,107.1,111.93,111.84,116.35,110.59,102.67,106.29,105.96,107.8,114.63,115.58,120.24,124.99,124.16,124.97,129.85,123.82,124.63,123.22,120.55,119.2,120.35,113.86,115.87,113.19,113.72,120.01,123,124.52,125.82,125.2,126.3,122.18,120.99,126.07,126.99,123.22,121.01,122.38,122.22,124.12,123.84,123.7,123.5,122.5,126.54,126.98,126,130.14,129.55,127.91,127.73,125.77,123.45,119.51,118.88,123.41,124.68,143.5,143.37,140.69,142.37,140.41,136,135.73,123.19,123.89,125.08,127.9,132,127.21,124.2,124.3,129.65,130.93,136.12,136.98,135.19,134.28,130.85,126.68,124.46,125.26,123.88,126.88,125.76,126.53,125.58,122.86,121.28,118.82,114.97,119.48,120.45,118.27,118.51,123.48,121.46,123.16,121.83,120.9,118.43,117.97,123.96,125.43,139.36,138.61,136.85,137.79,137.72,136.32,136.74,136.93,136.2,135.81,136.14,135.07,139.19,143.21,141.16,135.02,135.3,136.41,137.82,154.27,160.86,169.58,165.03,159.94,163.09,159.08,161.06,162.22,162.41,164.77,164.98,166.89,166.76,171.99,175.12,174.4,188.25,188.63,187.26,184.04,184.38,188.59,189.93,186.22,185.3,185.41,179.24,176.36,176.97,178.33,176.14,183.66,182.76,159.55,157.02,158.91
OBEROIRLTY,2139.9,2130,2134.55,2127.85,2117.7,2253.5,2315.55,2317.1,2287.1,2247.8,2262.3,2290.5,2322.65,2315.8,2265.45,2311.5,2274.95,2282.25,2255.2,2209.45,2268.4,2282.4,2246.4,2128.3,2013.35,1975.25,2006.85,1964.9,1988.9,2002.9,1858.05,1763.15,1821.9,1756.75,1685.05,1672.95,1718.4,1755.7,1812.65,1803.85,1824.2,1828.45,1797.65,1824.85,1808.45,1704.75,1640.25,1628.65,1570.65,1590.25,1590.55,1602.15,1616.85,1581.8,1583.55,1543.35,1507.75,1484.5,1506.35,1515,1569.35,1565.05,1543.15,1524.05,1581.6,1570.8,1533.5,1565.15,1614.25,1642.65,1652.5,1675.05,1631.2,1619.7,1643.05,1637.4,1573.95,1621.2,1591,1550.6,1483.25,1528.1,1493.2,1547.35,1624.7,1641.4,1640.7,1656.2,1699.7,1706,1678.9,1606.2,1656.8,1620.5,1641.6,1605.2,1625.1,1559.2,1581.5,1554.7,1534.2,1617.7,1586.2,1613.3,1633.5,1676.2,1734.6,1699.2,1731.9,1728,1738.3,1741.4,1751.2,1725.9,1740.9,1746.3,1768.1,1797.3,1777.3,1800.8,1908.2,1903.1,1917.7,1901,1890.2,1903.1,1928.9,1911.2,1896.2,1880.3,1910.9,1936,1988,1989,1982.3,1918.8,1905.6,1913.4,1897.9,1871,1869.5,1844.3,1857.5,1831.1,1843.1,1835.5,1804.2,1820.1,1816.5,1838.7,1835,1834.6,1826.2,1769.6,1748.8,1698.2,1627.2,1664.8,1648,1630.1,1589.4,1609.6,1608.6,1604.5,1610.5,1571.3,1610.7,1613.9,1626.7,1619.2,1646.5,1649.4,1656.9,1659.7,1657.4,1672.7,1638.2,1618.8,1610.8,1638.2,1651.8,1656.7,1661.9,1628.6,1623.3,1617.4,1611.7,1603.8,1601.9,1640,1643,1656.7,1658.2,1670.2,1673.9,1666,1620.1,1599.9,1577.7,1600.8,1582.1,1595.6,1605.4,1622.3,1636.6,1577.5,1591.4,1599.6,1588,1571,1601.4,1687.1,1700.5,1699.2,1699,1674,1699.9,1736,1708.1,1713.4,1750.3,1778.3,1807.5,1781.1,1780.4,1792.9,1787.2,1762.7,1738.7,1744.2,1752.4,1745.2,1710.4,1708.7,1708.5,1655.4,1607.1
ITI,368.1,389.9,361.25,365.45,358.7,373,365.85,362.2,357.45,341.65,341.1,343.75,333.95,328.2,379.2,387.15,381.75,380.95,457.1,544.35,489.95,479.5,440.4,442.7,420.6,405.85,385.55,388.5,376.1,383.3,366.45,352.85,362.1,344.35,327.15,327.25,325.75,324.8,325.05,307.2,303.6,318.75,311.75,305.25,293.25,282.1,288.2,284.35,270.55,257.05,244.2,256.4,269.2,282.65,274.2,272.6,259,246.05,250.94,246.33,250.96,254.46,267.18,255.68,248.22,241.3,253.36,249.97,251.01,262.37,258.19,261.82,266.4,261.13,252,249.56,249.22,251.68,252.71,253.32,246.36,234.04,242.31,252.44,252.07,255.43,268.2,264.47,269.83,283.32,281.29,277.97,264.07,260.91,263.16,255.34,256.6,258,248.55,249.15,245.75,241.25,256.05,262.35,270.1,272.8,279.5,281.4,272.9,276.75,280.15,278.75,281.15,309.25,340.15,364.85,346.6,329.3,333,330.25,327.4,325.3,330.6,329.55,327.65,329.25,321.55,318.85,322.35,315.3,307.05,309.65,315.35,319.85,323.3,320.55,320.65,336.65,329.9,326.65,327.2,326.9,323.15,318.8,318.45,318.7,315.5,319.3,318.2,318.1,316.35,316,314.6,313.15,313.8,306.65,303.4,293.55,300.25,293.95,290.55,285.85,292.55,289.6,299.55,320.3,303.65,300.85,302.6,302.6,291.3,294.15,295.2,295.15,297.6,295.9,294,288.05,283.05,284.15,284.4,301.9,315.25,310.65,308.05,314.1,309,308.8,307.3,309.5,322.55,323.05,319.95,316.65,320.35,323.25,322.55,316.6,310.55,303.35,301.15,301.6,307.05,315.85,317.45,324.15,356.65,337.7,340.5,340.45,327.6,325.1,336.55,336.35,333.95,335.35,328.7,329.75,332.6,329.95,332.6,329.2,324.7,327,323.4,315.85,314.55,317.55,316.25,321.85,323,316.55,316.2,311.95,308.15,305.65,297.25
LODHA,1376.5,1401.6,1411,1436.3,1418.05,1467.55,1490.75,1479.45,1476.25,1400.7,1440,1403.05,1414.05,1408.35,1420.45,1389.4,1364.8,1372.9,1399.55,1346.15,1340.75,1350.35,1309.3,1283.7,1165.3,1144.15,1124.95,1128.45,1176.95,1208.75,1147.55,1077.2,1082.3,1099.55,1103.5,1131,1135.5,1160.6,1204.5,1297.45,1286.5,1268.4,1198.7,1238.8,1176.65,1170.45,1172.65,1173.2,1153.55,1167.8,1162.55,1181.75,1192.5,1215.55,1195,1196.6,1194.95,1130.9,1120.85,1117.95,1152.5,1138.15,1113,1075.7,1132.35,1081.7,1055.25,1064.5,1112.1,1177.45,1193.75,1180.75,1216.75,1209.8,1197.35,1241.3,1195.8,1157.2,1218.45,1217.75,1180.85,1106.6,1132.7,1111.25,1122.6,1214,1240.8,1236.1,1293.4,1313.4,1366.4,1320.2,1305.1,1310.2,1288,1329.3,1341.5,1333.6,1296,1302,1287.8,1234.3,1305.4,1273.8,1316.5,1371,1394.8,1422,1380.2,1409,1409.7,1412.8,1439.1,1453.4,1467.8,1457,1425.5,1433.9,1446.6,1444.8,1461.7,1516,1511.7,1467.4,1475.8,1449.1,1452.6,1470.6,1446,1443.2,1425.4,1483.2,1473.3,1470.5,1456.6,1441.4,1422.2,1384.2,1391.5,1398.8,1368.9,1368.1,1377.3,1374.9,1390.1,1411.8,1400.1,1419.7,1434,1440.2,1440.4,1444.9,1448.7,1442.3,1334,1326.1,1279.4,1203.2,1246.5,1238.2,1231.6,1207.9,1244,1234,1227.5,1222.4,1202.6,1224.9,1214.2,1225.8,1231.6,1247,1257.8,1300,1293.6,1261,1264.4,1236.8,1208.2,1192.3,1207.2,1194.6,1201.4,1192,1174.9,1181.6,1172.4,1181.6,1179.6,1168.3,1187.8,1200.7,1204.6,1204.7,1216.1,1212.3,1205.4,1179.4,1149.4,1141.1,1155.3,1135.8,1139.8,1113,1115.1,1145,1128.7,1128.7,1155.9,1154.3,1142,1172,1194.8,1186.9,1185.6,1184.8,1175.3,1172.9,1177,1169,1179.2,1171.4,1197.9,1235.1,1222.9,1232.5,1226.6,1206.1,1221,1217.2,1217.6,1209.5,1220.3,1192,1202,1200.8,1176.8
ELGIEQUIP,625.35,621.6,617.9,611.5,603.45,604.9,601.95,601.95,608.15,596,587.9,585.55,585.8,573.05,562.35,579.8,577.4,576.55,576.6,574.75,577.3,576.7,564.55,565.25,529.35,533.65,524.8,534.4,531.2,547,529.1,558.8,548.3,540.45,531.35,522.6,524.8,530.25,540.9,547.85,541.25,546.15,561.45,558.55,546.85,536.25,550.4,526.35,491.05,484.95,471.4,474.75,480.25,476.6,466.7,463.45,452.95,428.1,419.95,431.6,440.1,439.95,455.1,435.5,431.95,425.9,443.5,518,507.25,508.3,490.8,493.8,505.4,500.15,488.55,489.75,481.7,478.25,482.6,480.15,447,419.45,417.95,402.2,422.15,450.95,441.1,440.15,454.8,459.55,474.6,470.8,454.55,463.45,462.75,445.45,450.15,458.3,440.8,457.4,449.55,440.45,463.5,461.1,470.15,480.85,478.55,482.3,473.1,471.65,472.45,476.4,479.2,497.8,504.45,499.1,535.2,534.65,528.5,534.45,533.95,529.4,535.05,531.25,526.65,531,536.35,531,524.75,519.85,523.6,510.25,534.75,528.7,533.35,529.15,536.45,536.45,535.3,531.15,537.55,531.05,532.1,534.1,550.3,556.4,551.05,552.65,552.5,544.15,553.6,548.95,552.9,554.2,589.75,593.55,573.1,550.5,562.6,567.35,568.35,558.1,563.2,571.95,545.7,532.6,512.25,508.9,518.55,500.3,493.1,504.65,507.7,506.55,505.4,499.6,496.55,483.3,484.6,471.85,473.85,494.7,490.9,485.75,477.05,473.7,470.2,469.75,469.35,468.05,464.65,467.2,494.45,505.85,500.35,496.85,503.1,500.9,495.5,485.95,476.6,482.2,481.95,494.4,486.05,496.25,485.85,487.85,483.85,472.3,462.9,460.45,470.55,465.75,466.6,475.5,470.45,487.65,490.3,496.9,505.15,501.6,497.4,495.65,482.3,483.4,479.15,474.45,486.5,491.8,500,501.5,514.7,504.9,504.55,507.55,492.75
CERA,7822.35,7961.75,7832.7,7693.6,7683.45,7725.05,7592.6,7505.05,7588.1,7293.65,7294.8,7343.4,7208.55,7192.75,7684.95,7587,7647.95,7685.7,7525.15,7288.2,7385.05,7187.95,7141.7,6886.9,6657.55,6697.7,6800.6,6872.3,6908,6872,6802.55,6716.5,6713.2,6496.9,6382.8,6180.25,6607.35,6587.75,6688.2,6922.3,6786.85,6873.75,6910.1,6786,6591,6502.05,6332.85,6192.85,6170.95,6049.9,5968.95,5989.2,5945.6,5826.6,5576.2,5401.4,5393.65,5291.25,5273.5,5422.55,5509.2,5587.7,5563.3,5508.3,5306.2,5303.2,5199.3,5072,5288.25,5308.55,5416.5,5600.8,5659.65,5637.75,5650.8,5724.9,5638.8,5642.7,5734.5,5705.95,5511.35,5398.45,5459.15,5412.8,5393.5,5664.5,5681.5,5656,5670,5803,5693,5679,5471.5,5416.5,5455,5357,5370.5,5377.5,5311.5,5401.5,5521,5832,6614.5,6492,6491,6476.5,6537.5,6499,6330,6410.5,6402.5,6365.5,6502,6459.5,6383.5,6420.5,6362,6429.5,6536.5,6606.5,6587,6609.5,7052,7053,6998,7005.5,6998,7036.5,7054,6968.5,6863,6604,6734.5,6785.5,6775.5,6596.5,6816,6875,6788.5,6653,6765,6750,6738,6779,6779.5,6827,6673.5,6626.5,6507,6925.5,7052.5,6921.5,6907,6868,6787,6708,6613.5,6542,6482.5,6513.5,6545,6434,6577.5,6405.5,6261,6243.5,6205.5,6388,6356,6410.5,6398,6499,6498.5,6500,6477.5,6528.5,6467,6312.5,6247,6311,6287,6333,6308,6365,6341,6384.5,6344.5,6374,6341.5,6322,6319,6339.5,6374,6347.5,6264,6302,6180,6122.5,6128,6179.5,6158.5,6162.5,6106,6148.5,6123,6089,6177,6023,5967,6012,6091,6053,6039,6002,6042.5,6069,6022,6072,5997,5967,6126.5,6183.5,6226.5,6283,6294.5,6184.5,5997,5923.5,5819,5771.5,5686,5617,5620.5,5680,5651,5682,5584.5
LINDEINDIA,6809.7,6735.25,6789.7,6704.75,6735.95,6705.9,6632.65,6566.05,6469.3,6359.8,6210.15,6246.75,6186.1,6149.3,5820.95,5996.05,6079.5,6215.75,6329.2,6623.7,6499.95,6509.65,6456.15,6436.8,6021.95,6106.45,5989.35,5888.15,5810.45,5932.35,5857.4,5732.9,5851.2,5844.25,5680.35,5645.9,6286,6198.2,6267.85,6181.15,6243.6,6327.8,6286.85,6194.45,6015.7,5951,5814.95,5693.15,5572.75,5603,5543.15,5859.9,6173.3,6164.8,6343.7,6324.9,6068.2,5927.05,5831.65,5946.3,6146.15,6082.3,6222.1,6075.7,5943.6,6111.15,6021,6095,6114.9,6380.05,6332.5,6471.6,6451.95,6323.65,6143.85,6172.9,6257.4,6207.9,6221.15,6167.5,5794.35,5937.45,5922.8,5894.2,5895.45,6109.5,6236,6243.5,6500,6515,6557,6506.5,6403.5,6445,6477.5,6336,6290.5,6357,6191.5,6188.5,6027.5,6083.5,6323,6457,6834,7154,7178,7310,7042,7146.5,6982,7054,7560.5,7519.5,7588.5,7544.5,7505.5,7520,7471,7529,7502,7448.5,7479,7296.5,7359,7191.5,7135.5,7137.5,7103,7016,6732.5,6522.5,6867,6562.5,6604.5,6594.5,6639,6655.5,6575.5,6668.5,6594.5,6619.5,6679.5,6893.5,6792.5,6770.5,6794.5,6840.5,6841.5,6750.5,6723,6703.5,6689,6608,6582,6605.5,6464,6501,6565,6617.5,6573.5,6575,6597.5,6539,6464,6533,6375.5,6219.5,6214,6226,6212.5,6392.5,6417.5,6366,6348.5,6311.5,6295,6418,6374,6378.5,6368.5,6380,6438.5,6456.5,6425.5,6494,6463,6465,6443,6439,6529.5,6510.5,6443,6446,6314.5,6379,6480,6371.5,6378,6317,6201,6245.5,6266.5,6226,6145.5,6144.5,6116,6180.5,6198.5,6177.5,6181,6177.5,6191,6153.5,6093.5,6138,6107.5,6108,6085,6065,6066,6059.5,6013.5,6023,5986.5,5843,5878.5,5839,5779.5,5801,5758,5743,5741,5695.5,6076.5,6125.5,5966.5
ASTERDM,491.1,486.05,489.05,483.8,480.3,480.8,488.3,495,491.85,486.35,503.85,502.2,505.5,511.8,519.05,513.95,520.75,522.1,521.35,520.85,524.2,521.6,515.25,504.5,491.05,499.8,489.6,495.65,497.6,496.6,498.25,497.95,499.6,496.1,488.65,473.45,477.25,485.1,491.55,468.6,473.8,480.1,479.9,473.2,462.45,435.95,430.75,430.7,415.4,405.8,404.1,418.05,417.3,414.95,404.65,411.15,403.5,402.95,394,395.7,414.25,420.65,417.45,422.75,434.05,431.75,434.1,426.25,429.45,430.65,433.45,433,436,443.15,440.3,453.35,483.5,479.55,479.65,486.9,482.5,475.8,481.2,492.75,500.3,489.45,500.3,499.5,503.1,512.4,505.85,508.9,505.25,513.05,511.9,504.95,509.85,524.9,520.65,535,532.8,529.5,548.75,550.1,573.7,581.45,589.85,584.15,579.4,551.35,569.8,553.8,546.4,548.9,542.7,541,559.3,553.1,552.15,582.85,586.9,578.25,569.4,569.75,571.25,564.35,569.7,585.95,567.85,569.7,571.4,558.8,573.3,574.45,591.65,596,588.2,596.05,589.7,593.2,650.05,633.15,621.85,621.45,610,599.9,606.9,599.85,598.55,599.9,594.35,594.65,588.65,598.5,598.45,595.05,582.4,576.35,591.5,592.75,604.9,595.4,585.95,600.35,597.15,594.6,580.45,587.85,603.95,613.05,605.6,624.5,618.45,614.55,607.25,602.5,600.7,601,594.45,601.05,605.2,632.05,620.15,635.5,640.25,638.9,641,642.35,638,632.05,617.8,619.9,614.3,613.9,650.55,648.5,636.6,632.65,642.55,625.1,623.35,626.95,630.85,645.65,672.55,661.6,698.55,697.75,685.55,700.75,686.95,698.5,699.35,702.45,718.2,722.95,720.5,705.8,697.85,700.25,699.85,697.6,678.05,678.45,688.65,687.25,692.9,681.65,677.65,681.35,673.15,678.1,679.1,681.05,662.6,665.3,650.2
PRAJIND,808.35,818.7,818.3,803.55,799.4,825.55,821.4,803.6,820,810.15,805.9,814.65,812.25,813.6,810.5,821.15,844.6,838.15,836.35,795.45,817.55,799.5,781.55,738.7,694.6,724.35,739.35,767.7,796.65,787.85,763.9,739.95,736.25,721.3,690.9,662.35,661.05,635.85,631.6,587.65,601.35,625.1,623.05,613.9,598.1,575,563.75,561.9,534.15,532.6,529.35,542.75,557.55,543.85,542.1,534.2,510.1,488.45,477.3,497.65,516,520.55,520.9,502.7,512.3,522.55,524.85,532.25,563.65,551.75,574.5,581.55,567.65,556.7,566,554.85,535.6,527.05,524.7,509.7,494.5,496.3,486.6,501.1,517.25,520.6,517.75,523.55,528.4,529.25,526.6,505.35,513.8,508.35,461.3,451.95,470.4,453.45,462.95,456.25,451.5,474.15,469.75,478.75,489.65,492.35,494.85,488.45,488.95,488.55,488,489.45,489.85,486.85,485.2,479.95,488.1,485.9,494,489.35,505.9,532.6,526.5,516.35,508.85,505.95,496.95,493.25,488.35,476.45,490.15,490.7,495.5,500.4,505.4,500.1,508.85,502.2,496.2,497.25,498.2,497.3,496.35,495.9,500.6,495.7,491.7,495.4,492.15,505.9,499.45,499.8,493.3,492.7,490.55,483.3,477.3,469.6,470.2,467.05,469.05,462.85,456.5,454.35,452.8,447.65,445.4,413.6,404.9,411.3,406.15,414.5,411.25,412.8,407.6,409.1,399.45,395.75,391.3,402.15,418.4,412.7,402,406.5,396.8,389.6,393.25,390.45,392.85,391.5,390.4,390.45,391.6,389,381.95,380.35,369.4,358.8,348.4,341.45,329.95,335.2,357.5,347.15,356.45,352.8,351,350,342.55,338.8,339.15,339.95,338.9,341.05,346.55,342.65,341.7,337.95,335.5,340.8,343.65,337.6,340.35,338.7,333.75,332.9,330.95,325.5,335.4,331.1,331.4,333.75,344.75,341.35,342.15,334.6,329.35
BIKAJI,832,854.8,851.3,816.05,799.35,808.6,800.1,783.5,758.15,770.15,782.3,781.35,765.9,764.2,774.05,779.45,758.9,747.6,748.35,728.1,725.8,720.15,723.95,706.25,684.75,686.7,702.6,712.7,700.9,693.65,698.55,688.35,693.15,687.4,647.2,643.85,668.3,685.4,691,732.45,719.75,729.65,733.75,659.25,638.65,606.3,600.35,597.35,577.75,580.95,568.65,656.15,644.35,675.3,647.1,642.25,628.15,634.15,654.6,676.35,665,672.75,670.15,642.55,644.9,656.35,672.8,678.8,703.2,699.3,697,686.9,667.4,659.35,657.05,661,691.95,668.75,681.85,677.1,671.6,683.35,676.7,709.45,715.4,712.15,716.7,740.2,735.05,730.55,750,728.85,726.5,710.2,700.2,700.65,696.55,685.1,690.3,683.25,674.35,703.7,690.3,705.8,713.45,717.65,726.65,720,710.15,723.7,719.45,729.9,734.75,744,768.7,765.4,765.95,759.55,760.7,762.15,757.3,765.15,760.75,761.7,750.6,746.2,740.6,728.65,715.5,709.25,707.85,705.75,710.95,715.55,750.5,754.8,740.5,741.15,743.9,736.65,732.9,730.55,735.95,734.7,732.95,727.85,720.65,724.2,749.05,749.55,756.05,750.3,762.8,788.65,777.55,772.05,750.3,767.9,763.65,750,754.65,745.15,738.3,733.65,729.8,722.75,721.95,720.2,716.9,722.2,772.4,772.45,797.4,778.25,770.15,799.7,793.95,794.85,790.3,797.1,789.2,784.9,801.35,800.05,786.05,769.65,774.3,774.9,776.25,791.6,797.4,788.4,777,788.25,773.65,768,759.25,745.95,731.15,725.8,744.15,732.1,729.25,728.25,730.6,725.55,733,729.2,730.7,752.65,732.35,734.25,734.2,733.35,733.6,727.35,732.65,730.3,731.2,732.85,736.35,730.6,726.55,730.65,726.45,717.45,707.4,722.3,716.25,707.5,711.95,714.5,721.6,719.85,721.05,712,707.45
APOLLOTYRE,549.1,541.2,541.35,541,547.8,540.1,532.85,530.75,530,531.95,532.1,534.8,542.25,540.7,536.65,529.4,527.55,526.55,511.95,500.75,498.1,482.9,475.6,462,443.15,452.8,454.75,455.6,452.8,451.3,447.6,439,438.9,423.4,419.55,423.75,423.95,432.8,437.3,414.65,421.95,420.1,416.4,426.15,422.7,417.55,412.8,420.7,413.2,416.3,412.1,413.4,418.4,408.65,401.35,398.95,389.95,374.3,387.3,378.7,389.45,400.85,411.7,408.8,402.1,407.35,400.95,410.1,425.05,427,425.85,432.95,432.2,429.6,428,426.05,422.55,428.25,423.25,407.95,397.45,401.45,407.8,427.75,439.1,448.2,451.75,460.8,462.4,460.15,470.45,461.4,459.45,455.95,471.9,478.3,487.8,482.85,494.75,484.6,466.6,481,472.4,475.35,480.45,494.25,488.55,489.35,488.1,491.85,494.7,495.15,494,493.85,479.35,470.55,471.5,465.5,458.15,462.65,471.2,472.45,467.9,462.45,457.15,451.95,447.55,445.2,445.4,447.1,439.8,443.5,446.45,451.05,446.6,447.35,448.8,447.7,466.8,462.6,459.15,460.4,471.75,473.9,472.25,458.6,453.5,459.45,455.2,458.15,455.15,450.55,449.55,457.95,459.1,455.05,451.95,455.9,460.05,449.7,440.85,441.45,439.85,435.1,436.25,434.2,438.9,446.65,444.65,432.3,464.45,466.3,467.3,464.7,465.75,465.8,456.55,457.55,462.2,467.6,487.8,485.65,485.5,482.8,480,481.4,479.55,477.8,475.45,479.2,486.25,483.45,484.55,480.65,486.4,489.05,494.7,493.25,479.9,465.55,472.95,467.65,473.15,474.7,478.5,486.9,484.85,488.25,485.35,480.7,486.8,489.95,488.45,507,515.15,513.95,499.8,505.55,504.5,505.55,503,501.5,509.45,522.35,505.8,515.4,522,520.4,532.35,536.9,518.7,514,522.8,522.65,519.25,512.4,528.15
ABSLAMC,845.6,844.55,826.5,818.25,832.5,828.3,830.75,820.35,819.25,800.75,790.25,802.45,802.45,816.65,837.8,836.75,836.25,829.75,822.2,795,820.5,799.15,771.75,782.1,724.5,738.75,761.95,769.5,758.3,750.3,732.45,719.65,717.85,708.75,643.45,611.8,657.2,654.7,683.1,655.05,680.9,704.15,702.75,695.9,673.05,658.75,661.8,658.5,652.85,647.9,641.6,653.8,648.3,662.8,653.55,640.3,630.55,615.5,610.35,605.5,612.25,616.65,619.55,591.5,592.55,606.85,591.2,595.15,632.9,638.8,638.6,648.25,647.1,630.45,643.65,636.7,641.4,648.85,663.2,654.5,633.8,623.35,619.9,625.05,629.05,633.9,626.05,644.1,665.95,667.15,654.15,642.3,642.25,673.7,661.5,657.45,661.15,632.6,647.7,644.8,643.75,681.45,673.65,682.6,679.55,707.95,724.85,701.35,710.2,708.15,721.75,731.1,723.1,735.8,724.5,747.05,749.6,752.3,761.65,755.55,778.7,808.7,800.95,783.3,785.4,765.65,769.8,768.8,749.8,735.25,755.95,756.6,766.7,778.35,777.1,763.95,799.85,790.6,793.15,817.3,803.7,812.75,812.95,817.2,850.3,844.3,850.05,864.65,872.35,864.15,864.35,885.8,897.4,878.35,875.55,852.1,870.2,874.2,880.15,858.2,834.6,863.75,860.3,854.75,855.05,848.85,848.15,849.7,858.55,854.55,860.65,895.8,886.2,884.85,882.2,874.55,842.75,836.6,835.1,838.1,826.3,833.5,827.35,828.15,854.9,847.65,866.55,854.9,847.15,839.35,841.25,816.5,819.35,824.9,812.1,810.75,812.1,803.5,777.5,777.15,791.5,799.7,813.85,819.8,820.75,820.75,804.1,821.4,857.95,848.7,864.95,862.85,861.5,862.05,870.05,851.35,830.6,818.5,809.9,781.3,776.75,762,767.85,780.2,770.35,763.2,753.85,737.15,737.05,751.2,733.95,748.4,736.9,739.1,744.9,734,716.95
AEGISLOG,777,785.35,774.8,760.6,779.5,774.55,788.4,783.2,755.45,825.8,798.75,813.6,804.65,813.1,813.25,820,814.45,820.35,811.45,846.3,963.95,948.05,887.8,830,814.65,816.45,821.8,831.15,801,794.05,765.3,718.65,707.25,675.15,651.1,635.85,680.3,693.9,700.45,677.75,758.75,794.75,811.8,827.65,800,763.95,794.25,736.75,717.25,687.4,662.9,761.3,729.25,749.85,751.3,750.05,764.3,760.2,762.65,765.55,778.5,774.65,750.05,751.3,711.8,735.75,737.05,748,746.85,778.15,791.15,795.7,789.1,783.05,786.75,902.6,805.45,781.8,802.65,809.35,777.75,794.5,778.35,772.05,755.75,766.05,806.3,787,798,794.25,780.05,774.7,775.95,780.25,790.75,785.4,774.2,792.05,785.05,790.1,798.45,795.8,817.35,812.55,813.95,828,867.55,906,930.65,891.55,870.45,832,807.2,809.25,800.1,789.15,796.9,789.9,787.3,799.5,806.05,799.95,803.55,801,802.5,802.25,790.3,775.25,784.3,774.5,800.85,787.45,785.6,787.4,796.1,825.4,781.15,775.8,744.55,745.55,747.6,754.05,758.4,755.25,743.45,747.75,738.8,737.85,751.05,745.6,751.55,741.15,757,751.9,753.45,752.35,736.2,733,725.05,722.75,719.7,707.05,731.95,721.25,712.15,721.35,712.8,707.4,720.45,725.1,700.15,694,697.5,737.4,741.15,735.05,725.2,699.1,694.7,672.15,694.95,691.5,701.7,698.6,707.35,709.4,702,701.9,714.85,702.25,758.9,800.45,800.95,784.75,791.55,772.5,782.15,762.3,773.9,748.5,738.8,765.75,787.2,881.15,831,820.35,807.55,805.9,812.5,811.1,808.35,813.3,802.85,805.9,802.1,802.65,798.55,782.6,807,802.85,785.35,770.05,750.15,768.1,763,766.6,761.35,769.6,780.05,799.7,801.8,791.95,796.95,790.9,788.35,777.55,765.2
POLYCAB,7438.4,7442.85,7401.25,7486.4,7522.15,7541.35,7483.05,7413.35,7493.5,7178.25,7118.35,7091.85,7144.6,7149.25,7283.65,7272.35,7341.4,7390.65,7208,6948.35,7162.85,6904.6,6749.3,6538.95,6251.8,6474.7,6450.8,6665.35,6779.7,6807.55,6559.65,6164.35,6250.9,5915.8,5643.5,5674.65,5830.25,5788.45,6037.95,5857.75,5963.9,6037.3,5859,5869.7,5647.2,5508.05,5641.3,5550.95,5416.25,5414.2,5436.9,5600.1,5756.25,5840.1,5841.3,5765.6,4679.55,4713.4,4870.85,4905.15,5071.3,5076.6,5063.45,4940.45,4907.85,5008.75,5003.1,5020,5195.8,5438.4,5083.4,4992.3,5025.45,5152.15,5150.85,5216.55,5147.95,5102.6,5285.75,5203.75,5040.75,4934.6,4986.15,5005,5093.25,5249.5,5299.5,5293,5412.5,5506,5614.5,5512.5,5507,5598,5570.5,5520,5465,5795,5906,5886.5,5765,5766.5,5992.5,6007.5,5981,6042,6094.5,6102.5,6013.5,6055,5948,5883.5,5949.5,5964,6057.5,6002.5,5991,5926.5,5871,5897,5980.5,6108.5,6144,6138,6166.5,6050,6030.5,6107,6041.5,5989,5822,6000.5,6289.5,6343.5,6441,6468.5,6486,6551,6664,6768,6807.5,6717.5,6700,6748.5,6716,6781,6705.5,6796.5,6944.5,6948,6886,6926,7042,6960.5,6885,6841,6734.5,6837.5,6962.5,6931,6821,6698,6919.5,6925.5,6825,6881,6741,6757.5,6803.5,6966,6970,7087,7117,7158,7084.5,7100.5,7071.5,7064,7106.5,7091,7144.5,7178.5,7235,7257,7228,7324.5,7193,7209,7233.5,7254.5,7250,7395,7359,7440.5,7549,7657,7620,7532.5,7407.5,7322.5,7278,7286,7351,7393,7615.5,7595.5,7588,7631,7730,7685.5,7608,7658.5,7578,7439.5,7673.5,7605,7518.5,7513,7666.5,7510,7735.5,7845,7704,7626.5,7560,7591.5,7542,7608,7659.5,7680,7721,7632,7683,7661,7688,7648.5,7521
MANYAVAR,1376.45,1377.3,1351.15,1326.1,1356.8,1342.75,1347.95,1337.75,1324.7,1299.05,1277.15,1261.45,1239.6,1250.35,1245.55,1289.65,1271.05,1263.4,1257.45,1223.85,1267.45,1234.85,1203,1180.7,1183.7,1176.65,1206.15,1194.75,1194.2,1189.85,1162.65,1145.25,1177.85,1132.6,1091.65,1068.85,1110.05,1028.35,933.8,933.1,958.45,953.8,956.15,935.7,928,894.7,890.75,893.5,880.05,851.9,828.4,869.85,902.25,872.5,840.9,822.65,841.15,843.15,826,819.55,834.4,839.8,832.95,783.6,792.65,778.1,778.4,755.85,758.4,781.6,798.2,780.6,789.1,772.1,755.5,781.85,775.85,766.5,776.25,787.15,765.65,785.8,783.35,786.7,802.45,791.75,786,777.9,802.3,805.6,808.6,800.2,793.55,789.1,793.3,781.95,772.8,789.3,736.05,741.2,723.05,723.05,738.85,735.1,732.75,738.75,751.6,735.9,723.15,729.4,737.85,734.5,739.1,763.55,771.1,787.6,797.3,794.45,781.5,778.85,810.5,819.7,803.75,800.8,803.7,790.35,786.4,785.15,779.65,810.6,799.3,800.7,799.85,795.6,799.85,801.55,804.05,811.25,814.4,803.95,801.1,827.5,814.3,808.85,803.7,806.2,796.1,790.35,798.4,791.6,810.1,799.25,793.45,794.95,785.05,794.3,787.9,761,754.5,789.15,749.4,742.45,756.65,749.7,734.25,732.05,741,747.05,738.8,739.45,743.6,766.4,763.75,773.7,778.25,776.25,779.05,758.05,756.6,740.95,738.5,743.85,741.2,728.15,724,731.55,721.2,731.2,726.05,723.05,735.5,733.3,737.9,727.4,717.55,750.8,721.8,708.25,703,704,693.15,690.15,690.85,694.9,696.15,691.95,681.15,690.15,697.2,685.8,671.65,676.75,684.05,691.35,684.15,695.4,687.7,688.2,686.8,675.25,685.65,671.8,645.75,642.6,644.9,645.35,639.5,629.15,621.8,629.6,626.95,626.5,626.2,619.1,617.5,614.6,608.15
CHALET,928.55,921.8,927.1,1017,1007.55,975.95,996.75,1001,1007.55,976.7,961.85,980.3,975.2,989.1,981.2,974.2,1014.7,1009.45,992.75,955.2,957.75,940.25,919.25,892.55,862,848.3,842.3,821.05,815.85,810.3,784.85,780.35,780.85,763.7,734.85,730.7,764.4,753.35,770.95,799.7,796.9,776.5,747.55,738.25,727.9,699.35,679.8,674.7,693.65,674.85,668.05,701.7,711.75,718.2,710.2,718.6,732.35,737.05,749.5,747.25,772.3,778.1,790.3,793.35,772.65,780.5,767.3,762,769.6,793.95,804.5,815.85,864.2,866.7,845,839.6,819.45,846.75,864.3,872.85,827.05,810.85,825,799.55,819.8,830.8,823.15,811.4,828.75,829.05,818.8,824.2,825.55,812.9,813.95,791.55,800.8,824.25,807.95,810.75,800.1,798.4,869.95,874.8,919.3,913.7,902.9,918.85,895.45,889.45,887.45,888.3,914.3,920.7,938.75,934.3,917.7,920.75,912.45,917.1,917.55,920.85,926.7,913.1,912.15,887.35,877.15,889.8,897.9,904,889.45,897.55,887.6,902.05,918.7,916.45,916.3,921.55,904.4,899.9,886.9,887.35,872.95,859.3,870.95,870.6,858.1,867.9,898.7,890,922.25,930.6,932.2,923.55,933.55,942.6,919.45,898.45,900.05,895.1,909.85,890.35,897.75,874.05,870.1,877.35,868.25,869.75,875.45,895.7,933,960.6,956.4,998,1023.6,1019.45,1032.75,1007.15,1017.7,1010.3,1019.7,1004.1,1023.9,1015.1,1020.9,1029,1029.8,1040.3,1017.4,1021.8,1050.5,1064.6,1062.1,1055.8,1029.9,1009.8,1025.1,1011.9,995.6,956.4,956.5,951.2,957.8,971.5,968.25,970.85,945,941.15,953,930.2,910.4,935.75,969.9,976,952.7,948.35,949.6,941.25,945.4,930.45,950.75,965.55,949.75,958.2,962.15,929.15,915.85,903.65,892.85,907.1,888.4,884.05,870.95,875.35,885.95,899.9,896.8
RAYMONDREL,969.2,921.2,882.1,926.2,905.9,894.2,865.4,861.8,855.7,832.4,810.5,800.5,809.5,815.5,789,757.4,768.8,748.5,714.6,702,705.7,718.3,689.6,675.35,694.75,724.65,665.1,644.45,644.6,635.35,681.1,671.45,647,639.65,651.05,653.75,648.25,638,636.4,622.65,620.2,606.65,618.65,625.8,617.85,606.6,614.35,620.65,645.35,636.65,617.15,614.85,628.3,628.9,640.2,642.35,664.65,672.3,648.6,631.1,631,612.9,589.2,573.5,594.65,597.2,612.9,613.9,602.05,593.3,606.9,590.7,580.9,585.35,598.4,587.9,613.2,622.65,643.75,660.75,686.5,652.7,650,628.6,618,623.45,614.75,603.3,598.85,587.25,572.55,570.15,561.5,542.75,524.1,518,517.85,514.55,512.05,471,486.45,514.2,495.5,503.2,507.4,501.95,496.15,499.3,485.95
WHIRLPOOL,1878.05,1929.45,1936.95,1946.75,1913,1908.9,1950.5,1945.5,1952.55,1939.95,1851.35,1893.1,1871.5,1875.2,1786.45,1840.15,1814.85,1844.45,1874.05,1798.55,1754.6,1710.25,1700.95,1701.6,1595.1,1683.7,1684.25,1678.95,1683.8,1654.45,1604,1573.55,1607.75,1621,1607.85,1577.25,1575.95,1260.8,1139.8,1181.5,1149.95,1129.45,1103.45,1108.3,1063.4,1034.5,999.85,1022.65,1002.4,999.6,982.95,1003.45,987.35,979.35,963.05,969.65,960,928.05,921.7,937.5,958.15,984.4,996.7,962.7,938.55,939.95,941.85,937.05,950.75,965.35,984.4,981.25,1004.65,987.75,969.45,985.55,989.9,1047.55,1063.95,1079.35,1062.4,1030.25,1080.6,1069.5,1106.55,1105.6,1100.2,1104.85,1093.65,1109.1,1088.7,1187.05,1156.55,1199.85,1291.5,1259.35,1236.1,1237.9,1196.5,1237.5,1235,1222.9,1271.2,1266,1268.7,1266,1296.4,1293.6,1295.5,1265.9,1267.1,1262.8,1272,1249.7,1224.3,1225.2,1235.9,1240,1232.4,1251.1,1269.8,1288.4,1354.7,1318.1,1349.5,1340.1,1328.7,1323.6,1330.9,1365.8,1329.3,1350.1,1406.3,1374.6,1382.8,1407.6,1402.8,1401.4,1379.4,1387,1401.7,1377.7,1372.8,1333,1347.9,1328.3,1372.5,1384.4,1383.8,1374.2,1404.8,1444.7,1432.5,1435.1,1445.4,1410.8,1399,1379.7,1389.9,1384,1334.6,1315.6,1337,1317.2,1326.8,1294.7,1264.6,1262,1243.1,1241.3,1240.7,1299.9,1285.2,1298.1,1316.1,1301,1309,1285,1301.6,1300.6,1316.7,1333.7,1344.9,1349.4,1357,1363,1371.2,1369.8,1330,1351.5,1343.6,1361.7,1341.6,1335.4,1337.8,1329.2,1320.9,1296,1249,1232.6,1200.9,1191.2,1172.4,1179.4,1183.3,1193.4,1164.4,1144.1,1169.5,1164.2,1154,1183,1237.8,1384.4,1357.9,1397.5,1399.4,1370.6,1391.2,1381.2,1411.2,1420.9,1399.1,1378.3,1374.4,1350.2,1340,1285.2,1237.9,1226.9,1227.3,1245,1235.6,1206.9,1202.1,1187.9,1180.3
KAJARIACER,1157.3,1209.85,1209.45,1178.8,1159.5,1154.05,1139.4,1146.25,1151.15,1147.25,1132.15,1129.45,1110.15,1118.4,1146.95,1158.95,1172.3,1144.7,1138.95,1107.2,1083.7,1060.7,1082.15,1071.25,1020.3,1032.65,1046.15,1062.65,1054.75,1055.8,1043.7,1031.65,1046.3,1039.7,1007.7,989.3,1000.65,995.15,991.4,983.45,959.85,979.95,973.2,969,958.55,939.3,921.5,929.75,911.15,890.35,870.8,880.75,873.15,881.35,862.8,874.3,874.75,852.3,859,865.7,874.2,886,876.55,878.05,885.15,874.55,860.1,875,885.2,903.8,891.95,885.05,890.25,890.6,890.35,878.65,858.9,848.45,830.5,827.8,803.65,785.1,788.4,779.45,801.2,808,791.05,812.35,819.35,814.1,812.05,817.2,799.9,800.6,815.5,804.5,818.25,822.05,799.65,829.2,829.2,855.75,844.75,850.25,866.1,931.3,947.8,981.15,966.8,1003.9,994.4,994.05,1049.5,1021.8,1042.85,1049.85,1039.75,1055.2,1032.7,1024.3,1012.8,1012.4,1032,1064.8,1057,1051.5,1041.5,1033.9,1023.1,1020.9,1020.6,1022.4,1054.1,1105.3,1105.7,1118.8,1088.8,1081,1074.6,1120.6,1140.6,1150.3,1167.4,1168.7,1183.9,1195.4,1179.3,1183.7,1185.3,1183.6,1228.9,1226.2,1253.1,1241.6,1214.5,1179.1,1170.5,1172.3,1162.7,1169,1177,1183.5,1189.8,1187,1190.1,1264.2,1308.5,1309.1,1257,1274.8,1267.8,1282.7,1292.2,1277,1276.5,1274.2,1263.6,1240.6,1221.4,1209.6,1225.8,1209.8,1233.2,1242.4,1223.1,1233.6,1240,1243.6,1234.3,1225.7,1220.2,1235.3,1232.8,1219.3,1205,1200,1183,1213.1,1193.8,1182.8,1163,1166.8,1191.8,1206.2,1205,1202.7,1206.9,1209.8,1242,1261.6,1234.4,1237.4,1251.3,1243.6,1221.2,1217.4,1227.1,1208.7,1214.5,1216.8,1216.7,1217.1,1207.6,1184.6,1167.7,1141.7,1125,1120.7,1109.7,1105,1128.3,1123.8,1119,1104.4,1086.9,1082.6,1078.1
AJANTPHARM,2844.85,2824.3,2793.7,2838.95,2807.45,2896.55,2875.75,2892.5,2875.7,2866.45,2805.5,2803.75,2790.9,3044,2954.5,2932.2,2994.35,2978.35,2873.75,2947.25,2998.25,2965.55,2935.2,2834.2,2775.95,2815.7,2880.75,2867.95,2864.95,2880.7,2832.45,2862.7,2895.95,2796.55,2665.8,2568.65,2627.95,2676.85,2694.45,2982.75,2797.6,2785.75,2698.75,2691.7,2599.2,2520.3,2515.05,2495.6,2560.25,2660.75,2756.4,2788.4,2663.7,2606.5,2564.3,2585.5,2589.7,2485.95,2444,2448.9,2561.9,2569.4,2562.85,2522.25,2508.1,2545.05,2538.25,2602.25,2622.5,2626.35,2714.1,2767.95,2774.3,2728.8,2629.55,2623,2617.4,2617.75,2621.15,2485.25,2374.45,2494.7,2470.15,2565.4,2623.2,2635,2694.6,2679.2,2682.3,2688.9,2790.4,2676,2775.2,2765.8,2706.1,2585.2,2586.6,2500.7,2497.9,2519.1,2537.9,2482.3,2592.7,2586.3,2598.9,2603.6,2628.4,2599,2637.9,2573.5,2574.9,2591.9,2590.7,2589.4,2575.7,2510.8,2554,2559.2,2586.4,2577.8,2571.3,2594.8,2576.3,2646.8,2730.3,2634.2,2598.2,2547.5,2581.4,2545.7,2588.2,2564.9,2564.2,2585.2,2568.4,2520.7,2574.1,2502.7,2548.9,2631.5,2695.5,2657.3,2610.6,2627.2,2591.3,2626.5,2646.4,2697.7,2787.8,2786.4,2772.8,2777.1,2740,2718.6,2796.4,2784.3,2767.1,2823.2,2800.5,2751.4,2695.2,2636.3,2635.8,2541.4,2619.1,2605.5,2649.3,2697.3,2671.7,2685.9,2691,2703.3,2683.7,2656.5,2638.5,2622,2579.1,2508.3,2477.6,2452,2480,2557.5,2600.7,2614.1,2590.7,2561.3,2593.8,2572,2579.1,2549.6,2555.8,2560.9,2548.4,2544.6,2539.2,2544.9,2531.2,2489.4,2465.2,2424.7,2406.3,2398.2,2401.8,2431.3,2459.3,2411,2421.2,2434.2,2419,2392,2409.7,2458.2,2438.5,2436.3,2447.6,2414.5,2414.4,2393.1,2388.4,2461.9,2468.6,2465.3,2539.4,2610.7,2568.8,2524.2,2528.8,2577.6,2567.9,2549,2523.2,2504,2458.1,2517.7,2510.7,2485.7,2515.2
VBL,641.6,645.35,643.95,646.25,645.65,645.4,647.85,633.45,628,612.55,626.55,627.3,624.1,624.3,643.45,638.5,650.85,648.7,652.2,630.7,618.2,606.95,605.45,596.55,574.75,566.3,560.5,574.7,556.35,552.9,541.5,534.6,540.4,541.7,525.2,539.35,541.55,540.6,536.75,582.5,586.55,583.65,568.6,553.7,548.45,520.35,534.5,513.4,488.55,474.55,469.1,475.9,468.4,477.65,499.95,476.5,448.3,436.05,456.95,477.3,476,491.35,487.75,481.9,485.2,478.35,488.15,507.75,532.5,540.9,548.75,537.95,531.1,517.15,527.9,536.3,539.65,538.75,546.9,544.5,535.45,519.6,540.4,540.2,545.75,550.6,549.2,556.75,546.8,549.45,549.15,532.35,521.95,533.2,529.15,522.35,524.45,538.75,514.3,512.1,488.75,496.25,513.85,508.75,510.1,506.6,501.65,494.8,480.3,479.15,469.55,488.75,482.7,485.55,483.9,483.05,475.95,481.65,474.4,467.8,468.1,477,476.6,476.25,475.1,476.6,469.9,473.15,470.35,469.4,448.65,459.6,461.8,462.75,460.3,458.4,461.6,457.55,451.6,453.05,450.7,456.15,464.05,458.15,465.75,459.75,452.25,461.2,469.8,480.1,490.15,484.85,489.3,485.25,487.75,486,477.15,486.75,512.15,522.1,522.6,511.9,508.6,508.1,499.2,502.7,495.95,510.75,514.25,511.1,501.85,499.8,505.4,517.65,517.25,516.6,516,508.55,497.7,487.15,495.35,499.2,505.25,489.5,469.65,474.05,474.5,475.8,474.65,469.8,471.65,462.9,471.05,473.55,474.45,463.95,458.5,452.6,451.85,444.75,451.7,443.7,442.95,443.45,438.95,440,434.85,445.9,443.65,442.45,441.6,445.35,461.3,461.55,456.35,459.45,465.55,461.4,459.35,454.15,495.45,485.25,469.65,474.75,471,471.85,470.2,463.25,470.6,459.3,453,459.4,461.7,457.9,454.55,451.5,447.65
AKUMS,624.25,612.15,612.8,587.05,589.3,584.5,578.95,570.45,560.6,572.8,597.9,595.9,607.65,668.4,645.2,638.4,632.9,641.25,633.85,607.6,611.6,624.35,617.4,618.25,609.25,625.35,620.3,629.35,632.7,626.5,625.65,582.15,579,567.8,551.3,554.75,577.65,557.95,566.55,567,565.85,570.3,574.4,560.9,572.35,541.95,549.95,550.35,523.4,516.2,503.15,494.95,511.35,496.7,494.85,491.5,473.4,455.5,449.35,475.95,515.65,516.4,503.6,492.4,508.05,517.2,510.25,510,518.25,510.5,505.7,500.45,491.05,470.95,457.55,460.25,473.2,472.8,473.9,476.2,448.85,421.4,446.1,428.85,433.8,477.15,499.15,486.35,501.2,505.95,505.65,529.95,530.6,524.5,524.45,522.2,517.6,519.85,512.65,512.2,515,504.45,507,513.15,519.8,558,546.4,552.35,564.45,568.05,563.9,566.05,581.9,577.35,576.45,571.1,571.4,568.65,562.55,554.05,560.8,564.15,568.3,564.2,577.85,569.35,572.3,574.7,561.65,553.9,541.05,542.7,534.95,536.05,575.5,582.9,594,585.4,576,575.55,580.45,578.5,569.9,565.1,561.75,550.9,557.95,550.8,556.85,561.6,560.2,552.85,544.65,537.75,540.95,537.4,530.2,529.55,545.4,539.1,519.25,513.9,505.2,502.35,487.05,490.8,480.35,479.65,481.05,487.6,470.65,474.5,479.4,480.45,481.8,480.05,478.35,477.1,467.9,454.25,466.8,472.7,474.05,465.65,460.2,466.2,462.25,468.7,459.65,462,470.35,475,471.4,474.95,476.5,475.25,470.65,466,458.7,446.65,443.7,441.45,451.25,446.2,441.3,439.95,440.5,445.5,446.15,462.3,459.55,463.45,462.4,461.75,466.85,470.35,463.05,460.55,465.9,457.2,467,466.9,460.75,467.65,471.1,460.35,453.35,438.8,438.6,453.15,437.4,424.3,440.5,430.3,424.9,421.55,421.65
TATAMOTORS,#N/A
PIDILITIND,1580.38,1606.58,1595.6,1595.05,1592.6,1596.93,1540.68,1528.83,1494.5,1488.4,1475.9,1484.95,1466.23,1457.2,1455.28,1452.13,1431.85,1463.33,1466.18,1447.38,1463.8,1454,1479.13,1450.68,1398.35,1404.48,1401.38,1392.5,1406.68,1393.88,1374.85,1377.38,1454.83,1427.28,1433.5,1432.05,1445.53,1443.28,1435.85,1480.38,1463.48,1444.6,1449.78,1435.3,1434.03,1425.53,1414.25,1409.05,1403.1,1390.85,1383.28,1384.35,1410.75,1397.85,1380.9,1348.25,1338.55,1328.95,1340.65,1349.33,1346.48,1369.03,1375.6,1366.25,1361.15,1374.65,1364.95,1376.43,1364.58,1365.93,1379.55,1412.75,1411,1411.53,1422.7,1433.25,1424.65,1413.28,1425.48,1430.75,1446,1424.38,1465.48,1469.9,1476.3,1495.8,1513.25,1517.15,1509.65,1514.4,1533.45,1538.2,1505.6,1521.4,1502.5,1516.95,1504.35,1517.25,1502.3,1487.65,1478.75,1490,1538.25,1550.3,1554.3,1555.75,1545.6,1534.05,1501.4,1493.1,1497.25,1515.85,1522.6,1513.8,1500.5,1514.8,1553.6,1540.1,1548.05,1547.65,1526.6,1524.9,1527.9,1539.65,1530.1,1523.45,1506.25,1499.4,1509.15,1484.1,1483.65,1478.05,1475.85,1501.15,1502.95,1510,1525.85,1527.2,1522.9,1538.3,1557.25,1540.1,1536.2,1533.8,1524.15,1532.55,1500.4,1482.2,1499.1,1494,1496.15,1479.05,1482.55,1467.15,1459.45,1453.95,1444.8,1439.4,1446.45,1437.05,1434.9,1429.45,1475.9,1498.8,1520.9,1525.4,1540.65,1548.4,1550.75,1530.95,1542.7,1538.45,1547.6,1542.3,1539.5,1543.6,1553.5,1550.2,1531.45,1525.15,1562.7,1563.5,1556,1559.55,1547.55,1551.9,1550.05,1535.3,1539.9,1539.45,1537.05,1537,1531,1527.1,1524.15,1519,1489.3,1519.5,1495.7,1474.8,1466.8,1468,1475.4,1489.6,1489,1470.9,1493.7,1510.4,1510.6,1513.5,1491.2,1500.8,1523,1542.7,1526.3,1532,1517.1,1507.1,1504.4,1492,1507.3,1486.4,1444.6,1460.5,1455.2,1442.8,1454.8,1456.6,1472.9,1482,1481.4,1459.8,1475.5,1491,1476.7,1489,1472.1
AADHARHFC,426.5,422.2,418.5,435.7,438.75,437.05,429.95,433.75,424.85,424.25,425.6,423.05,426.2,424.55,434.25,422.6,419.8,421.2,428.2,421.15,424.05,422.85,422.45,422.95,405.7,404.95,397.2,395.5,397.25,395.85,401.55,399.2,395.55,384.65,364.15,391.1,397.45,387.4,398.5,390.85,392,391.25,392.95,401.15,384.3,384.9,389.55,392.8,384.5,392.65,391.4,385.15,381,379.75,366.25,379.1,383.15,380.7,377.45,380.55,388.5,400.85,426.7,426.9,431.8,425.3,414.65,417.95,427.95,443.2,429.9,417.45,413.15,406.35,403.25,423.5,424.85,423.3,443.95,458.65,449.85,430.2,454.2,459.4,463.4,467.7,485.1,485.35,479.75,472.05,479.2,468.35,456.75,470.25,476.55,467.05,470.8,474.85,464.65,454.55,453.75,440.95,441.65,460.55,450.5,447.05,457.4,448.55,438.65,440.75,434.5,444.85,449.25,445.05,439.65,430.1,444.25,441.95,441.5,441.3,443.8,449.45,452.95,452.55,445.95,442.05,437.8,443.65,445.7,440.15,436.35,437.5,442.9,434.25,441.5,444,444.2,454.6,463.9,465.05,463.65,460.25,455.05,450.65,449.35,453.1,451.7,459.95,477.9,504.65,502.75,504.7,516.35,519.6,516.75,511.7,496.4,516.55,509.1,507.55,507.05,499.5,500.1,499.45,495.55,505.3,503.8,506.75,506.2,496.7,501.1,505.05,502.45,515.5,517.45,521.85,517.25,503.45,497,502.95,501.85,507.9,515.4,506.5,513.55,510.45,512.4,517.8,505.55,506.65,518.8,537.8,538.3,538.55,539.15,527.55,535.35,539.85,526.8,511.85,511.55,510.25,510,509.95,517.8,512.9,513.25,513.75,515.5,513.8,516.25,510.6,508.1,503.7,513.75,515.65,508.45,522.6,511.2,512,514.8,513.55,509.85,509.3,509.2,499.45,494.55,498.45,492.45,496.6,499,494.9,496.85,494.45,488.2,485.75,483.6
VGUARD,435.7,443.75,433.45,426.55,436.05,434.55,435.05,442.55,429.5,415.6,421.2,421.6,419.85,417.2,424.75,422.5,446.55,429.45,427.1,421.35,426.6,417.95,413.45,397.4,400.4,392.35,392.95,392.1,384.15,387.8,378.55,380.05,374.3,365.55,365.7,353.8,357.3,364.35,364.45,389.15,389,396.95,395.1,393.25,389.9,373.9,358.85,343.15,340.15,338.9,333.6,333.75,330.65,344.65,334.4,326.55,317.25,309.45,311.05,313.3,322.6,327.25,330.85,331.35,332.4,330.65,335.05,335.4,350.25,350.1,343.3,350.15,356.8,356.75,353,350.45,355.55,350,354.75,355.25,352.2,347.95,360.05,357.75,361.9,363.9,361.45,352.4,354.15,360,358.9,358,356.4,357.95,360,360.65,360.95,376.1,370.5,370.05,368.2,366.65,376.7,378.95,376.75,374.6,375,382.05,379.45,387.1,383.95,383.85,384,384.2,378.85,376.75,379.35,374.75,374.45,373.15,371.3,375.15,376.95,377.4,380.55,378.6,375.25,376.35,373.95,376,369.6,376.75,376.2,376.15,381.9,386.4,386.7,387.3,386.75,383.3,394.35,394.4,396.95,393.2,391.9,392.7,393.85,393,396.45,394.75,404.15,405.05,404.9,399.2,405.55,401.9,402.05,387.05,384.8,389.2,382.05,376.65,370.45,370.5,365.9,359.2,352.4,362.85,359.45,358,359.95,373.2,373.4,370.45,372.2,372.65,367.85,360.95,357.6,363.35,359,356.15,358.35,365.5,370.7,371.65,368.65,365,365.6,369.75,374.05,372.85,373.6,369.95,374.35,369.8,366.35,365.5,369.8,370.6,367,375.5,370.1,367.3,365.5,363.85,356.3,350.45,348.35,353.1,351.25,354.3,360,363.55,364.95,364.15,370.05,372.2,375.5,378.4,382.55,369.15,362.25,369.7,373.35,369.2,360.95,359,357.1,355.15,354.3,351.25,350.95,349.4,348.4,347.9,345.85
SCHNEIDER,820.75,814.45,827.55,833,834.8,858.25,839.05,826.9,816.2,789.7,779.1,781.15,778.35,776.3,771,766.65,790.9,802.45,786.5,746.25,762.5,760.45,744.05,720.65,704.05,724.5,715.1,738.25,723.6,753.85,727.8,712.15,713,694.8,665.5,626.95,659.65,650.55,682.8,637.3,642.9,653.75,662.3,654.75,646.3,662.55,685.55,664.5,627.45,615.6,608.7,628.35,640.65,641.15,646.9,656,642.3,612.05,600.25,619.2,635.9,637.05,632.7,603.7,602.7,604.45,607.9,624.05,644.75,638.8,686.3,702.75,684.6,661.9,664.65,668.35,655.95,672.35,658,625,588.15,590.05,563.75,594.3,615.35,608.45,606.15,627.7,621.7,621.1,623.7,605.05,598.25,599.35,575.5,576.25,585.9,564,567.65,556.7,550.95,608.3,620.15,622.55,633.1,653.05,665.9,654.45,665.55,669.45,667.5,678.65,697.95,778.7,751.15,752.15,760.8,760.85,772.65,765.05,792.4,785.55,773.85,767.7,746.95,724.7,749.85,765.9,784.05,752.75,755.4,758.5,783.45,797.1,800.4,792.8,832.4,832.65,824.15,819.8,819,818.1,814.85,825.1,836.7,854.5,842.8,870.3,886,903.7,906.8,917.25,932.6,937.95,925.35,913.2,891.85,909.7,955.15,1002.9,1001.3,1032,1032.4,1001.5,983.8,934.7,888,844.1,886.3,871,873.7,847.8,839.3,860.2,860.5,858,860,862.7,857.1,844.4,876.2,860.3,849.05,890.1,874.85,876,881.45,874.45,870.95,889.6,907.2,912.9,899.65,891.35,883.3,872.05,855.05,859.65,835.5,845.25,820.6,827.95,855.7,841.75,842.65,833.8,826.9,829.25,836.85,816.5,829.75,827.4,822.85,814.4,820.4,811.4,840.45,862.4,865.3,853.15,853.75,836.5,862.65,889.95,876,861.95,808,821.3,821.35,803.15,797.2,790.65,764.3,782.2,755,741.35,734.3
KALYANKJIL,775.45,758.9,762.95,760.1,747.1,763.25,756.35,754.2,742.45,719.2,723.95,720,726.45,721.65,744.4,766.25,775.85,787.9,777.8,744.55,722.95,706.4,662.55,626.75,573.1,596.4,555.1,539.2,501.5,530.9,488.35,485.65,478.15,458.75,437.2,438.05,448.7,440.65,503.1,502.9,563.8,567.85,542.4,539.4,522.05,520.25,512.6,526.45,488.4,507.05,484.3,483.15,493.85,485.25,479.1,478.05,469.2,462.25,440.45,459.6,467.45,450.4,431.7,407.5,421.5,427.25,430.9,434.45,453.55,467.25,471.2,489.85,469.2,474.3,469.05,467.25,458.05,511.1,509.1,487.15,486.3,492.3,494.05,510.75,514.15,525.35,524.65,529.15,525,538,519.8,501.25,518.2,518.2,516.55,508.45,530.8,502.25,523.1,512.4,519.15,538.15,554.5,551.45,551.9,560.4,559.35,546.15,552.05,554.1,553.6,568.35,562.75,570.6,565.4,560.4,556.65,556.65,556.7,554.1,563.1,551.65,547.1,535.2,518.55,518.95,521.35,514.55,519.9,511.05,518.35,515.65,520.8,540.35,553.35,544.75,555.85,570.35,585.6,582.85,585.65,584.05,573.75,578.8,587.8,582.15,585.75,588.25,590.2,600.5,590.15,591.2,593.05,611.8,613,594,596.85,604.4,606.65,594.7,582.85,596.45,600,590.2,590.95,528.1,537.5,522.7,515.65,533.5,520.2,507.35,510.6,511,511.15,511.15,498.4,510.15,504.15,510.05,508.7,514.1,501.9,501.95,505.95,500.25,507.05,505.8,502.75,504.75,508.55,522.8,515,511.4,505.25,494.95,479.1,462.55,455.8,448.3,454.3,465.3,492.15,485.35,487.7,481.95,482.95,484.85,474.8,469.45,477,487.15,489.85,494.9,492.1,494.15,495.3,505.85,504.9,513.2,512.9,509.7,515.85,522.6,512.85,512.8,510.4,509.4,508.75,498.75,495.5,495.45,490.65,499.6,504.1,496.45,484.4
RPOWER,44.39,44.86,44.04,46.24,47.45,47.23,46.71,44.88,46.92,44.75,43.79,44.44,44.13,43.16,41.85,42.6,44.73,46.29,45.8,43.51,43.4,42.38,40.26,38.98,37.03,38.88,39.24,41.2,42.06,40.78,40.11,39.45,39.63,38.52,36.71,36.85,38.65,38.67,40.09,38,39.9,39.92,42.39,41.84,41,39.09,39.45,39.56,37.27,36.94,36.78,37.95,38.16,37.7,36.8,36.52,34.75,33.26,32.92,33.08,34.66,35.19,36.04,34.42,34,33.64,33.39,34.8,37.72,36.45,37.82,38.21,37.25,39.47,42.97,42.98,41.99,42.31,43.16,41.35,39.02,39.83,39,40.03,41.63,41.83,42.13,44.22,43.57,43.53,44.37,41.36,41.36,41.01,39.99,40.13,40.74,38.25,39.11,38.26,38.65,42.77,43.51,44.31,44.3,45.07,45.69,44.73,44.95,44.59,51.9,50.68,52.04,50.43,52.22,58.1,61.97,58.89,60.93,60.89,61.64,64.62,71.24,71.27,69.72,67.05,66.98,63.63,66.8,63.52,63.55,62.6,63.58,66.75,66.6,69.18,70.29,69.63,68.05,65.54,66.08,65.27,65.12,64.31,64.42,64.81,65.29,64.53,66.05,65.11,64.02,63.52,61.36,62.92,59.77,56.78,53.94,56.17,53.36,52.73,50.09,47.58,45.2,47.46,45.12,43.03,43.82,43.96,42.29,43.3,43.28,45.44,47.71,50.09,48.91,46.46,44.73,45.18,43.92,44.04,46.24,47.75,46.43,46.92,46.17,46.63,46.76,46.4,45.79,45.65,47.93,48.83,47.44,48.04,48.83,47.84,46.46,46.01,44.76,44.89,44.36,45.7,46.48,45.35,44.56,44.79,44.45,48.58,46.22,45.1,44.89,45.05,44.64,44.16,44.38,45.08,45.2,44.63,43.68,46.3,46.55,46.42,43.89,40.72,41.07,39.19,41.1,41.19,41.71,41.26,41.33,40.86,40.06,39.93,39.32,38.84,37.04
EMCURE,1353.35,1368.05,1368.45,1345.5,1359.9,1408.8,1386.7,1403.7,1389.05,1372.9,1387.25,1420.7,1444.35,1438.05,1458.15,1447.1,1460.25,1478.2,1465,1432.6,1420.65,1446.1,1436.9,1357.9,1318.25,1351.25,1365.15,1387.1,1362,1388.45,1357.25,1350.35,1345.75,1284.3,1229.45,1171.35,1206.55,1219.45,1228.5,1248.05,1254.3,1249.8,1285.25,1212.75,1173,1110.8,1073,1064.45,994.7,960,985.55,996.05,992,995.75,979.85,987.7,976.6,981.7,956.5,946.1,965.5,980,970.6,940.2,945.5,925.55,927.7,920.05,937.55,932.7,1000.05,1028.35,1062.2,1006.5,1025.55,1049.25,1072.4,1076.05,1054.75,1033.25,987.4,937.45,942.85,905.6,919.45,951.8,1008.3,1098.8,1082,1070.2,1100.2,1073.2,1029.7,1035.7,1009.1,1021.9,1020.3,1024.1,1030,1016.1,1023.3,1007.6,1037.2,1035.1,1055.6,1065.5,1064.4,1076,1060.4,1073.6,1167.7,1284.4,1403.4,1359.2,1344.7,1351.9,1329.9,1349.5,1322.5,1334,1332.4,1327.4,1325.9,1335.5,1368.3,1375.9,1361.4,1333.8,1328.7,1338.9,1325.5,1312.4,1343.6,1349,1335.4,1318.4,1299.8,1293.8,1281.6,1270.6,1279.8,1252.3,1243.1,1244.4,1258.2,1283,1297.2,1355.2,1361.6,1362.5,1369.5,1367.2,1357.9,1425.7,1425.2,1425.4,1407.8,1402.7,1408.9,1427.7,1409.6,1364.2,1410.9,1433.9,1422.3,1400.7,1385.7,1389.9,1408.5,1453.8,1454.8,1453.5,1470.2,1504.5,1470,1493.1,1493.6,1468.6,1431.8,1393.4,1381.6,1365.1,1371.4,1370.7,1372.7,1354.3,1385.3,1362.2,1376.7,1348.9,1353.4,1360.4,1355,1340.9,1342.5,1317,1325,1329.9,1325.8,1284.2,1271.8,1279.9,1304.3,1339.9,1435.3,1413.4,1381.7,1395.8,1423.2,1370.6,1339,1364.5,1350.3,1347.5,1376.1,1393,1385,1357.3,1348.9,1326,1339.6,1337.9,1318.9,1326,1324.7,1359,1362.4,1426.6,1369.7,1337.4,1379.4,1371.8,1394.1,1360.5,1370.1,1361.7,1354.6
MAPMYINDIA,1908.45,1816.05,1794.45,1772.45,1740.25,1741.45,1731,1721.7,1720.7,1664.85,1652.65,1619.5,1604.85,1604.45,1588.05,1588.95,1624.35,1640.05,1629.75,1648.4,1654.1,1659.05,1656.55,1640.2,1628.15,1648.05,1633.5,1650.6,1651.3,1650.5,1654.3,1660.35,1656.35,1660.85,1662.1,1616.4,1647.05,1650.35,1701.4,1742.25,1754.75,1700.4,1684.5,1701.2,1650.6,1684.05,1662.6,1657.3,1651,1654.05,1665.25,1680.55,1705.4,1674.1,1649.15,1681.9,1723.55,1664.8,1683.4,1645.65,1671.65,1664.25,1645.55,1637.3,1631.3,1622.85,1585.8,1590.85,1611.75,1631.5,1611.85,1628.1,1627.15,1608.35,1653.5,1689.35,1704.75,1742.85,1762.7,1749.8,1705.45,1752.3,1714.05,1723.25,1725.5,1733.9,1765.6,1787.5,1823.4,1802.5,1801.4,1796.3,1847.6,1831,1794.9,1838.7,1874,1853.8,1856.5,1815.9,1838.3,1980.5,2075.8,2040.4,2085.2,2100.2,2055.3,2018,1999.5,1997.5,1997.6,1949.6,1944.2,1918.9,1927.2,1936.2,1936.1,1909.3,1917.6,1917.1,1904,1925.6,1918,1953.3,1770.4,1765,1737.3,1745.2,1745.2,1741.8,1735.2,1735.7,1762.8,1765.7,1768.7,1739.7,1759.7,1783.5,1746.8,1735.3,1735.4,1777.6,1786.5,1784.3,1791.5,1795.1,1809.4,1803.3,1812.2,1795.9,1809.2,1829.4,1849.9,1816.7,1835.9,1833.8,1845.7,1812.6,1825.1,1802,1757.8,1778.2,1776.4,1750.1,1751.8,1773.1,1811.6,1787.8,1776.4,1780.1,1782.4,1782.6,1767.4,1742.5,1729.6,1699.1,1676,1663.2,1643.3,1642.3,1648.9,1648.4,1647.9,1649.3,1641.8,1649.8,1649,1645.4,1634.8,1648.3,1639,1649,1649.9,1646.2,1634.9,1632.6,1633.6,1629.9,1622.6,1638.5,1649.3,1636.8,1669,1685.6,1697.1,1685.6,1699,1704,1788.8,1949.2,1868.7,1848.1,1844.7,1840.8,1849.3,1811.5,1821.2,1805.1,1814,1779,1830,1819.3,1809.1,1783.4,1764.6,1815.5,1825.8,1742.3,1719.9,1702.9,1692.4,1698.7,1693,1694.5,1702.8,1702.8,1680.7
JINDALSTEL,967.2,1002.35,994.65,1000.25,998.75,976.1,951.5,931.45,922.4,908.05,940.8,942.7,941.35,923.55,918.3,930.7,938.1,941.7,957.85,939.35,941.45,942.55,931.55,917.7,876.7,909.9,910.25,917.85,924.65,933.8,918.9,896.8,893,882.8,842.65,841.1,849,840.05,791.55,807.7,801.6,818.85,809.35,844.55,840.6,834.5,829.35,840.5,833.3,837.65,846.95,860.1,879.3,880.35,862.25,856.8,862,856.15,854.35,867.3,891.65,914.6,908.95,905.3,904.85,903.05,889.7,897.95,923.5,925,926.2,914.3,922.75,908.8,899.85,916.05,912.3,901.5,909.55,905.2,850.1,791.05,801.85,786.9,805.65,845.15,854.25,881.7,906.4,914.75,919.05,908,891.8,907.5,895.45,895.65,897.75,903.85,873.5,878.6,851.15,855.35,904.75,909.7,943.2,968.3,981.6,973.05,957.6,968.5,959.95,953.4,954.8,947.5,945.15,971.35,948.9,943.65,946.4,951.7,949.85,962.75,974.55,973.7,955.05,939.1,920.75,922.6,891,893.9,887.45,899.05,910.7,924.2,919.9,954.9,939.35,941.7,951.25,968.7,956.5,953,953.5,951.1,944.8,944.55,938.4,933.05,943.85,931.45,950.45,957.15,960.05,965,977.4,1000.45,1000.15,977.7,984.35,982.85,965,945.5,980.2,999.8,985.9,999.5,974.1,991,998.5,996.35,975.4,992.85,1005.25,1016.25,1010.15,997.25,996.2,977.15,964.7,945.8,962.85,975.15,1028.35,1031.85,1034.85,1041.55,1034.1,1039.6,1040.4,1035.95,1046.3,1053.35,1033.65,1047.65,1046,1032.45,1062.7,1052.65,1051.7,1029.5,1043.35,1063.75,1065,1076.5,1055.9,1033.7,1019.2,1040.3,1015.2,1007.6,996,1001.4,1022.8,1007.6,1005.6,1009.8,1009.1,1008.2,1034.3,1073.5,1070.6,1070.2,1066.8,1077,1080.7,1045.5,1069.9,1071.4,1080.2,1079.9,1087.8,1076.2,1080,1066.3,1071,1069.4,1038.6
ABFRL,116.87,117.55,117.34,115.35,114.23,113.8,111.88,110.95,110.04,106.97,106.97,107.22,107.01,106.9,105.34,106.12,106.84,107.12,106.42,100.66,102.56,101.34,104.83,103.9,98.71,102.39,100.68,104.79,104.13,107.14,105.06,105.78,107.16,103.07,101.87,100.55,101.36,100.72,103.81,108.41,108.28,107.56,105.63,104.47,99.87,96.64,97.8,98.14,93.86,96.87,94.96,95.35,96.89,94.99,95.77,94.22,91.85,91.79,90.99,90.81,92.41,92.05,91.85,89.96,90.97,92.21,90.99,91.36,92.15,95.24,95.04,96,96.56,96.81,97.67,97.14,97.14,97.88,99.03,100.07,97.91,92.95,94.35,93.36,96.28,99.94,100.19,100.91,102.03,103.09,103.45,103.56,100.13,103.79,101.67,99.9,97.12,99.66,97.27,100.34,97.95,96.25,101.91,101.57,105.06,105.15,105.42,108.43,105.17,101.95,89.85,88.55,86.75,87.95,87,87.5,85.85,87.56,86,76.77,76.88,77.77,77.36,76.66,77.33,75.2,73.8,74.93,74.7,74.43,72.47,73.66,74.67,74.06,74.84,74.39,74.7,75,74.51,77.89,76.56,78.33,78.1,79.52,78.85,77.96,76.85,76.6,77.22,76.37,75.72,75.51,75.1,75.64,75.73,75.67,73.77,73.42,75.27,74.65,72.87,73.78,75.85,75.17,76.46,76.12,74.19,74.65,74.02,74.68,75,76.46,77.18,76.26,75.65,81.25,81.98,82.56,78.08,77.35,83.35,83.32,81.41,82.88,85.92,88.86,91.08,88.82,89.15,88.38,87.34,86.68,90.17,89.88,92.11,93.48,92.03,91.13,87.31,84.9,85.01,84.49,86.39,87.99,86.24,85.7,84.81,84.57,83.19,81.97,80.14,83.45,83.69,82.28,83.03,83.65,83.52,81.93,81.76,84.17,84.5,82.93,81.64,85.38,84.12,78.08,79.7,80.06,78.71,80.84,79.58,78.44,78.22,77.83,78.07,78.38,76.71
LLOYDSME,1098,1125.3,1117.75,1098.2,1115.65,1148.75,1153.75,1178.35,1141.4,1135,1162.7,1189.15,1167.3,1181.8,1215.15,1231.85,1263,1340.75,1441.25,1384.35,1420.9,1427.3,1435.75,1449.65,1371.4,1418.6,1432.75,1434.5,1423.55,1396.1,1414.15,1378.4,1391.2,1375.2,1294.55,1231.7,1257.95,1248.6,1239.1,1157.6,1195.25,1184.55,1204,1222.85,1175.2,1137.9,1181.05,1192.2,1136.5,1129.75,1138,1171.9,1193.1,1193.55,1146.65,1123.95,1058,1021.1,983.1,970.6,1027.8,1103.6,1151.7,1155.65,1143.45,1114.25,1121.8,1196.1,1249.45,1256.9,1312.15,1305.8,1279.2,1266.2,1288.15,1287.25,1276.85,1329.8,1320.45,1239.8,1118.3,1194.95,1151.55,1197.35,1238.4,1284.1,1286.2,1289.5,1319.7,1317.7,1326.8,1280.6,1239.8,1203.2,1203.2,1193.5,1229.7,1209.1,1225,1197.3,1175.5,1263,1267,1330.8,1314.3,1306.6,1330.9,1325.8,1321,1329.4,1339.2,1349,1357.5,1356.1,1413.5,1393.1,1353.5,1442.1,1500,1527.6,1458.9,1492.4,1507.9,1507.4,1496.1,1486.9,1518.4,1524.6,1503.1,1467.6,1467.9,1502.2,1526.4,1522.2,1548,1548.4,1588.9,1580.4,1525.1,1531.2,1553.7,1528.7,1488.3,1480.2,1522.5,1488.9,1478.3,1478.5,1488.4,1472.1,1472.6,1529.4,1530.8,1526.8,1533.4,1504.3,1470.5,1484.1,1518.2,1504.7,1445.6,1474.6,1451.1,1455.9,1430.7,1400.3,1389.9,1380.8,1412.7,1398.7,1379.3,1397.2,1417,1392.6,1353.7,1340.9,1308.5,1306.5,1288.8,1328,1318,1336.9,1298.2,1293.4,1302.9,1316.1,1314.7,1303,1296.5,1322.4,1313.7,1340.3,1333.5,1328.5,1313.3,1318,1302.8,1276.6,1246,1256,1225,1235.9,1312.3,1311.6,1311.4,1295.9,1350.1,1344.2,1317.3,1323.4,1342.6,1322.6,1323.4,1320.7,1350.6,1324.2,1336.3,1327.7,1319,1312.4,1319.9,1304.8,1320.8,1318,1314.5,1315.6,1319.6,1319.5,1316.9,1271.3,1287.3,1259.2,1249.6,1264.8,1263.9,1223,1191.7
RAMCOCEM,1014.45,1013.95,1020.45,998.1,1040.7,1047.65,1035.1,1031.05,1027.85,986.1,1000.05,991.45,976.55,965.75,955.15,965.65,966.05,985.8,985.7,952.15,956.8,943.5,934.65,916.25,881.75,884.1,879.15,887.9,883.95,884.05,871.05,868.9,908.55,888.75,884.8,907.1,926.2,925.4,917.5,879.75,907.8,900,890.25,894.8,893.65,876.85,867.2,861.8,844.65,860.75,850.2,862.05,860.1,852.35,849.95,850.35,842.85,829,841.6,846.5,860.8,876.3,871.65,863.15,854.65,820.1,801.55,831.5,839.9,855.95,848.95,855.85,861.1,862.5,852.15,882.75,896.75,901.15,916.65,941.4,941.55,921.15,933.9,941.1,936.85,969.3,962.2,967.35,982,978.55,976.7,987.55,968.65,966.8,956.85,943.6,941.7,946.65,949.5,949,951.05,939.45,952.3,975.75,994.3,1002.75,1004.15,998.95,981.15,978.8,987.8,1006.1,982.75,973.6,956.7,952.6,975.95,986.95,987.65,999.4,1005.3,1005.05,1039.15,1067.75,1071.15,1054.8,1062.55,1070.85,1069.3,1032.35,1017.15,1012.1,1015.85,1020.85,1042.85,1050.4,1055,1075.2,1077.2,1088.4,1075.7,1092.4,1085.6,1099.4,1102.2,1105.3,1140.6,1133.8,1151.3,1166.9,1177.2,1154.6,1149.6,1190,1189.1,1178.2,1144.1,1170.1,1193.3,1201.4,1177.2,1151.1,1171.4,1161.1,1149.3,1136.9,1071.8,1070.4,1059.3,1065.9,1066.7,1087.3,1086.5,1114.6,1111.4,1073.3,1063.6,1043.5,1034.3,1046.8,1058.5,1080.6,1084.4,1090.3,1069.8,1049.8,1055.3,1045.9,1031,1030.9,1046,1040,1062.2,1062.4,1054.2,1044.4,1045,1040,1028,1001.6,996.9,985.4,992.7,989.75,979.5,1005.7,998.6,1008.2,1018.65,1010.9,1002.35,1015.75,1029.1,1023.6,1028.65,1038.9,1046.65,1046.8,1058.4,1059.1,1057.65,1055.35,1044.45,1025.5,1027,1033.2,1033.5,1032.8,998.8,1005.7,987.6,980.3,994.8,984,991.4,996.8,1010.5
WESTLIFE,808.45,801.05,796.1,777.95,813.75,795.9,816.6,836.2,846.05,825.05,823.05,819.05,819.9,819.85,816.85,792.45,787.1,787.6,800.55,803.8,823.9,823.45,805.75,791.5,752.95,734,735.25,737.7,724.3,755.95,746.65,750.3,750,743.9,729.1,709.85,722.75,719.95,725.85,825.85,880.6,857.1,869.75,853.05,831.4,788.65,760.3,744.45,725.05,714.45,708.2,735.3,759.95,762.2,727.15,718.35,706.45,683.05,683.8,689.9,705.15,722.4,710.2,699.4,692.55,688.6,689.75,707.8,724.55,724.65,722.35,731.05,714.65,694.35,701.55,699.8,698.15,696.4,698.25,681.2,690.6,705.85,689.05,708.45,709.35,708.1,709.4,716.9,725,719.15,723.4,721.55,732.45,718.7,670.7,670.75,702.25,696.7,694.9,675.15,669.05,683.65,697.15,696.6,702.95,694.5,702.65,698.3,699.65,693.15,685.8,686.35,677.5,673,672.55,669.25,674.8,665.5,665.85,669.65,667.35,738,710.85,705.85,703.75,716.05,699.5,693.95,700.9,696.25,699,730.95,736.85,748.8,745.15,751.65,745.1,768,759.75,760.2,756.4,773,795.1,807.85,785.45,774.4,789.85,788.7,775.5,776.15,771.65,758.85,760.15,777.3,770.6,767.7,754,760.8,750.95,727.75,719.5,710.6,711,692.8,683.95,677,678.2,669.45,669,664.6,658.85,688.05,716.75,710.6,700.15,708.6,708.15,721.5,718.05,746.7,739.2,739.05,744.2,737,749.4,737.1,750.2,749.2,745.25,741.75,755.65,739.35,740.8,724.5,708.85,712.3,700.55,695.15,683.8,696.55,687.6,682.35,675.8,672.35,684.05,668,656.85,641.75,626.15,606.05,607.3,611.65,599.65,591.55,600.05,597.85,587.6,587.45,587.15,587.35,600.7,593.35,588.2,585.25,585,574.95,560.95,564.65,550.55,560.05,548.9,544.25,543.1,561.85,550.1,550.05,556.6
SUZLON,67.36,66.55,66.12,65.7,66.2,66.36,69.56,67.95,67.05,64.13,63.86,64.87,64.34,63.25,61.42,62.22,65.33,62.92,61.95,58.85,60.88,60.03,57.88,55.57,54.45,57.17,57.26,56.87,56.84,58.09,57.43,55.12,54.31,52.54,50.23,50.26,52.77,55.4,58.17,56.37,56.92,55.9,54.92,53.61,52.72,51.99,52.4,53.35,51.14,51.42,50.64,54.16,54.88,55.17,54.29,54.58,52.13,49.71,49.78,50.11,51.49,52.1,54.92,53.24,53.76,53.85,54.58,54.5,54.98,57.76,58.39,56.5,57.91,57.65,57.43,57.01,56.66,55.75,57.43,57.49,55.36,52.12,53.08,51.21,53,54.37,54.34,55.07,60.29,59.27,59.99,60.11,58.3,57.78,57.7,56.4,56.25,56.92,53.74,54.7,53.15,52.67,56.95,57.6,59.92,61.22,61.08,61.53,60.35,61.28,61.01,62.21,64.37,65.39,66.32,65.42,71.48,71.19,68.15,66.72,66.77,66.71,67.13,68.29,67.59,65.68,64.73,65.41,64.52,64.07,62.53,63.23,62.79,64.39,64.32,64.53,67.32,67.72,67.2,64.79,65.27,65.53,65.88,66.26,65.94,65.97,65.92,65.44,67.17,67.03,66.26,65.06,66.42,66.58,65.98,65.32,63.62,60.85,61.79,61.21,61.6,65.95,65,65.44,65.26,64.21,63.19,63.32,63.13,60.38,60.06,58.07,59.59,59.85,58.16,58.51,57.43,56.97,56.32,56.43,57.86,58.25,57.99,57.42,57.87,57.45,57.06,57.57,56.94,57.11,58.07,58.98,59.29,59.08,60.4,59.93,58.75,57.5,56.64,55.28,55.28,55.05,55.18,54.46,54.11,54.01,52.77,53.17,54.31,54.35,53.95,53.73,53.61,52.92,53.09,54.18,54.53,53.82,53.71,56.22,58.19,58.51,59.3,59.24,59.99,59.61,57.38,57.43,57.82,58.48,57.58,57.68,57.7,56.9,56.53,56.7,55.1
DOMS,2943,2962.2,2995.5,2976.55,2978.6,2912.75,3052.05,3055.4,2930.3,2781,2526.75,2564.25,2553.6,2601.3,2660.1,2621.4,2725.4,2813.3,2772.45,2718.15,2780.95,2747.85,2753.35,2626.25,2609.7,2577.25,2536.45,2544.9,2536.15,2548.8,2509.35,2359.55,2294.2,2259.55,2213.65,2292.7,2347.1,2442,2482.25,2547.7,2636.85,2795.35,2819,2772.75,2848,2674.1,2614.75,2534.35,2458.8,2569.9,2583.1,2595.05,2576.2,2553.25,2531.5,2545.15,2511.85,2406.55,2362.35,2561.25,2611.9,2729.9,2709.8,2766.6,2736.5,2806.1,2809.75,2856.85,2935.2,2889.85,2972.3,2879.3,2884,2799.9,2812.3,2877.25,2742.15,2794.9,2813.65,2660.05,2636.35,2635.4,2579.7,2599.55,2628.8,2878,2891,2898.6,3000.6,2925.4,2931.8,2819,2814.9,2795,2746,2767.4,2773.9,2688.3,2698.1,2695.7,2651.1,2809.6,2797.2,2856.6,2825.2,2848.2,2797.5,2548.8,2553.3,2555.1,2546.2,2493.7,2393,2378.6,2355.6,2447.8,2440.5,2464.8,2435.8,2439.6,2419,2425,2409.2,2388.6,2371.4,2334.7,2372.8,2411.8,2436.6,2402.8,2453.6,2436.5,2498.7,2503.2,2490.2,2491.4,2519.7,2485.6,2447.2,2468.3,2457.9,2453.6,2425.4,2427.5,2400,2357.7,2333.5,2421.6,2387.7,2394.4,2377.4,2374.8,2398.3,2361.6,2395.6,2369,2316.1,2370.3,2335.3,2342.6,2317.6,2365.4,2426,2398,2335.4,2287.7,2503.2,2421.6,2376.8,2396.8,2489.3,2472.2,2486.5,2503.5,2473.9,2493.1,2461.3,2444.3,2431.7,2445.2,2480.4,2503.3,2692.2,2646.4,2604.2,2590.9,2585.3,2595.8,2596.8,2637.2,2598.8,2617,2596.6,2622.3,2622.6,2614,2613,2555.3,2480.3,2513.2,2486.3,2497.5,2500.8,2486,2610.1,2598.5,2556.4,2553.4,2528.2,2501.6,2496.7,2504.6,2478.2,2486.5,2524.2,2487.3,2500.8,2517.4,2543.3,2531,2537.3,2572.1,2560.4,2533.4,2548.2,2474.6,2519.3,2566,2538.9,2509,2621.7,2599.6,2553.8,2557.7,2532.9,2519.2,2518.4
ASTRAZEN,6639.3,6629.05,6618,6650.4,6624.45,6602.5,6529.1,6482.15,6500.75,6488.2,6457.45,6423.2,6380.85,6358.6,7337.2,7305.15,7195.85,7134.5,7121.45,7275.4,7088.3,6882.1,7089,6907.35,7063.9,7033.1,6735.9,6785.5,6920.3,6944.7,6752.2,6956.35,7075.7,6928.6,7019.5,7050,7204.95,7262.8,7235.1,7462.05,7485,7531.65,7599,7611.85,7547,7447.8,7498.35,7395.05,7103.65,7007.75,6977.3,6963.15,6975.8,6870.3,6894.45,6919.3,6890.45,6698.65,6858.2,7306.25,7339.45,7466.65,7468.15,7625.6,7807.35,7706.85,7675.55,7908.65,7901.5,8383.6,8510.8,8480.45,8416.35,8386.5,8494.65,8607.65,8492.65,8094.5,8068.55,7904,7868.7,8062.25,8021.05,8457.4,8873.5,8514.5,8746,8727.5,8971.5,9042,8967.5,8725,8840,8794.5,8681,8371,8344.5,8186.5,8189,8183,7970.5,8119.5,8189.5,8036.5,7954.5,7837.5,7981.5,7923,7940.5,8002,7959.5,8006.5,7905.5,7884.5,7918.5,7972,9336.5,9336.5,9493.5,9884,9790,10057,10054.5,9970,10195,10509.5,10266,10069,9734.5,9410.5,8871,8876,8778.5,8847,8748.5,8907,8908.5,8898.5,9012,9111.5,9102.5,9150.5,9127,9288.5,9110.5,9241.5,9184.5,9160,9170.5,9394,9119,9141.5,9005,8935.5,9024.5,8867.5,8937.5,8947.5,9340,9186,8893.5,8957.5,8855.5,8834.5,8723.5,8784.5,8796.5,8671.5,8416.5,8314.5,8414.5,8451.5,8461,8392,8433,8268,8016.5,8329,8460.5,8764,8926,9095,9113,9090,9045.5,9100.5,8996,9071.5,9003.5,9009,9016.5,9138,9074.5,8934.5,8858,8761,8808,9027.5,8811.5,8891.5,9105.5,9222,9331,9414.5,9381,9275,9242.5,9262,9222.5,9121.5,9148.5,9101,9178.5,9344,9306.5,9301,9302.5,9311.5,9315.5,9346.5,9469,9555,9827.5,9605,9182.5,9077.5,9083,9150,9282,9183,9153,9140,9037.5,9118.5,9133.5,8988,9037
ARE&M,1322.6,1309.75,1315.95,1296.35,1293.7,1281.9,1260.7,1240.65,1220.1,1197.35,1167,1194.75,1206.5,1219.35,1184.05,1199.95,1210.5,1200.15,1189.9,1147.6,1140.35,1107.1,1101.8,1079.35,1036.3,1056.25,1050.45,1071.55,1077.7,1109.9,1094.7,1066.05,1078.3,1058.25,1016.4,1029.35,1028.6,1027.8,1034.65,1066.75,1068.2,1095.3,1086.95,1069.15,1032.25,1001.85,999.35,983.15,953.85,965.1,947.95,970.9,1045.6,1015.2,1007.2,1046.45,997.95,979.15,947.85,966.55,1001.2,1003.9,998.65,995.85,988.05,977.5,961.6,1006.15,1060.7,1038.3,1063.9,1069.75,1055.4,1039.9,1023.35,1003.3,1014.75,1031.4,1014,991.3,954.7,967.35,968.55,975.55,994.6,995.8,1019.4,1033.4,1015.9,1009.9,1000.1,989.2,984.5,989.5,971.9,963.7,973.6,945.95,942.45,963.2,953.8,999.15,1013.85,1012.25,1019.05,1035.75,1034.6,1012.6,1015.3,1014.15,1023.35,1049.85,1048.05,1057.15,1089.4,1030.75,1017.4,1005.3,998.5,1000.3,1000.1,1011.3,1012.6,1015.9,1007.1,1002.9,1003.6,996.1,990.5,986.2,970.5,974.6,970.8,969.6,969.2,962,964.7,961.2,955.45,958.95,968.25,964.35,964.6,978.4,984.45,978.05,986.85,986.05,986.15,983,976.45,1003,1000.35,1011.35,1009.9,994.7,972.3,993,979.8,963.6,953.9,957.6,951.55,930.4,937.25,934.9,955.2,955.4,957.95,952.6,957.5,990.5,988.2,990.3,987.75,986.55,975.85,967.7,990.25,1011.7,1018.5,1021.65,1001.6,1018.3,1034.45,1051.7,1029.45,1034.55,1036.75,1031.2,1030.95,1019.55,1003.8,1008.65,1002.7,981.55,977.75,992.2,989.35,993.5,999.05,1005.8,1006.7,1006,997.7,1005.65,997.55,1000.25,991.95,996.65,994.55,987.2,996.9,997.75,996.8,1001.95,1003.95,1013.3,1016.45,1004.75,1010.2,990.1,989.2,980.1,964,960.6,964.1,966.9,965.8,965.1,956.1,960.1,968.6,953.8,954.4,945.6,949.8
IDFCFIRSTB,65.22,65.87,65.2,64.33,64.23,64.34,63.61,64.66,65.07,61.68,61.95,62.29,61.75,62.52,63.82,63.14,64.19,64.68,65.08,62.61,62.44,62.65,62.37,60.39,59.33,61.94,62.02,62.68,62.56,63.82,63.33,62.82,63.11,62.27,56.73,58.27,59.82,61.19,63.24,62.26,62.12,63.33,63.73,64.09,62.91,61.64,62.16,61.49,60.6,61.5,59.52,59.99,61.36,60.63,59.9,58.81,59.22,58.39,57.69,56.83,57.95,57.77,57.34,56.37,55.36,54.63,53.48,52.84,54.62,55.42,55.71,56.29,57.89,57.35,57,56.94,54.96,57.17,57.19,60.35,57.81,56.49,57.9,59.25,59.92,61.93,63.32,63,66.64,67.2,68.45,67.65,66.08,66.5,66.93,64.89,66.08,67.02,65.52,66.96,66.42,66.21,69.08,69,69.47,69.48,69.26,68.66,67.18,66.67,66.87,67.09,66.62,68.12,67.99,67.9,67.97,68.69,66.98,67.49,66.8,71.55,72.31,71.42,71.3,70.85,70.44,70.9,70.15,70.78,69.71,70.19,71.01,72.02,72.1,71.9,72.36,72.84,77.24,77.25,77.66,77.88,77.71,77.86,77.45,76.63,75.23,74.27,72.93,73.86,73.48,73.09,73.99,72.44,72.7,72.89,70.7,70.72,70.31,69.24,68.76,67.58,69.33,69.33,68.74,69.23,69.11,69.68,69.06,69.9,68.77,69.9,71.29,71.25,70.08,69.68,70.28,68.76,68.05,67.99,68.94,69.49,70.59,72.23,72.6,72.27,73.53,72.69,72.44,72.04,71.62,71.55,71.84,71.95,71.75,70.92,70.51,70.04,69.93,68.59,69.5,69.77,69.02,69.04,71.09,71.99,71.99,73.45,74.43,73.71,72.8,72.97,71.79,71.88,76.93,76.77,78.96,78.2,78.03,79.2,79.35,78.93,81.77,81.99,81.13,80.37,81.47,81.21,80.69,81.58,80,80.43,81.01,80.11,79.61,78.93,78.33
JYOTHYLAB,422,414.05,417.1,410.95,414.35,409.5,392.85,383.4,382.55,375.9,371.05,376.9,370.5,389.8,400.95,397.1,400.95,405.7,403.2,389.1,397.95,400.4,408.1,398.35,386.05,391.4,389,392.65,397.7,398.15,385,375.05,369.8,368.55,371.45,374.2,390.95,396.75,398.4,417.3,415.35,417.95,399.9,385.8,378.7,366.15,368,363.15,358.75,345.05,337.65,355.2,344.15,343.5,338.6,332.2,334.1,322.4,315.2,334.15,328.55,334.8,329.8,327.1,333.9,329.55,330.8,331,339.25,331.65,337.25,345.5,342.4,333,325.05,329.8,328.7,328.95,334.75,342.6,331.7,334,344.25,379.6,366.8,371.5,376.9,375.55,382.5,394.05,391.2,383.5,376.7,381,377.5,374,369.4,378.55,369.8,373.2,370.05,366.7,350.8,336.2,341.4,347.75,348.5,347.5,339.8,338.75,334.25,338.05,337.8,341.5,344.55,345.45,345,344.3,343.4,341.25,342.8,338.75,338.45,345.5,348.25,344.05,337.25,332.95,335.65,335.05,330.1,319.8,322.1,321.1,337.1,335.6,339.5,346.15,346.2,343.15,340.85,342,352.4,358,357.3,352.3,355.65,354.5,350.3,347.05,346.15,343.5,344.3,339.75,340,341.7,338.25,332.6,332.05,330.35,332.4,332.35,332.95,329.7,326.1,327.45,325.4,326.45,332.75,329.3,331.25,337.85,337.05,347.5,343.85,340.65,347.15,341.5,338.65,340.4,338.4,337.1,336.35,336.95,331.9,326.15,325.4,325.7,324.7,325.2,325.95,324.95,325,324.95,322.5,322.7,320.3,318.85,317.65,310.5,306.95,315.25,318.1,313.8,310.85,310.9,310.3,312.35,313.65,310.8,310.45,315.45,315.2,316.55,317.05,320.65,319.8,320.6,317.65,313.9,321.1,320,314.5,315.85,315.55,313.45,312.35,313.25,313.3,310.1,309.85,310.85,312.3,309.55,308.2,310.15,309.8
MANAPPURAM,170.29,175.57,177.61,178.75,182.06,185.03,181.44,178.77,183.68,181.03,184.77,186.08,184.29,183.62,189.08,188.45,191.57,190.84,187.72,179.27,182.09,179.98,179,180.32,171.46,178.71,180.02,183.19,193.75,193.71,192.11,195.35,196.85,196.71,184.46,190.98,199.41,199.14,196.03,195.75,205.54,205.76,206.09,208.64,204.72,197.5,191.42,194.06,178.15,193.29,189.33,202.76,205.43,201.32,204.03,204.94,208.26,200.96,199.1,197.58,203.68,203.54,208.39,205.34,201.42,206.46,208.14,208,211.21,213.92,217.5,234.16,240.38,236.98,232.22,232.83,232.75,232.13,234.3,234.41,232.83,225.6,229.06,224.93,225.94,226.03,226.82,229.21,233.34,232.2,231.75,228.83,226.93,231.27,232.05,230.85,231.06,229.97,227.78,230.69,227.86,228.62,230.73,231.1,232.9,229.36,229.48,228.67,228.11,228.06,229.66,230.73,230.36,231.81,232.08,231.81,238.66,237.35,237.17,232.37,234.58,247.56,264.78,265.35,268.32,270.81,279.54,278.81,269.92,264.75,263.6,271.45,270.35,269.44,272.9,274.1,276.89,275.37,278.1,271.45,274.85,276.65,271.05,269.45,261.5,265.5,262.9,263.1,269.35,270.35,270.7,271.3,270.3,272.05,273.3,272.45,265.65,259.1,258.85,256.55,253.05,247.9,264.1,258.9,256.1,260.9,258.5,256.55,254.05,255.9,266,267,269.55,266.1,265.35,266.75,268.9,266.9,263,261.45,275,281,288,284.1,284.5,292.1,291.6,288,287.2,291.2,291.3,296.1,292.85,292.25,286.5,293.9,293.25,286.95,281.2,276.9,282.75,280.8,286.35,286.2,290.75,290.95,293,294.25,284.75,286.35,283.75,289.1,286.8,283.8,287.9,286.1,281.95,279.95,276.4,276.35,276.55,274.9,269.5,267.85,266.45,274,270.65,277.95,274.9,274.05,273.85,281.15,282.65,280.35,280.35,282.05,277.1
IPCALAB,1523.75,1534.35,1552.2,1560.5,1534.05,1566.1,1558.15,1513.2,1594.95,1582.5,1585.8,1581.7,1594.4,1632.65,1662.95,1695.2,1692.95,1744.05,1735,1719,1736.05,1693.85,1661.95,1632.35,1579.65,1588.15,1565.55,1550.3,1543.25,1547.1,1545.8,1559.25,1583.55,1515.85,1442.55,1382.75,1443.3,1454.75,1443.3,1428.6,1468.05,1491.45,1514.9,1507.25,1447.95,1419.9,1419.8,1490.9,1463.9,1476.75,1473.05,1467.85,1496.7,1444.95,1438.7,1417.4,1368.75,1355.35,1355.1,1342.55,1364.8,1362.15,1333.1,1327,1294,1315.95,1299.3,1324.5,1347.05,1359.3,1402.2,1407.05,1453,1446.75,1433.25,1470.05,1501.9,1390.85,1415.95,1497.6,1399.25,1301.05,1359.55,1294.85,1330.95,1368,1409,1404.4,1423.8,1443.5,1470.9,1445.7,1419,1411.7,1392.4,1401.2,1378.2,1388.2,1383,1364.4,1349.5,1361.8,1371.6,1404.2,1418.4,1406.2,1392.6,1436.8,1457.2,1471.3,1442.8,1460,1465.7,1459.6,1494.8,1470,1424.8,1415.8,1400.1,1395.9,1386,1370.9,1369.3,1370.9,1389.4,1383,1368.4,1362.5,1359.1,1361.8,1362.2,1354.4,1340,1334.4,1357.7,1344.5,1331.7,1389.8,1371.9,1375.1,1415.7,1422.8,1457.8,1465.2,1455.5,1444.4,1449.6,1456.8,1470.9,1461.8,1474.1,1471,1466.7,1460.2,1459.9,1540.8,1509,1482.8,1488.5,1529.5,1473.9,1450.2,1443.2,1427,1387.3,1391.5,1386.8,1336.7,1376.7,1364.6,1365.9,1383.8,1383.5,1370.4,1359.1,1418.4,1399.9,1434.5,1418.5,1384.4,1370.1,1367.6,1352,1339.2,1335,1320.4,1320.1,1313,1312.2,1314.8,1310.3,1311.5,1311.2,1340.8,1441,1399.3,1395.2,1348.4,1350.5,1371.2,1317,1339,1327.3,1313.1,1323.2,1359.8,1352.1,1339.5,1334.5,1323.5,1306.1,1297.3,1288.4,1286.3,1271,1281.3,1276.8,1268.7,1298,1285.9,1289.9,1288.9,1271.2,1309.7,1294.8,1304.8,1318.3,1344.8,1322,1340.9,1302,1479.6,1464.8,1422.9,1447.4,1438.2,1444
SWSOLAR,507.3,503.05,508.25,489.1,484.95,482,473.3,461.7,467.1,443.2,467.6,458.6,458.55,453.05,454.55,458.9,471.65,466.45,469.55,447.95,450.65,447.5,438.65,447.55,418.35,413.35,424.35,457.65,411.9,385.65,388.7,363.7,356.4,338.6,321.7,309.8,324.85,327.1,330.9,312.05,321.4,325.1,324.35,317.75,313.55,295.35,288.1,275.15,260.6,264.15,255.8,267.5,285.65,278.5,267.1,261.5,252.65,255.45,239.35,249.9,252.75,252.95,256.35,242.15,234.75,229.4,221.15,219,227.25,241.15,235.8,255.75,260.3,261.25,249.65,251.15,250.35,266.2,264.55,271.9,259.1,240.8,247.55,241.8,250.85,265.6,280.7,291.35,309,314.35,325.2,327.05,310.7,295.2,285.65,271.4,258.9,271.8,266.05,263.35,254.85,251.75,263.05,276.2,290,292.2,297.95,290.05,282.9,280.35,277.85,274.3,288,283.65,282.15,283.8,282.4,305.5,303.35,302.65,296.9,297.8,303.7,307.45,321.65,329.1,318.85,322.2,324.15,322.3,311.3,314.55,306.7,307.35,317.1,312.9,318.85,319.9,317.55,311.9,311,309.8,308.45,305.35,331.45,336.55,329.65,334.55,333.1,329,335.1,320.45,308.45,308.85,304.95,299.5,289.35,285,290.4,286.8,281.15,269.45,275.75,272.9,265.5,265.15,274.25,274.55,276.8,273.65,267.8,268.85,275.3,277.9,278.85,278.65,271.5,266.65,262.1,260,266.9,269.05,272.7,264.05,263.05,265.35,266.15,270.05,267.4,263.95,265.9,266.6,268.15,266.7,270.9,265.3,260.4,258.15,251.7,242.55,241.45,242.15,244.95,245.93,242.02,238.28,241.61,239.47,249.51,249.99,243.9,243.49,243.07,226.47,224.81,230.46,228.41,226.45,231.62,221.89,224.64,222.7,219.93,238.7,234.61,231.72,229.87,230.97,230.53,233.58,231.8,229.58,232.87,229.39,228.25,231.59,228.48
PAGEIND,46121,46804.25,47059.9,47424.35,48742.25,49236.9,49212.85,49105.95,49173.05,48856.35,48610.3,48861.05,47083.35,46933.55,47005.3,47514.4,47788.3,48148.55,47941.2,47999.9,48813.65,48063.3,47544.7,46745.55,45911.6,46471.5,46037.2,45941.7,46097.55,46339.85,45975.85,46073.35,46768.75,46395.25,44579.4,44683.55,45190.35,44303.45,44723.55,47278.75,46907.25,45795.15,43991.2,42983.05,43654.75,42114.85,42708.1,41681.25,41068.35,40921.4,40617.75,41530.45,41399.8,41132.3,41163.1,41929.55,41870.15,40515.95,40564.6,40319.8,41042.65,40595.35,40067.15,39878.45,39761.35,40123.4,40099.25,40050,40599.6,41252.45,41936.45,42127.95,43127,42925.6,42261.15,43891.45,42693.75,42006.1,42991.6,43489.15,42309.8,41304.45,41750.4,42739.45,44481.4,45210,44930,44855,45470,45330,45935,45015,44605,45185,45000,45615,45225,45905,45705,46350,45160,45470,47050,46480,46420,46940,47830,48090,47365,47620,47865,47495,47230,46785,46095,46345,46380,45915,45930,46345,45835,46100,46325,46670,46710,46235,46165,45630,45830,45185,44875,44925,45430,46270,48285,48700,49440,49410,48195,47500,48145,48710,48910,48965,48590,48245,47930,48765,49020,47145,47285,46740,46730,46295,47410,47115,46270,46510,47215,48315,48805,46810,46265,45730,46300,45760,44865,45025,44080,43525,43515,44690,45640,45385,45890,45655,46850,45505,44150,44335,44820,45160,45325,44665,44285,44280,44310,44425,44265,44130,44340,45335,45355,44265,43570,43405,42780,42405,42625,41240,41085,40685,42110,42875,42195,41695,41700,41740,41640,41010,40470,40535,41020,41040,41720,41585,41460,41025,40985,40915,41360,40945,41200,40760,40135,39760,39740,40200,40220,40720,39585,39765,39470,39255,38810,38565,38885
HUDCO,247.59,254.26,252.91,247.61,244.95,258.37,256.71,248.23,244.88,242.11,236.89,232.23,227.58,226.94,225.6,234.71,237.8,242.23,245.91,239.26,239.56,238.44,227.14,214.19,203.33,214.29,214.97,224.98,234.8,234.52,229.43,227.46,221.48,219.84,209.72,208.77,215.1,216.28,229.7,198.11,204.84,209.69,205.91,206.75,200.4,193.7,192.64,192.56,183.79,183.21,179.92,183.68,188.52,189.66,182.01,178.21,173.27,165.14,166.62,168.78,177.43,182.84,182.27,178.88,181.31,181.19,180.76,190,188.62,201.08,199.03,202.8,209.11,204.03,196.72,200.18,199.45,206.41,205.83,209.93,203.47,194.89,207.01,212.85,215.81,219.14,224.16,228.84,234.45,233.11,231.45,230.01,220.24,226.38,227.22,223.46,221.97,228.79,217.95,214.21,211.43,208.47,224.47,220.47,217.52,221.72,233.86,234.77,226.04,229.34,227.56,227.78,238.26,240.15,237.24,239.71,241.24,247.66,247.07,247.54,241.94,246.33,247.34,243.6,238.97,230.35,228.24,229.8,224.7,223.61,217.66,227.15,232.04,233.5,239.61,240.43,236.04,237.56,240.4,233.97,231.01,231.42,227.33,229.17,229.96,231.36,230.71,231.43,233.35,232.57,229.24,226.15,227.61,225.46,225.22,225.06,218.64,214.39,216.36,217.43,212.27,210.43,218.9,218.74,211.82,210.66,207.63,210.33,210.67,210.29,209,210.94,214.23,214.39,212.85,211.84,213.11,207.88,204.86,204.49,211.35,216.31,216.44,214.2,215.39,217.07,215.85,216.38,216.47,216.48,223.06,224.17,224.76,223.03,229.04,239.96,235.23,232.54,228.45,220.05,220.37,223.63,232.47,233.79,230.91,231.43,225.68,229.47,232.92,230.41,224.94,228.76,227.99,224.56,228.81,228.2,228.76,226.85,227.01,225.92,235.68,239.74,237,237.33,233.04,227.52,230.69,233.79,230.7,227.17,225.39,227.49,239.14,243.93,237.28,237.1,230.02
UBL,1958.35,1994.55,1985.45,1970.25,1992.4,1999,2014.4,2016.45,2020.1,2025.35,1999.35,2052.75,2015.1,2030.15,2035.4,2037,2092.4,2136.65,2128.1,2075.75,2075.35,2000.8,2023.45,2029.5,1944.45,1965.3,1948.3,1929.7,1951.3,2059.4,2064.5,2064,2073.75,2064.85,2024.4,2030.45,2073.2,2124.4,2146,2192.7,2130,2058.45,2073,2048.65,2055.45,2023.3,2057.3,2030.25,2040.6,2028.15,2022.8,2027.2,2028.2,2019.4,2035.1,2038.55,2006.85,1946.15,1912.85,1912.8,1890.95,1899.65,1922.3,1900.55,1878.3,1904.95,1911.65,1899.75,1905.55,1967.2,1933.45,1962.35,1924.8,1931.15,1975.95,1999.25,1951.7,1970.4,1983.05,1989.35,1945.6,1996.5,2001.75,2019.5,2088.1,2109.4,2147.4,2218,2230.8,2238.9,2176.6,2124.2,2159,2167.4,2160,2164.5,2131.1,2136.8,2181.8,2168.9,2174.3,2119.8,2035.6,2074.4,2066.6,2050.6,2052.8,2020.5,2031.2,1995.1,2024.6,2046.3,2031.5,2060,2004.4,1976.8,2014,2022.5,2029.7,2024.6,2069.2,2087.1,2067.2,2064.4,2065.3,2046.6,2031.4,2015.1,1980.5,1953.4,1943.7,1940.2,1928.7,1937.4,1964.4,1959,1951.1,1950.3,1939.6,1982.5,1978.3,1990.1,1980.3,1969,1969.9,1960.1,1956.2,1971.3,2009.6,2023.7,2002.7,2020.9,2035.8,2016.9,2019.9,2033.5,1999.2,1975.6,1951.4,1945.6,1924.9,1939.4,1927.2,1929.6,1933.4,1920.1,1919,1920,1919.9,1925.2,1902.6,1926.3,1925.5,1892.9,1875.1,1855.1,1853.8,1855.6,1850.1,1795.8,1840.4,1829.2,1836.8,1825.2,1802.9,1804.6,1798.5,1794,1796.6,1797.8,1824,1799.4,1799.4,1796,1774.9,1795.6,1796.6,1783.4,1777.2,1794.8,1800.8,1798.8,1799.4,1792.2,1790,1745.8,1759.6,1780.9,1761.8,1760.1,1756,1774.2,1786,1791.1,1797.9,1828.8,1829.1,1822.3,1834.5,1840.3,1789.2,1797.4,1810.3,1814.8,1805.5,1784.6,1780,1785.5,1794.9,1810.3,1810.2,1786.8,1766.2,1748,1740.2,1726.9,1704.9
CDSL,1904.95,1908.9,1930.35,1948,1943.5,1957.95,1964.05,1948.95,1956.45,1860.75,1818.6,1815.5,1806.65,1777.55,1748.95,1758.65,1808.65,1804.85,1805.35,1731.25,1758.75,1722.4,1673.95,1594.45,1529.25,1572.5,1602.9,1603.25,1597.9,1598.4,1527.55,1504.7,1516.15,1500.25,1344.05,1264.6,1291.45,1270.8,1309.7,1247.05,1290.5,1348.85,1328.05,1336.2,1297.6,1239.9,1235.7,1227,1205.3,1206.95,1184.55,1208.25,1249.25,1255.65,1213.95,1201.25,1153.75,1107.9,1104.2,1116.25,1139,1175.9,1152.9,1107.3,1104.45,1089.85,1071,1059,1119.75,1173.25,1170.3,1216.3,1235.55,1210.4,1181.2,1187.7,1220.05,1197.8,1221.45,1238.3,1199.85,1143.8,1171.95,1146.65,1168,1227.4,1232.2,1241.9,1306.8,1312.6,1360.9,1367.4,1330.9,1339.1,1346.2,1320,1328.2,1313.5,1260.2,1266.6,1240.2,1218.6,1279,1323.3,1336.4,1337.2,1408.8,1450.8,1448.6,1450.3,1455.5,1462.3,1468.9,1465.8,1519.3,1513,1529.7,1682.9,1708.9,1701.3,1778.8,1776,1793.5,1787.2,1739.4,1644.2,1659.7,1682.6,1686.8,1680.3,1637.8,1685.8,1723.3,1748.5,1744.3,1746.8,1760.5,1794,1797.5,1779,1804.9,1762.5,1778.5,1754.1,1761.5,1747.2,1688.7,1677.4,1701.4,1721.5,1714.1,1698.5,1731.5,1714.7,1697.3,1679.3,1614.7,1522.8,1539.7,1512.8,1480.8,1478.8,1572.4,1566.2,1545.6,1564.5,1567.1,1564.8,1541.7,1564.5,1559.8,1575.1,1581.7,1583.6,1569.5,1574.4,1541.9,1492.1,1452,1424.4,1476.9,1508.9,1518.6,1509.4,1523.4,1554.3,1548.9,1548.8,1531.9,1545.8,1553.6,1549.4,1568.9,1588.3,1582,1558.5,1546.6,1514,1494.8,1467.7,1475,1458.6,1475.5,1490.1,1524.9,1562.8,1539.7,1558.6,1605.3,1619.4,1606.5,1622,1620.3,1611.3,1599.8,1604,1600.3,1590.2,1636.5,1632.8,1616.4,1614.7,1587.2,1593.4,1539.1,1532.9,1578.8,1589.8,1600.9,1655.3,1626.3,1625.8,1631.5,1605.7,1622.8,1640.1,1610.2
MCX,21049.27,20973.94,20973.45,20949.04,20889.15,20813.03,20542.86,20601.99,20399.38,20450.69,20419.09,20571.51,20488.65,20404.55,20622.61,20640.23,20591.4,20612.65,20350.37,19952.24,20005.14,19733.94,19718.37,19766.27,20333.62,20527.7,20597.42,20486.74,20595.73,20580.3,20520.39,20518.05,20369.5,20588.51,20559.7,20805.07,20950.48,20711.76,20653.26,20762.88,20973.13,20807.84,20986.28,20919.72,20880.5,20916.14,20913.01,20938.68,20881.56,20707.79,20612.77,20613.89,20484.39,20448.28,20595.9,20414.73,20326.38,20382.29,19950.5,20127.73,20159.07,20129.12,19875.18,19770.16,19886.51,19688.57,19995.59,20027.91,20097.77,20122.37,20097.98,19911.5,19922.43,19981.21,20039.2,19914.7,19864.98,19475.48,19590.86,19649.63,19210.51,18365.35,17765.19,18349.15,17890.64,18517.41,18514.85,18978.51,19267.94,19265.81,19250.01,19238.24,19483.05,19504.37,19609.69,19733.31,19809.72,19884.59,20134.97,20240.51,20352.49,20337,20457.15,20504.37,20627.38,20759.67,20819.57,20844.76,20972.26,20961.09,21096.44,20949.67,20799.66,20708.72,20938.58,20946.19,20997.58,21028.01,21028.97,21017.78,21119.01,21069.38,21157.28,21285.91,21389.46,21428.54,21386.69,21173.33,21284.02,21237.05,21290.26,21073.99,21148.5,21120.95,21326.2,21298.04,21474.66,21715.96,21626.26,21743.16,21452.49,21702.58,21557.34,21538.48,21581.68,21567.86,21694.7,21613.25,21724.77,21690.46,21601.86,21766.43,21898.26,22012.46,21934.26,22013.49,22155.41,22117.98,21951.8,21793.07,21776.58,21962.83,21699.34,21859.5,21901.69,21925.88,21938.1,21958.55,21889.49,21842.69,21851.56,21801.67,21758.24,21749.57,21833.26,21885.88,21817.84,22077.23,21861.23,21805.03,21744.4,21605.72,21633.69,21162.89,21313.07,21474.68,21575.54,21684.45,21596.71,21534.1,21693.75,21625.4,21646.59,21491.87,21619.81,21725.95,21589.93,21596.93,21695.35,21690.52,21587.77,21681.48,21866.48,22015.56,22049.7,22047.3,22197.62,22099.74,22002.8,22041.83,22052.83,21801.84,22064.32,22028.18,22020.96,21991.36,21782.96,21868.48,21908.3,22229.79,22361.41,22529.02,22511.48,22484.12,22448.27,22276.28,22170.97,22108.89,21995.48,22094.38,21905.03,21773.39,21968.27,22149.88,22135.32,21995.51,21819.56
HAVELLS,1704.7,1709,1752.25,1757.95,1757.85,1768.8,1732.4,1697.05,1693.15,1657.4,1660.85,1674.15,1676.4,1649.9,1650.9,1675.1,1680.1,1701.4,1700,1646.15,1636.05,1643.7,1630.2,1600.25,1532.05,1525,1526.95,1558.25,1574.2,1601.1,1576.55,1553.65,1595.3,1523.2,1505.8,1492.75,1528.2,1544,1566.2,1660.15,1626.35,1607.9,1602.7,1614.1,1597.9,1548.55,1528.95,1522.55,1498.25,1532.55,1510.95,1515.65,1528.55,1520.3,1522.85,1547.9,1451.25,1421.8,1429.3,1407.1,1443.2,1450.75,1460.55,1469.1,1470.05,1480.05,1458.65,1518.1,1557.95,1501.35,1480.8,1483.2,1477.25,1493,1515.35,1528.9,1501.3,1510.45,1518.7,1469.25,1456.1,1463.15,1469.7,1532.85,1571.7,1613.9,1638.5,1647.2,1664.7,1612,1604.6,1599.8,1609.6,1622.8,1601,1567,1582.3,1580.4,1579.1,1537.2,1548.3,1583.1,1593.9,1598.2,1593.2,1577.4,1585,1559.8,1577.2,1566.4,1573.6,1567.4,1572.8,1548.8,1550.7,1527,1514.8,1502.3,1500,1488,1523.2,1543.8,1569.6,1579.1,1556.8,1541.1,1553.1,1528.6,1535.7,1518.3,1533.5,1563.1,1573.3,1569.3,1574,1566.8,1551.1,1547.9,1550.5,1572.6,1577.6,1537.6,1532.1,1523.7,1529.7,1527.8,1526.4,1538,1525,1532.6,1518.5,1531.6,1578.6,1572.7,1552.2,1523.6,1507.8,1510.3,1528,1500.6,1482.6,1508.6,1502.8,1488.7,1494.7,1491.6,1474.2,1464.8,1465.9,1479.2,1552.6,1570,1567.9,1553.6,1556,1562,1517.9,1519.4,1525.6,1574.2,1582.8,1566.1,1584.7,1582.5,1579.2,1587.1,1575.4,1574.4,1572.6,1595.2,1614.8,1593.5,1594.3,1590.8,1581.3,1572.3,1544.5,1539.6,1507.4,1505.2,1502,1485.2,1488.1,1497.7,1502.3,1503.5,1485.8,1495.9,1473.1,1449.1,1464.2,1475.8,1491.5,1485.4,1484.1,1496.4,1494.9,1492.6,1480.6,1509.4,1506.3,1493.9,1497.3,1486.4,1442.3,1448.5,1457.7,1443.6,1458,1466.1,1469.4,1480.4,1468,1440.4,1448.5,1441.1,1424.6
3MINDIA,31126.1,31275.8,31615.35,31473.3,31602.2,31494.35,31129.95,30902.35,31110.25,30813.85,30676.35,30993.9,30978.3,30436,30514.2,30393.15,30175.6,30958.05,30623.95,30275.4,30957.75,30775.05,30594.8,29693.95,29042.05,29023.7,28815.3,30478.15,29634.2,29613,28841.05,29020.75,29984.75,29109.65,29210.5,29396.45,29407.6,29923.5,29892.25,29464.85,28756.15,28495.1,28485.8,28167.25,28107.95,27550.55,27664.8,27196.5,26739.95,26930.15,26678,27000.85,27442.8,27344.1,26780.1,26487,26467.1,26297.3,26275.9,25982.5,27781.65,27904.9,27723.3,27468.15,27948.35,27950.3,27880.3,27564.35,28343.7,27972.5,28528.6,28530.8,28465.6,27948.6,27891.9,28889.15,28231.6,28671.15,28970,28326.1,27429.7,28251.15,28028.1,29006.3,30385,30715,30335,30090,29955,29995,29875,30020,29495,30035,30110,29755,30185,29640,29520,29340,29050,29200,29135,29270,29565,29680,29640,29340,30305,30225,30095,30110,30075,28925,28810,29275,29295,29830,29695,29630,29360,29425,29425,29325,29230,29145,29145,28970,29175,28875,28490,28390,28415,28500,28605,28650,28500,28690,28410,28720,28945,29255,29515,29495,29740,29700,29690,29760,30060,30000,29900,30210,31230,31525,31680,31230,30950,30915,30955,30755,30905,30560,30835,30885,32000,31615,31305,31025,30495,30350,30405,31160,30905,30875,30550,30520,30415,30475,30760,31295,31090,30980,30455,30385,30835,30830,30565,30970,30715,30575,30585,30255,30375,29915,29975,29835,29375,28920,29150,28835,29445,29135,29135,29325,29110,29200,29265,29590,28930,29100,29305,29395,29565,29675,29790,29735,29735,30015,29545,29765,29865,29560,30700,35885,35790,35580,36025,36035,36005,36075,35910,36130,36090,35970,35685,35455,35350
AWL,311.35,307.35,307.3,307.45,306.05,305.7,302.9,299.1,296.95,290.9,315.85,318.65,320.9,329.2,328.75,308.05,328.7,330.55,328.6,325.1,329.1,326.15,323.45,291.1,262,267,273.65,269.85,268.05,263.65,268.1,267.35,261.45,251.85,261.2,260.6,263.8,258.85,266.65,264.9,272.55,271.6,269.45,266.95,258.6,244.65,240.25,244.2,236.45,235.75,256.25,253.7,263,260.35,263,257.35,245.75,246.15,242.72,239.87,258.42,258.63,260.84,252.42,255,250.28,247.07,248.13,255.1,254.88,265.25,261.75,259.55,250.81,255.99,258.32,265.5,267.5,270.35,266.15,269.75,275.45,271.7,272.55,280.25,283.05,284.45,285.35,283.6,283.9,283.35,273.95,279.25,267.9,267.05,268.9,274.05,258.5,261.65,254.3,252.6,262.95,263.1,266.65,267,270.35,269.05,262.35,260.25,257.5,259.95,258.75,267.6,263.55,263.95,275,270.2,270.1,268.7,265.25,263.85,267.8,278.05,276,267.6,266.2,264.6,262.05,264.1,256.85,256.7,256,255.65,259.5,257.6,259.2,259.95,258.4,257.45,256.65,256.15,257.2,263.25,262.75,270.05,269.9,268,263.15,262.35,278.3,274.55,278.8,280.5,280.35,276.6,270.15,267.05,264.9,267.55,262.2,257.3,257.3,253.5,252.9,250.7,254.15,255.25,252.6,252.5,249.9,251.25,259.55,260.95,260,258.4,259.65,251.95,249.6,251.5,249.95,257.4,267.25,265.85,262.75,261.1,256.9,256.25,258.8,260.4,258.25,260.65,259.3,259.6,256.95,271.1,260.1,252.8,261.65,261.45,261.15,261.55,263.05,265.4,266.05,265.1,265.95,268.15,268.95,268.7,268.65,267.9,266.15,261.5,258.55,261.4,260.1,263.25,265.7,268.45,275.55,275.4,274.85,275.1,277.35,271.25,270.8,270.9,273.95,272.9,272.65,274.2,274.95,269.15,275.8,276.75,274.1,277.6
RKFORGE,974.35,968,975.6,973.3,954.25,940.95,921.95,900.45,906.1,891.25,919.15,907.65,890.7,910.95,901.1,893.85,909.2,914.95,917.4,905.85,913.45,903.2,903.7,957.1,917.15,938.7,950.35,990.4,984.55,956.15,936,896.1,855.05,804.25,771.15,741.6,774.95,756.3,783.9,750,750.9,758.7,758.95,742.75,715.45,671.35,670.95,663.1,632.3,644.3,648.25,687.6,699.95,707.9,704.95,692.85,665.9,648,639.2,671.2,686.2,695.3,715.95,691.7,684.3,685.35,686.1,718.1,757.6,745.2,843.9,823.8,808.15,788.95,780.35,773.3,775.1,766.55,745.4,729.2,713.8,729.25,740.4,737.55,760.25,767.95,736.5,720.45,693.4,678.55,687,656.7,624.75,612.4,595.15,597.5,601.5,595.5,585.25,578.7,566.25,571.5,577.5,583,623.9,623.7,615.75,617.55,613.4,615.4,613.5,611.4,610.7,608.3,597,606.25,605.25,600.85,590.45,600.5,656.75,663.95,674.1,661.1,656.2,649.65,648.4,640.35,631.3,638.5,627.15,632.2,646.15,681.4,680.4,668.55,674.4,671.85,662.05,664.1,664.2,657.2,652.35,663.15,683.25,660.95,648,664.95,651.35,644.75,643.9,639.25,629.5,630.1,622.7,624.95,612.65,599.45,598,582.55,565.75,579.6,574.6,560.55,577.9,585,581.15,584.5,573.3,565.2,578.65,584.7,574.7,576.85,572.4,566.25,565.1,572.8,566.55,572.65,578.2,576.6,571,570.45,579.2,581.2,584.85,583.15,576.35,577.55,575.15,576.6,577.05,566.8,555.6,563.8,561.75,539.8,532.75,519.85,539.7,539.3,551.65,554.75,549.05,537.1,549.9,552,558.4,557.5,549.95,552.35,535,544.25,551.7,554.2,542.55,533.65,538.9,545.4,545.05,543,542.85,534.25,534.35,531.75,533.9,543.2,538.45,556.1,552.7,556.5,544.6,539,540.9,535,521.15
NIACL,208.27,206.39,210.03,206.31,202.08,213.44,207.78,207.58,205.36,214.1,202.25,198.01,206.61,207.69,199.38,202.52,206.7,204.97,204.66,194.44,197.95,194.52,195.5,188.75,174.07,190.76,187.58,191.76,193.28,195.63,190.64,186.28,190.43,184.89,174.16,170.35,173.93,177.76,181.85,173.87,176.68,178.04,177.83,176.08,171.64,164.34,162.14,162.16,155.47,153.18,153.88,158.24,161.04,160.41,156.52,156.13,151.41,142.11,142.91,143.76,149,149.65,151.98,147.04,146.74,144.57,144.14,146.43,152.87,153.38,165.04,165.58,160.7,158.35,158.22,154.52,157.99,158.99,163.9,154.97,150.11,157.17,155.04,156.28,161.33,166.8,172.49,172.72,172.07,174.46,174.43,168.53,170.74,171.29,172.07,171.47,170.49,165.91,166.16,165.07,160.36,168.59,173.3,172.64,174.88,179.03,181.31,174.67,179.17,176.62,182.45,184.38,182.64,186.14,187.08,186.46,187.91,184.5,185.69,188.67,192.1,192.16,194.59,198.92,191.38,186.47,186.91,183.01,182.39,177.39,185.3,185.92,186.4,190.25,185.63,183.69,192.48,190.94,189.25,186.8,186.12,187.2,188.47,189.29,186.72,183.52,183.36,185.09,185.75,186,185.49,183.84,184.23,185.3,183.48,179.94,174.22,173.52,204.35,199.78,188.74,187.51,198.56,190.44,194.03,190.83,188.47,184.77,186.08,184.38,195.06,193.7,192.72,198.88,196.13,193.55,190.52,191.84,188.26,190.91,192.87,200.01,200.51,194.79,193.24,191.09,192.52,192.53,192.5,193.12,192.8,192.78,195.95,201.29,198.89,196.14,195.83,194.6,187.89,188.07,189.1,190.49,190.68,192.9,192.97,190.07,189.37,192.87,191.06,188.68,188.52,188.62,186.94,186.31,187.66,188.12,187.06,190.01,189.1,190.92,189.62,187.07,182.99,182.22,182.59,181.92,183.36,182.76,185.26,184.51,180.02,180.9,181.89,178.59,177.68,174.51,172.92
APLLTD,1102.55,1104.6,1091.95,1046,1062.05,1055.6,1035.4,1056.2,1047.8,1055.15,1045.2,1035.45,1035.85,1049.4,1047.25,1066.25,1049,1050.65,1053.25,1065.55,1091.5,1065.75,1054.75,1010.05,1002.35,1009.5,1002,1000.15,1052.75,1058.5,1029.95,1018.95,978.1,949.9,938.55,898.3,908.75,911.1,920.15,907.3,881.15,888.6,894.95,886.65,888.05,867.85,845.15,825.75,818.15,815.3,809.25,811.85,814.3,803.4,795.1,791.8,776.1,743.65,744.5,791.9,803.95,811.35,844.65,825.45,806.3,805.9,827.35,835.55,841.5,834.7,952.6,959.15,935.35,904.9,931.25,929.75,896.85,885,887.15,881.25,844.95,848.95,840.3,846.4,846.45,851.95,849.9,849.65,855.8,883.8,880.55,875.45,870.7,879.8,875.55,877.4,905.45,886.8,896.85,902.15,900.75,879.6,895.75,907.65,914.55,912.95,1028.65,968,961.95,971.2,972.1,989.5,993.05,988.95,1006.55,1018.05,996,965.7,981.4,973.4,987.6,989.8,982.7,996.3,992.6,999.1,971,969.2,958.8,933.1,934.7,939.6,946.9,971.9,974.6,968.9,1039.1,1012.1,988.5,1007.4,1000.7,1002.3,1000.5,985.6,977.1,976.6,1030.4,1030.5,1025.4,1036,1031.4,1027.1,1016.4,1019.6,1018.5,997.5,1000.4,1013.2,1007.6,977.9,959.05,967.2,946.5,948.25,950.35,936.2,949.5,947.5,942.75,956.95,971.7,992.95,982.25,967.9,974.6,978.05,936.5,935.4,936.95,942.7,943.95,955.75,960.1,946.5,947.3,937.75,951.95,947.15,946.5,970.1,971.1,978.1,957.35,959,950,940.05,920.2,921.9,909.9,893.65,901.35,904.3,910.4,906.35,916.7,930.65,929.95,948.35,943.7,915.9,917.65,933.4,938.6,932,932.8,921.55,924.6,914.9,905.6,900.8,899.95,897.4,924.2,960.7,915.35,921.95,926.65,916.95,916.65,915.95,904.05,948.85,913.55,906.25,899.45,901,903.75
J&KBANK,105.06,104.43,104.54,104.46,102.12,102.3,100.44,101.43,100.96,96.22,97.24,98.18,102.01,100.41,99.27,100.82,100.51,101.11,100.76,98.05,97.67,96.82,95.5,91.44,88.47,93.82,92.02,95.04,94.55,97.96,94.19,90.72,91.47,90.44,88.98,95.71,94.84,99.22,99.52,100.59,103.35,101.45,102.29,99.78,97.19,96.88,99.72,97.1,95.06,96.64,95.59,96.74,100.28,101.08,100.03,97.75,96.87,94.8,92.12,92.46,96.93,97.26,96.54,94.24,92.55,92.25,91.03,93.05,93.46,93.06,95.06,96.38,98.25,96.11,92.81,93.74,92.3,94.03,94.48,98.78,95.58,90.66,93.47,91.41,91.16,93.15,98.24,102.16,108.27,114.14,103.18,102.98,97.62,96.14,97.26,94.38,93.89,96.35,93.2,91.85,91.1,90.14,97.29,101.61,101.4,101.12,103.89,103.49,101.45,101.89,100.56,101.3,100.49,100.32,100.89,100.05,103.8,105.64,103.8,105.12,104.15,106.87,107.14,111.09,110.16,107.25,104.8,105.02,103.03,103.02,102.76,104.34,102.26,106.58,110.01,108.27,111.54,115.85,116.72,114,112.73,114.24,111.29,112.13,112.39,111.45,108.75,111.79,112.34,115.49,113.83,113.87,112.06,109.91,111.9,111.71,109.37,104.77,106.17,105.16,104.12,101.91,102.73,101.98,101.41,102.6,102.21,104.48,104.79,103.69,104.03,105.95,105.09,104.29,104.14,102.82,102.91,101,99.29,98.92,100.18,102.69,102.84,100.12,101.05,101.13,101.71,101.07,101.76,101.88,104.05,104.56,105.61,104.28,105.29,104.35,102.78,99.55,100.46,105.03,104.15,105.42,104.18,104.1,102.02,102.97,107.51,106.23,103.57,105.79,106.88,104.65,106.69,107.3,107.14,105.66,107.63,108.59,107.55,105.74,106.13,107.56,105.22,102.75,105.21,107.56,107.42,107.61,106.33,107.24,108.08,107.1,108.87,107.43,105.05,103.95,105.29
JSWSTEEL,1011.9,1012.95,1000.2,1005.8,999.85,990.35,966.85,946.85,925.95,917.35,937.05,921.85,914.45,913.3,898.95,901.5,905.45,912.5,915.05,900.9,911.8,902.3,890.95,900.1,883.75,906.05,904.05,906.8,908.6,919.2,926.85,919.4,929.9,932.45,919.35,916.15,937.6,950.85,945,933.95,944.25,949.9,948.4,980.75,959.15,954.5,956.4,969.8,964.6,973.55,978.8,977.35,981.15,981.9,966.8,958.75,975,950.7,976.05,974.1,1002.7,1011.1,1011.15,1013.5,1018.65,1010.4,1001.2,1005.7,1018.05,1033.35,1050.25,1058.7,1061.35,1061.7,1056.45,1059.75,1063.2,1056.25,1055.9,1044.05,1005.75,930.3,954.6,945.55,990.25,1008,1009.4,1007.2,1034,1044.2,1039.2,1044.5,1028.4,1054.4,1035.6,1029.8,973.2,955.5,967.5,966.1,953.2,957,1005.2,989.9,989.3,1038.3,1021.8,1019.6,1012.7,1000.9,1005.6,1008.5,1032.3,1013.7,1001,1006.2,993.5,978.8,973.8,968.55,968.75,1004.9,1008,1003.1,1007.1,995.65,987.25,1003.8,999.65,986.35,996.05,1005.55,997,1007,1024.45,1032.55,1028.9,1020.5,1029.6,1059.9,1046.1,1041.4,1042.6,1045,1040.4,1043.3,1037.2,1038.9,1035,1029.8,1034.2,1034.4,1034.8,1030.7,1033.8,1033.8,1026.9,1028.8,1034.9,1037.9,1048.3,1027.8,1055.9,1053.4,1052.6,1064.8,1049.2,1052.7,1048.2,1053.7,1045.5,1079.8,1073.4,1082.6,1071.8,1054.6,1057.8,1047.1,1035.8,1026.6,1035.5,1044,1072.2,1072.4,1073.1,1101.4,1104.5,1101.2,1099,1099,1100.9,1115.2,1111,1121.1,1122.8,1117,1138.4,1149.1,1148.5,1130.8,1122.2,1142.7,1146.1,1161.7,1159.9,1156.8,1145.2,1175.2,1167.8,1161.4,1147.8,1160.8,1172.1,1163.3,1145.2,1152.5,1138.2,1141.4,1150.6,1184.2,1207.9,1210,1206,1195,1181.4,1168.8,1171.7,1179.3,1191.5,1181.8,1183.9,1167.8,1175.5,1163,1164.9,1170,1140.3
ALKYLAMINE,2022.2,2001.35,1998.85,1983,1976.7,1973.8,1944.5,1933.4,1931,1872.6,1855.05,1872.5,1855.05,1833.95,1720.75,1762.05,1810.2,1789.45,1790,1732.6,1735.65,1738.8,1870.2,1768.45,1725.7,1764.85,1745.65,1748.2,1754.85,1781.05,1767.35,1742.15,1763.75,1741.6,1676.25,1632.6,1684,1701.2,1699.75,1746.3,1760.25,1789.55,1819.35,1816.2,1787.8,1759.65,1733.3,1722.85,1654.65,1612.25,1603,1659.1,1701.05,1695.7,1627.75,1620.9,1616.05,1590.85,1583.25,1648.9,1674.35,1677.95,1704,1653.75,1636.55,1626,1626.2,1573,1586.2,1599.95,1593.25,1604.55,1774.5,1742.6,1679.2,1673.55,1618.15,1683.15,1735.8,1727.6,1707.1,1634.9,1698.6,1677.3,1740.45,1770.6,1831.3,1891,1877.7,1871,1857.4,1832.1,1808.4,1795.2,1772.7,1702.6,1718,1720.9,1695.9,1700.1,1677.2,1631.7,1718,1698.7,1725.8,1753.1,1770.2,1782.4,1761.5,1756.7,1778,1835.1,1881.3,1897.4,1904.5,1967.5,1946.8,1965.4,1957.4,1936.4,1952.5,1981.6,2012.4,2013.7,2016.7,1998.6,1991.1,1992.6,1942.2,1935.6,1964.6,2066,2159.6,2197.8,2336.2,2270.3,2261.9,2368,2302.8,2346.6,2341.2,2295.2,2398,2355.9,2324.9,2309.8,2234.2,2251.1,2306.1,2309.5,2324,2254.9,2236.9,2212.6,2233,2257.8,2195.2,2157.2,2206.7,2260.8,2348.2,2340.1,2259.2,2213.9,2157,2108.3,2064.1,2081.6,2073.3,2093,2073.3,2085.8,2104.1,2140.6,2160.2,2150.8,2122.5,2067.7,2023.8,2005.5,2035.8,2061.8,2108.8,2099.2,2073.6,2035.5,2029.7,2068.8,2050,2030.6,2061.4,2074.6,2093.8,2075.3,2078,2028,2024.4,2023.6,2001,1970.2,1935,1913.6,1899.5,1884.6,1888.7,1877.9,1853.3,1837.9,1843.2,1852.3,1840.9,1900.2,1928.2,1923.9,1900,1909.3,1885.1,1871.3,1904.2,1886.4,1903.9,1884.6,1860,1890.5,1831.4,1804.8,1777.7,1770.7,1761.6,1790.9,1778.8,1775.6,1794,1766,1771.8,1775.5,1747.2
ASTRAL,1850.55,1847.15,1852.65,1833.4,1834.2,1852.3,1828.8,1802.3,1782.3,1734.6,1721.4,1693.5,1671.5,1654.1,1660.7,1652.25,1651.45,1647.3,1621.6,1556.45,1578.8,1553.25,1550.85,1564.4,1471.5,1493.5,1476.35,1502.35,1501.45,1483.45,1464.6,1455.4,1495.5,1468.35,1462.1,1471.2,1474.85,1467.75,1507.3,1494.9,1504.7,1519.8,1478.7,1472.15,1446.55,1415.15,1394.2,1370.7,1332.6,1384.5,1362.9,1371.7,1399.6,1387.2,1398.4,1389.45,1388.1,1337.25,1348.35,1306.85,1317.85,1330.7,1332.65,1289.15,1287.05,1265.1,1238.3,1254.25,1261,1274.3,1291.55,1315.4,1288.85,1278.85,1294.55,1294.25,1309.45,1340.65,1358.35,1336.85,1287.7,1269.4,1265.9,1248.9,1294.3,1313.8,1306.8,1336.7,1368.6,1407.6,1391.3,1343.6,1370.8,1364.5,1345.1,1316.1,1340.8,1299.7,1287.4,1282.5,1273.4,1330.3,1344.1,1326.7,1344,1359.7,1419.1,1365.2,1377.7,1442.4,1456.7,1508.7,1527.4,1524.9,1501.8,1498.1,1509.6,1495.7,1522.4,1510.2,1526.3,1534.9,1520.7,1525.6,1499.2,1528.1,1552.5,1564,1571.8,1519.5,1558.5,1498.7,1501,1505.4,1522.3,1500.4,1506.8,1494.4,1494.2,1493.1,1482.2,1488.7,1486,1492.6,1491.6,1475.1,1495,1505,1492.6,1505.1,1506.9,1501,1475,1483.1,1472.6,1440.2,1411.9,1419.3,1430.7,1401.2,1403.1,1428.5,1427,1418.3,1415.9,1375.8,1381.6,1269.3,1292.1,1279.2,1313.7,1366.1,1393.8,1421.4,1425.1,1414.3,1390.1,1361.8,1359.8,1407.3,1417.9,1425.7,1421.3,1454.9,1462,1462,1438.4,1440.4,1461.1,1458.5,1476.8,1459.7,1459.2,1452.4,1438.4,1436.4,1439.9,1405.9,1373.8,1366.7,1366.4,1376.4,1383.6,1383.6,1419.4,1406,1406.1,1427.1,1421.2,1418.6,1438.8,1444.8,1442.4,1448.2,1446.7,1455.8,1430.8,1435.2,1450.2,1464.8,1464.9,1450.1,1480.7,1467.2,1566.1,1557.3,1568.4,1555.8,1585.2,1550.6,1514,1465.7,1449.8,1448.2,1462.4,1452.6,1473.2
SBFC,89.54,93.37,94.16,92,92.24,92.07,88.46,87.54,86.75,84.54,85.09,85.63,87.03,89.13,89.37,90.71,89.78,91.16,89.75,86.55,90.63,88.88,87.03,87.46,83.13,85.22,84.94,85.15,86.57,89.97,89.17,89.73,89.55,88.16,85.74,84.13,85.66,85.1,85.25,85.02,84.83,83.55,84.99,83.49,82.39,81.43,84.64,84.92,82.41,80.81,81.5,84.12,85.41,87.05,86.53,87.56,86.79,88.27,85.87,85.85,86.65,87.08,86.6,86.29,85.05,83.71,83.32,84.16,84.52,83.64,87.98,89.31,90.08,88.47,89.25,88.24,89.83,92.76,92.86,92.95,88.85,88.89,86.91,89.67,93.91,98.33,97.67,101.54,104.28,108.26,107.41,106.15,105.79,102.12,102.25,100.09,99.17,96.04,97.22,99.37,98.53,100.72,100.21,109.49,108.7,107.87,106.05,103.93,105.05,105.74,106.98,105.8,106.78,108.74,110.87,112.92,114.48,112.57,113.66,112.78,114.5,113.5,114.61,112.45,111.58,110.44,108.56,108.34,107.35,104.41,103.05,103.42,107.57,106.59,104.24,106.59,112.13,107.92,107.32,110.94,110.89,112.74,110.79,113.41,115.48,119.02,117.38,117.84,118.04,117.59,115.59,114.59,118.06,118.57,114.49,109.46,111.4,106.68,106.03,104.72,101.34,103.32,103.94,102.5,102.64,101.33,102.36,102.36,103.36,104.98,108.5,111.81,111.87,113.59,113.43,112.17,108.11,105.25,105.6,108.06,104.05,107.8,106.31,106.82,106.83,106.32,106.99,106.28,106.67,106.59,106.84,108.2,107.87,107.44,109.33,111.66,112.14,108.91,106.57,107.43,105.99,109.01,108.37,110.2,110.68,108.55,108.64,108.76,105.99,106.98,108.15,107.91,112.83,111.15,115.8,111.77,115.48,114.8,114.98,114.19,113.78,114.08,118.5,117.52,112.4,113.97,112.32,110.38,109.75,108.59,109.3,110.79,109.53,109.62,108.72,107.52,105.23
DALBHARAT,1897.75,1898.7,1966.6,1935.25,1921.6,1945.95,1934.1,1879.3,1851.9,1801.9,1759.95,1717.65,1738.55,1740.4,1771.35,1767.25,1770.95,1816.2,1807.85,1755.85,1799.25,1800.1,1802.3,1727.5,1702.1,1729,1737,1740.65,1721.95,1752.05,1771.2,1799.05,1828.35,1802.95,1795.95,1813.2,1856.45,1851.9,1866.35,1810.45,1852.7,1887.55,1868,1849.75,1823.25,1786.05,1800.05,1798.4,1782.45,1808.15,1799.9,1770.75,1784.4,1741.75,1737.25,1728.05,1730.1,1689.65,1711.9,1699.25,1707.1,1713.9,1696.35,1673.7,1686.45,1641.1,1607.1,1714.4,1726.25,1696.25,1747.4,1744.75,1745.7,1760.75,1813.55,1821.55,1786.45,1817.15,1857.15,1845.45,1786.25,1808.35,1825.9,1811.65,1869.2,1846.4,1851.6,1922.5,1903.5,1889.4,1974.1,1965.9,1983.7,1954.8,1942.7,1949.5,1941,1952.4,1974.3,1964.4,1916.8,1980.9,2006.7,2056.1,2085.8,2070.1,2063.9,2057.2,2089.3,2106.9,2143,2056.1,2064.2,2049.9,2052.7,2016.4,2076,2062,2060,2089.2,2116.2,2121.6,2159.8,2143.1,2104,2089.3,2095.7,2062,2049,2043.3,2040.2,2071.7,2075.2,2094.2,2191.8,2208.6,2207.6,2188.9,2220.1,2209.8,2179.3,2154.4,2154,2175.8,2171.7,2176.4,2159.1,2182.3,2164.2,2189.6,2251.8,2262.2,2320.2,2269.7,2269.1,2230.4,2205.3,2198.6,2239.5,2235.5,2204.4,2226.8,2242.7,2250.8,2267.1,2243.4,2224.6,2253.4,2270.8,2270.3,2330.8,2346.5,2344.4,2348.9,2326.4,2347.5,2358.2,2351.4,2401.5,2403.3,2402.2,2411.6,2408.6,2410.3,2410,2410.6,2401.5,2409.8,2411.4,2415,2427.9,2476.2,2448.2,2409.9,2378.5,2339.2,2320.8,2262.3,2215.4,2229.3,2227.2,2229.4,2253.7,2251.2,2243.3,2231.6,2234.7,2227.7,2234.8,2213,2219.2,2224.4,2245.1,2195.9,2185.4,2133.8,2098.4,2093.2,2128,2130.8,2099.1,2096.8,2081.9,2049.6,2048.8,2037.5,2055.7,2044.8,2036.2,2047.8,2032.6,2014.6,1991,2021.3,2012.1,2009.2,2022.8
LICI,986.35,948.2,938.8,928.5,931.9,923.9,920.05,906.45,905.05,901.7,904.8,890.65,891.9,887,905.4,892,896.4,902.35,908.4,875.85,876.4,868.9,843.1,839.5,808.95,825.4,836.05,844.35,854.9,859,837.55,828.55,837.25,821.25,809.05,818.65,828.2,824.9,845.45,830.15,834.5,842.65,828.8,816.1,808.9,799.8,782.4,784.8,759.1,765.15,758.95,764,776.5,780.9,775.4,756.55,741.1,740.5,729.2,733.2,761.8,766.8,763.15,752.05,754.25,744.5,740.15,745.4,757.4,776.75,779.5,791.35,800.55,789.4,786.85,801.15,799.4,797.75,810.95,815.3,792.15,767.2,784.8,767.7,771.05,784.3,797.65,803.2,817.5,821.4,820.65,815.1,791.2,803.7,800.4,795.75,792.25,817.45,784.35,785.95,781.85,786.95,815.45,826.4,822.2,840.3,857,855.05,850.7,853.8,845.7,860.25,870.05,871.25,942,944.45,954.45,962.4,953.65,953.25,956.6,959.85,962.9,947.45,964.8,943.7,937.95,949.4,947.45,934.6,927.9,936.55,939.95,945.65,951.1,957.55,957.7,972.8,970.95,958,946,940.7,943.7,946.85,946,926.55,922.4,916.4,925.2,932.65,928.25,923.15,928.15,919.05,922,917,886.85,890.8,899.05,902,895,884.85,895.3,892.25,892.75,885,912.95,906.35,916.5,887.5,887.75,890.15,894.3,899.35,895.6,889.1,894.05,888.35,869.5,852.15,859.15,864.15,870.7,878.1,877.35,876.55,874.7,877.65,877.1,874.75,883.7,882.55,885.35,889.4,893.55,904.5,897.65,894.25,888.2,872.45,895.05,900.35,904.1,905.25,907.15,912.35,893.8,895.2,897.8,897.25,902,898.95,894.15,885.5,891.85,892.1,899.95,889.65,897.65,899.9,908.75,900.75,894.7,919.9,905.7,896.1,924.15,899.7,900.6,900.15,902.85,909.45,915.35,915.5,914.05,908.3,902.4
CCL,25.39,25.83,26.61,26.18,25.9,25.91,25.72,24.82,25.18,26.8,25.73,25.79,25.66,25.08,25.05,24.92,25.01,24.38,24.13,23.84,24.18,24.27,23.89,24.51,24.94,25.05,25.85,25.6,25.25,25.61,25.42,25.68,27.77,27.91,28.49,27.67,27.05,27.09,27.19,27.44,26.75,26.1,25.61,25.89,25.86,26.23,25.73,26.09,24.56,23.22,23.63,23.74,24.12,23.5,23.93,23.26,21.91,22.34,20.87,20.64,19.08,19.1,19.5,19.12,19.92,20.89,20.12,21.05,21.2,20.94,21.44,21.26,20.93,20.78,19.87,19.53,19.39,20.02,17.28,16.5,16.43,16.69,19.61,17.6,17.64,17.82,18,17.87,17.99,17.24,17.98,18.48,18.7,18.6,18.86,18.71,18.34,18.63,19.57,19.56,19.53,19.69,20.25,20.19,22.13,22.74,22.99,23,23.39,23.39,22.9,22.04,22.43,22.25,23.6,23,23.16,23.22,23.54,23.93,23.83,24.02,24.28,24.21,24.51,23.87,23.57,22.41,23.84,23.28,23.61,23.77,24.04,25.7,25.48,26.17,27.26,28.12,28.64,29.65,29.96,29.31,28.84,28.83,29.1,28.66,29.32,28.97,29.04,29.45,29.55,29.79,29.89,30.74,29.78,29.75,29.73,29.7,30.14,29.77,29.07,29.72,29.28,29.24,29.01,28.37,28.61,29.64,30.64,30.25,29.76,29.97,29.57,29.26,29.27,31.3,31.25,31.87,32.34,32.49,31.89,31.16,31.33,31.76,31.57,31.56,31.57,31.36,32.47,31.51,31.24,31.2,31.19,31.45,30.52,30.71,30.71,30.37,30.48,30.62,29.4,28.91,28.36,28.85,28.57,29.09,28.71,28.92,28.45,27.69,28.09,28.96,28.84,28.21,28.31,28.86,29.97,30,29.44,29.4,29.42,27.86,27.87,28.33,28.83,28.71,26.11,26.9,26.37,26.73,26.89,26.79,27.13,26.14,26.02,25.36,25.76
HONASA,265.05,255.55,260.6,250.85,248.3,248.5,245.9,252.35,257.7,259.7,252.95,254.55,251.75,247.15,251.4,255.2,249.5,250.1,252.5,244.7,246.3,245.45,246.4,241.75,241.15,244.25,242.75,246.65,246.9,251.25,248.05,247.5,248,243.85,229.85,224.95,221.95,218.75,220.1,224.5,232.49,224.06,219.32,214,208.2,200.89,204.71,230.79,222.27,223.26,220.23,225.4,227.34,223.79,223.32,222.37,223.92,215.43,209.98,216.77,216.01,222.07,223.87,218.99,215.21,214.5,209.59,207,212.15,219.86,222.48,220.76,234.89,238.36,235.3,234.91,231.86,234.55,236.04,237.29,234.19,221.83,224.87,218.86,231.94,229.15,230.1,233.69,233.79,234.47,235.62,237.34,231.84,232.48,248.89,246.44,252.53,251.35,251.63,248.45,246.71,246.66,248,256.48,256.17,254.51,261.7,268.06,272.24,270.43,275.16,329.25,315.69,318.77,309.7,323.07,316.45,315,312.9,318.5,315.5,320,322.45,318.45,316.55,312.9,307.05,310.05,304.6,307.45,306,300.65,303.65,311.05,312.55,312.55,310.4,310.7,302.8,295.5,298.45,296,296.35,297.3,301.7,301.4,294.25,289.4,299.6,296.95,294.45,286.45,281.7,284.3,274.25,275.25,263.7,265.65,265.25,269.2,271.95,271.5,265.4,261.65,262.55,263.15,258.7,266.35,269.3,285.15,279.5,284.35,285.65,297.45,300.05,300.05,299.3,296.7,293.25,292.95,299.15,297.25,301.75,302.1,299.9,299.95,302,303.35,300.3,299.6,299.55,306.05,303.5,305.1,301.4,300.45,301.1,300.2,294.85,284.35,277.05,280.9,286.55,292.05,295.8,295,284.1,288,291.85,283.6,285.1,284.95,280.35,279.2,277.45,279.4,274.65,276.3,270.75,271.55,280.25,278.3,284.3,279.15,280.9,276.95,273.95,274.45,274.85,282.05,289.4,292.1,298.85,288.1,293.75,290.25,286.7
CLEAN,1962.96,1982.82,1977.33,1968.04,1975.47,1961.51,1941.9,1924.13,1915.51,1938.63,1946.4,1952.95,1953.06,1983.47,2012.09,1994.92,2007.1,2005.32,2012.53,2008.82,2015.46,2017.79,2015.63,2021.02,2050.14,2052.58,2057.57,2058.71,2090.76,2089.02,2055.83,2064.48,2090.6,2088,2093.76,2064.04,2069.67,2080.57,2066.88,2048.44,2070.92,2072.82,2052.42,2034.98,2045.07,2031.32,2039.28,2048.9,2037.14,2040.84,2040.04,2042.85,2045.26,2035.22,2045.37,2020.11,1994.4,2000.6,1997.89,2009.96,2005.61,2020.17,2000.78,2013.89,2021.86,2019.9,2026.75,2018.63,1993.75,1985.31,2008.71,2016.69,2017.38,2027.59,2034.79,2024.61,2039.07,2040.96,2031.43,1956.32,1901.75,1964.02,1941.11,1976.71,1980.31,1999.7,2011.31,2017.92,2024.86,2027.25,2026.62,2033.59,2030.48,2016.64,2034.61,2032.94,2068.66,2046.48,2015.87,2033.63,2025.76,2038.82,2037.76,2045.86,2040.48,2048.01,2068.72,2104.11,2089.9,2083.67,2087.84,2091.42,2122.57,2119.76,2131.49,2130.64,2134.17,2133.4,2114.71,2125.25,2124.51,2118.1,2108.16,2102.16,2098.32,2093.36,2115.3,2111.91,2109.3,2101.62,2102.57,2114.68,2108.34,2104.3,2099.03,2082.74,2089.3,2111.5,2107.66,2099.21,2114.95,2114.49,2102.98,2090.31,2096.57,2105.06,2117.75,2135.58,2139.58,2151.94,2166.14,2151.28,2166,2180.33,2184.99,2190.88,2196.51,2198.93,2186.41,2183.83,2183.45,2177.97,2181.34,2190.25,2195.49,2188.07,2181.77,2172.92,2163.57,2166.63,2178.9,2177.06,2156.79,2154.81,2163.07,2158.75,2161.55,2148.79,2149.62,2173.02,2168.15,2171.43,2170.99,2153.07,2162.73,2160.22,2206,2223.66,2219.33,2221.96,2217.67,2220.44,2211.06,2184.37,2188.1,2189.51,2171.42,2183.98,2190.8,2195.5,2193.26,2201.21,2204.42,2203.35,2231.06,2231.41,2235.35,2238.89,2225.63,2238.43,2239.08,2241.84,2248.06,2249.58,2271.95,2284,2275.81,2273.86,2274.85,2279.86,2290.44,2293.33,2293.38,2286.93,2281.46,2313.13,2308.66,2329.55,2323.92,2320.67,2343.02,2308.52,2315.48,2318.53,2332.45,2300.14,2303.41
BAJAJHFL,142.65,140.12,141.4,132.75,132.46,130.5,128.82,127.12,127.44,126.29,125.56,126.96,125.67,126.88,127.7,127.42,127.08,126.38,126.08,122.78,120.78,123.46,120.9,118.51,112.12,115.85,114.07,113.71,113.42,114.23,113.21,111.1,110.02,109.14,105.74,111.16,115.87,114.78,116.41,115.54,115.79,114.92,118.59,119.92,116.86,112.01,112.89,112.46,109.72,109.44,108.41,109.03,113.86,113.54,113.43,113.91,111.53,108.73,110.1,110.86,112.24,114.46,116.38,115.33,113.51,115.89,115.25,114.95,117.63,121.59,121.14,123.61,121.64,119.63,115.99,125.48,123.29,121.69,121.58,124.62,121.56,118.08,118.02,118.25,119.38,124.23,129.8,128.69,130.72,131.16,131.88,132.3,125.04,125.1,123.5,122,122.02,122.58,118.28,119.35,118.49,117.19,120.84,121.4,122.8,122.99,123.9,126.23,123.89,124.24,124.11,124.54,124.19,123.71,123.76,123.12,122,123.91,122.45,121.75,122.82,125.66,127.13,125.73,125.21,122.86,121.63,121.81,120.66,120.42,117.86,119.64,119.05,120.61,121.73,121.91,122.07,121.85,121.54,121.35,121.1,122.39,120.96,120.78,121.33,121.62,120.79,119.86,121.22,123.36,122.63,121.89,121.39,121.46,122.27,119.66,117.02,115.2,115.92,115,113.87,112.91,114.14,114.23,113.3,113.03,112.37,112.74,112.41,108.56,112.72,114.77,114.16,114.28,113.02,112.93,113.44,112.33,111.77,111.24,113.03,113.28,113.19,112,112.21,112.22,111.84,112.07,111.96,112.03,113.35,115.92,115.49,114.8,114.58,113.24,112.6,111.8,111.26,110.43,111.61,110.01,111.47,111.51,111.77,111.1,110.55,110.09,110,108.72,107.23,110.13,110.04,109.43,109.05,110.7,110.2,110.21,109.82,109.01,110.65,110.72,110.21,109.91,109.54,109.38,109.5,108.26,107.68,108.03,107.64,107.54,107.39,106.58,106.06,106.41,105.53
THERMAX,4641.65,4643.2,4751.7,4777.55,4790.95,4904.85,4797.8,4746.75,4650.7,4653.35,4548.75,4442.5,4477.9,4386.25,3913.1,4039.75,3933.45,4058.1,4139.7,4153.55,4097.4,3982.3,3900.25,3767.35,3635.8,3736,4014.9,4045.15,3964,3963.05,3899.05,3742.15,3802.05,3722.1,3595.55,3632.4,3760.95,3683.25,3863.6,3575.75,3542.05,3345.05,3315.5,3388.05,3278.9,3165.3,3181.6,3177.5,3109,3011.45,3211.75,3339.65,3328.55,3321.55,3285.2,3200.65,3191,3248.5,3201.75,3204.45,3237,3300,3359.8,3332.7,3275,3262.2,3370.7,3277.3,3385.7,3527.7,3496.1,3464.05,3567.4,3477.65,3776.75,3654.1,3550,3548.25,3549.65,3546.2,3253.5,3221.95,3072.4,3085.45,3245.6,3366.4,3394.4,3421.6,3448.9,3449.6,3636.2,3444,3410.7,3346.4,3291.3,3241.2,3249.7,3219.4,3243.1,3156.1,3239.1,3299.3,3320.8,3405.1,3429.8,3426.6,3512.9,3501.8,3542.8,3597,3548,3483.2,3451.7,3485.7,3418.4,3388.2,3448.7,3390.3,3515,3531.4,3532.4,3562.6,3557,3550.6,3570.6,3550.8,3531.5,3474.6,3508.8,3535.8,3423.1,3477.7,3459.3,3444.5,3463,3347.8,3419.3,3356.7,3412.2,3483.9,3458.5,3446.2,3453.5,3426.4,3434.4,3465,3444.2,3479.4,3645.8,3885.9,3888.4,3903.1,3944.5,3869.2,3850.4,3739,3722.7,3778.6,3837.1,3940.4,3778.7,3539,3557,3454.2,3328.2,3272.7,3273.6,3297.9,3300.9,3274.3,3276.6,3305.2,3233.3,3237.2,3259,3271.5,3258.7,3186.7,3207.6,3210.6,3282.2,3260,3341.9,3292.7,3320.9,3312.3,3366,3342.8,3311.5,3314.9,3318.8,3311.4,3330,3307.6,3269.8,3358.8,3317.2,3233.1,3197.7,3131.5,3170.3,3165.2,3188.5,3179.3,3190.1,3158.2,3182.5,3223.8,3189.5,3107.4,3110,3167.2,3145.2,3180.4,3219.1,3187.8,3276.5,3314.2,3254.8,3267.9,3257,3218.8,3206.8,3271.7,3256,3190.9,3138.6,3167.7,3061.2,3024.1,3006,3012.9,2943.4,2921.9,2968.2,2886.7,2867.2
GRASIM,2681.4,2655.3,2670.75,2660.05,2692.7,2685.15,2599.7,2594.15,2539.05,2488.7,2526.2,2501.85,2482.05,2480.3,2443.5,2442.7,2442.15,2543.95,2510,2460.55,2467.25,2435.75,2410.4,2364.1,2288.15,2310.6,2317.55,2350.7,2375.85,2402,2367.5,2388.15,2461.15,2490.75,2458.05,2411.3,2453.65,2491.7,2508.85,2473.65,2484.7,2490,2499,2487.6,2473.25,2491.45,2484.95,2490.1,2431.3,2463.85,2463.2,2463.2,2453.7,2431.05,2393.7,2379.3,2339.95,2306.65,2377.45,2394.65,2391.65,2393.65,2407.25,2383.95,2413.55,2398.9,2370.2,2400,2421.65,2458.2,2468.15,2469.4,2513.2,2569.45,2581.6,2618.7,2611.15,2619,2616.5,2651.9,2616.9,2509.1,2590.05,2557.75,2651.25,2718.6,2702.8,2760.7,2756.9,2749.4,2685.6,2729.2,2734.8,2753.4,2745.7,2737.5,2718.3,2755.1,2728.7,2699.9,2698.7,2634.8,2742.8,2708.7,2737.2,2824.8,2804.2,2727,2720.8,2706.9,2674.6,2659.4,2656.4,2614.2,2577.6,2573.6,2545.8,2524.1,2552.4,2549.7,2554.4,2574.4,2608.5,2708,2722.2,2689.1,2663.8,2704.9,2671.4,2675.4,2693.2,2712.6,2723.7,2780.9,2831.8,2883.3,2861.1,2844.5,2848.1,2849.8,2817.6,2805.9,2779.1,2820.8,2797.9,2775.1,2762,2784.4,2778.6,2762.4,2766.3,2728.5,2741.9,2722.7,2709.1,2735.9,2708.6,2727.2,2743,2758.6,2746.4,2722.2,2787.8,2797.2,2765.8,2743.7,2691.6,2758.9,2740.4,2745.9,2764.9,2845.9,2828.3,2864.9,2881.2,2813.8,2811.4,2796.2,2784.3,2775.6,2803.9,2779.8,2781.4,2809.8,2804,2804.1,2795.9,2785.8,2799,2802,2802.4,2843,2865.4,2878.8,2877.9,2854.1,2813.5,2807.4,2778.6,2746.8,2746.9,2756.9,2789.7,2791.4,2807.4,2808,2778.2,2810.6,2811,2798,2775.8,2816.8,2859.8,2836.2,2854,2870.7,2864.6,2841.3,2923.9,2932.9,2958.7,2950.4,2891.7,2899.9,2882,2700.1,2724.6,2762.9,2775.8,2767.4,2777.8,2783.4,2790.3,2762,2744.7,2748.6,2734.8
BERGEPAINT,479.1,477.4,476.15,472.05,475,477.5,463.05,452.85,445.05,444.8,443.6,443.85,441,442.3,448.25,448.55,458.15,457.4,457.85,447.6,451.25,461.95,468.75,460.85,451.4,462.45,464.4,464.8,468.8,468.5,475.2,476.05,480.35,480.1,480,472.75,458.8,475.85,472.75,485.5,489.4,479.05,476,479.35,484.8,475.9,484.7,485.25,478.3,483.7,491.95,489,492.05,491.25,502.85,500.95,505.25,488.55,488.65,481.6,484,500.6,509.35,504.45,498.05,482.6,488.2,505.6,501.4,507.85,500.3,511.6,501,501.45,501.75,500.2,493.5,505.1,511.3,512.05,511.95,535.55,537.6,530.5,526.4,542.05,543.6,553.35,579.2,589.1,584.95,552.5,553.55,545.95,544.2,543.6,554.1,543.25,541.35,538.15,536.6,540.95,542.9,552.95,572.25,576.1,563.35,557.1,548.6,566.4,554.9,547.9,551.35,552.85,561.2,568.3,556.9,558,569.25,582,581.5,571.5,572.9,567.2,568.55,570.15,569.6,561.25,557.65,544.5,535.75,553.35,553.3,568.3,570,583.95,592.65,594.05,594.85,600.15,596,585.9,582.55,585,578.2,572.55,556.85,561.2,564.9,579.25,576.8,566.65,570.5,576.2,577.05,558,560.1,571.5,574.95,564.9,566.9,570,571.7,565.3,545.95,551.05,546.1,537.4,537.4,533.45,551.35,547.1,543.5,530.3,527,534.55,525.1,528.5,533,547,543.8,542.85,541.1,538.7,539.7,529.35,535.65,551.35,539.35,544.25,536.75,534.25,535.35,531.6,531.55,532.6,535.8,531.2,521.45,516.7,515.2,529.65,542.6,532.2,536.1,526.2,533,535.15,534.1,533.95,526.25,532.9,544.9,539.75,541.4,542.35,545.65,541.2,544.9,545.05,544.75,542.1,539,537.45,544.45,531.05,535.6,546.2,560.1,577.9,579.55,578.1,586.6,588.95,590.1,579.55,579.3
DIVISLAB,5959.65,5932.6,5927.95,5951.7,5876.7,5856.45,5847.4,5849.75,5820.75,5846.75,5849.45,5782.35,5886.75,5881.05,6045,6098.8,6073,6144.75,6048.3,5891.65,5907.95,5868.4,5824.55,5771.35,5732.5,5990.3,5876.85,5916.05,5916.05,6000.6,5818.9,5812.5,5850.95,5762.6,5576.75,5410.2,5620.15,5735.9,5577.7,5884.1,6096.25,6123.5,6119.7,6140.55,5938.8,5946.75,5969.85,6010.5,5843.75,5923.75,5839.7,5934.9,5978.3,5757.05,5702.55,5726.4,5615.8,5480.25,5540.25,5517.7,5516.55,5568.7,5578.75,5514.25,5546.25,5667.15,5620.45,5772.95,5818.1,5822.1,5797.35,5910.7,5840.65,5839.2,5872.65,5775.45,5549.7,5666,5763,5482.85,5258.95,5387.3,5386.15,5589.3,5734.5,5754,5640,5891.5,5911.5,5924.5,6215.5,6012.5,6026.5,6108,6087,6104,6124.5,6161,6148,5960.5,6025.5,5942,6076.5,6215.5,6214.5,6279.5,6580,6452.5,6552,6538,6483,6737,6698,6636,6631.5,6612,6539,6530,6618,6628.5,6544.5,6633,6674,6719,6725,6667,6687.5,6538,6549,6493,6592,6636,6565.5,6586.5,6616,6658,6809.5,6856.5,6859.5,6876,6906.5,6888.5,6938,6983.5,6844.5,6835,6778.5,6790,6831,6790.5,6731.5,6688,6613,6653,6618.5,6616.5,6584,6676.5,6650,6595.5,6361.5,6489.5,6409,6133.5,6131.5,5914.5,5992,5961,6100.5,6132.5,6164.5,6079.5,6005,6028,6151.5,6248.5,6190.5,6132,6131.5,6093,6120.5,6164,6133.5,6009,6027.5,6002.5,6031.5,6015.5,6026.5,6057,6099.5,6051.5,6112,6200,6092.5,6051,5984,5897,5689.5,5697.5,5689.5,5710,5866,5826.5,6104.5,6120.5,6132,6474.5,6556,6561,6573,6600.5,6621.5,6604,6587,6565.5,6593,6490,6438.5,6512,6655,6738,6804,6804.5,6883.5,6656.5,6691.5,6539.5,6520,6593.5,6511.5,6518.5,6473.5,6454,6462.5,6373,6359
MRPL,154.49,151.87,153.01,150.95,149.4,148.32,146.47,146.35,145.93,142.22,142.38,148.73,145.64,145.35,142.06,148.41,149.27,149.71,149.53,144,144.52,148.48,145.99,140.78,134.12,136.81,137.56,138.57,140.52,143.88,140.98,137.69,137.03,133.59,126.93,123.07,126.15,126.39,129.5,121.87,124.04,127.2,126.04,124.13,121.3,117.63,115.28,115.52,110.67,111,110.28,114.07,117.37,115.63,114.35,114.31,110.49,105.8,101.4,103.31,106.29,113.1,113.67,111.28,112.68,112.09,119.33,114.84,115.95,117.88,135.53,143.24,140.18,140.92,136.92,134.44,134.62,138.35,136.73,134.9,129.18,134.91,132.24,130.81,132.5,137.58,136.21,141.08,143.07,141.26,141.2,137.11,135.66,133.9,134.21,134,133.34,127.98,130.99,125.16,125.39,131.83,132.04,134.23,135.86,138,137.75,139.59,139.72,137.19,141.24,141.99,140.64,148.83,149.97,144.04,143.5,141.04,141.7,141.34,141.07,143.15,143.91,145.9,142.78,138.92,136.67,137.69,135.65,132.77,135.05,145.74,141.74,141.23,142.77,143.41,143.33,142.79,144.23,147.62,150.87,145.61,144.83,146.74,145.56,142.44,141.98,145.78,146.96,147.5,149.21,139.15,144.81,155.89,151.39,140.82,134.96,131.32,129.87,126.11,123.55,126.93,126.92,125.07,123.66,125.77,125.86,126.29,124.73,123.6,123.45,125.15,125.08,126.63,124.89,123.49,123.95,121.65,122.02,125.87,126.75,127.25,124.99,126.46,126.69,125.32,127.01,127.61,126.49,126.9,127.87,129.93,131.09,129.81,129.88,129.11,127.46,129.7,127.39,134.11,132.79,133.31,143.4,147.61,149.28,146.74,145.34,143.85,142.65,141.01,142.1,143.59,140.87,151.53,150.46,146,145.31,149.72,152.9,159.42,162.58,166.4,168.59,175.92,169.86,172.49,170.57,178.35,174.51,173.63,171.83,183.52,178.39,174.09,174.23,170.28,166.82
KIRLOSBROS,2290.5,2324.2,2313.85,2331.65,2279.65,2282.8,2261.6,2241.8,2262.05,2161.1,2020.95,1987.7,1988.7,2015.8,2023.9,2064.25,2120.65,2121.15,2072.55,1960.85,2274.8,2225.6,2132.45,2060.45,1927.7,1958.8,1954.7,1992.35,1960.9,1972.6,1902.45,1920.25,1890.85,1794.9,1856.25,1754.2,1796,1829.35,1857.85,1913.15,1839.35,1940.35,1944.25,1965.5,1914.55,1872.7,1808.95,1757.55,1715.7,1826.15,1829.4,1785,1797.25,1750.55,1735.55,1668.75,1702,1596.25,1480.7,1539.05,1590.9,1641,1695.8,1628.25,1578.4,1559.8,1578.2,1575.15,1668.7,1673.35,1657.6,1733.65,1794.1,1768.95,1697,1722.9,1712.7,1699.95,1703,1727.2,1698.6,1629.7,1606.05,1554.3,1625.55,1653.2,1633.2,1653.5,1698.4,1749.3,1762.6,1731.7,1735.5,1748.9,1747.4,1712,1741.4,1796.1,1732.1,1746.3,1840,1806.1,1866.6,1902.7,1882.1,1839,1885.8,1920.2,1860.7,1877.2,1862.2,1837.7,1833.4,1816.6,1748,1759.8,1812.2,1780.2,1759.3,1770.2,1782,1774.2,1826.9,1848.1,1827.1,1843.2,1827.4,1822.1,1800,1801.7,1804.6,1801.2,1922.6,1857.4,2161,2135.8,2327.8,2357.4,2319.1,2209.7,2242.6,2333,2314.1,2196.9,2237.4,2257.6,2193.8,2153.6,2214,2223,2195.4,2126,2091.5,2084.4,2069.5,2040.6,1980.5,1926.7,1938.4,1922.2,1970.9,1867.1,1857.8,1866.2,1871.4,1965.3,1890.8,1873.7,1878.5,1892.4,1887.4,1887,1946.7,1969,1987.2,1943.1,2034,2018.7,1985.8,1941.6,1976.1,2008,2040.8,2018.5,1994.4,1977.6,1968.3,1971.4,1980.7,1977.8,1987.2,2040.6,2082.3,2074.6,2054.6,2018,1985.2,1982.1,1968.8,1954.2,1930.3,1929.7,2004.4,2003.8,2006.4,1970.9,1965,1948.4,1946.1,1956,1970.1,1967.8,1965,1973,1974.6,1970.5,1931.7,1926.1,1891.7,1929.8,1910.7,1906.3,1874.5,1892,1861.5,1802.7,1715.2,1693.4,1704.8,1760.2,1734.1,1732.9,1764.9,1744.7,1752,1739.1,1702.3
SUNDRMFAST,1181.2,1150.8,1180,1152.7,1149.25,1144,1129.25,1109.85,1122.6,1088.5,1069.55,1071.1,1061.9,1073.9,1063.35,1059.2,1045.4,1061.85,1071.55,1047.7,1057.2,1048.65,1071.6,1055.45,998.65,1029.35,1042.5,1062.5,1063.15,1072.1,1067.75,1067.75,1080.4,1043.55,1007.6,976.15,996.95,998.65,1044.2,1019.2,1024.25,1020.8,1045.8,1050.55,1010.5,999.85,981.1,981.75,986.55,975.45,957.5,976.4,983.6,969.7,961,972.3,960,933.9,928.8,917.4,921.55,950.1,950.15,950,935.05,932.1,920.05,900.7,924,923.95,937.15,936.6,950.75,945.9,944.9,906.25,913.15,903.85,913.05,909.7,882.9,850.05,848.6,892.65,886.95,917.35,924.9,916.35,914.85,915.35,937.3,938.5,928.55,920.5,924.5,917.1,917.7,925.2,919.4,960.2,954.15,948.3,950.3,955.45,983.7,978,981.5,981.1,983.2,992.4,998.1,1000.25,1010.5,1004.45,1024.45,1015,1026.5,1018.2,1005.4,995,1003.8,1002,1004.2,997.8,1009.2,987.8,981.6,979.1,991.1,990.4,971.4,964.2,961.1,968.2,986.6,1001.1,998.8,1038.2,1043.9,1044.4,1055.1,1070.3,1046.8,1033,1024.7,1033.6,1030.1,1034.7,1036.6,1016.6,1036.6,1017,1011.8,1008,1017.2,1035.1,1003.6,991.2,1004.9,1004.8,985,978.5,970.5,953.9,963.75,947,939.25,926.8,943.05,940.7,950.2,979.6,1010.35,994.85,990.3,997.65,982.6,970.5,1020.3,1019.85,1018.7,1024.3,1014.3,1016.7,1014,1023.5,1020.1,1015.7,1011.9,1023.8,1012.4,1053.9,1055.2,1043.7,1038.2,1030.2,1030.1,1020.8,1011.2,991.2,979.6,998.4,1010.4,1025.55,1013.05,1005.3,1003.95,992.65,1000.9,995.5,982.4,965.6,991.95,985.45,974.9,981.45,978.45,975.95,967,977.05,968.45,960.35,949.4,955.5,964.7,936.75,940.15,949,953.2,960.55,955.7,952.95,960.8,984.75,960.05,964.5,951.7
AARTIIND,448.4,447.6,446.6,437.7,437.2,438.4,429.15,421.7,415.5,403.85,409.5,415.4,413.25,411.25,410.1,410.05,416.1,415.25,420.1,403.85,405.35,397.85,413.4,421.75,409.45,409.35,429.75,438.75,442.7,449.15,453.05,440.85,448.45,439.05,418.85,410.4,427.9,438,444.7,452.6,456,465.75,469.95,465.4,455.55,439.85,442.25,432.45,414.95,418.3,409.9,416.65,422.95,412.65,406.25,402.2,395.85,376,381.5,381.95,401.95,410.9,406.3,391,392.65,391.75,382.75,388.7,399.35,399.25,407.25,408.4,397.9,389.45,395.5,390.75,391.15,400.8,398.45,374.05,355.1,364,357.75,382.95,398.35,404.2,399.75,421.65,434.15,432.85,442.35,428.95,433.65,430.8,421.25,426.65,450.4,435.3,458.45,448.55,451.6,468.6,466.7,464,464,474.65,486.75,472.2,468.8,468.85,469.3,468.1,478.45,478.95,480,469.25,470.65,470.6,481.4,481.65,476.85,483.65,481.9,478.2,469.85,462.1,463.05,455.6,450.15,437.4,441.3,445.15,454.2,470.6,475.9,479.15,479.45,484.45,484.35,479.45,476.55,466.75,461.15,457.75,448,441,443.3,451.8,455.85,456.3,446.65,441.9,422.95,427,433.7,430.25,428.5,442.1,445.5,420.05,406.35,395.1,383.6,386.1,378.45,375.1,374.9,372.05,382.75,376.1,383.75,389.45,393.9,381.9,382.3,388.55,386,376.95,376.1,377.6,383.05,385.45,380.8,376.55,389.45,388,388.9,391.75,389.4,388.9,390.6,390.2,390.9,393.2,389.6,386.55,383.35,380.4,374.6,372.85,374.9,379.6,380.6,377.45,377.35,375.25,380.5,378,381.8,375,371.8,376.55,374.8,372.65,375.1,379.3,381.7,380.45,377.9,385.85,382.8,379.95,388.65,385.1,390.5,391.8,392.65,386.55,397.1,393.3,393,395.3,389.8,390.2,386.85,384.75,380.8
GODREJAGRO,766.85,789.1,780.35,765.6,768.5,775.6,762,745.1,747.65,726.3,729.35,725.2,713.35,720.2,748.95,743.45,742.75,745.35,754.75,740.55,756.65,738.1,743.2,743.9,706.95,715.75,733.55,736.85,737.15,730.75,717.8,721.1,720.9,707.15,700.4,694.3,713.05,715.6,729.9,761.75,782.05,781.95,765.1,760.75,735.9,719.95,754.45,737.15,706.95,705.2,690.1,729.05,737.05,732.45,747.95,746.25,735.9,715.15,718.1,738.4,761.05,771.2,761.4,745.45,736.1,733.6,720.25,725.5,767.05,763.25,758.5,768.3,786.15,774.9,766.95,758.8,753.7,751.65,781.45,769.7,739.2,698.9,721.05,742,768.85,778.1,769.6,762,757.3,769.25,772.4,795.3,768.35,782.1,770.55,770.25,665.45,668.05,697.45,696.75,682.1,703,716.15,728.05,726.25,732.35,732.7,749.65,739.7,741.15,744.25,745.55,748.6,753.8,745.15,753.95,762.8,762.7,791.55,814.95,816.75,805.75,819,807.8,792.2,772.15,787.15,774.25,771.05,764.1,744.3,762.5,746.95,750.8,765.3,771.6,785,781.5,787.45,803.85,788.1,781.95,785.7,781.25,777.85,770.25,780.3,773.75,774.5,777.65,788.35,800.75,806.6,810.35,848.6,853.7,839.1,835.95,843.1,838.85,847.2,814,811.4,810.6,831.05,811.95,816.05,800.4,785.85,776.75,752.55,750.65,761.05,761.6,754,746.05,749.1,738.05,736.1,740.3,742.25,747.3,736.9,730.4,748.6,734.45,736.4,740.6,735.7,734.1,736.85,731.5,732.85,724.9,731.35,734.85,722.85,714.95,687.7,715.8,713,690.2,695.3,690.45,674.55,674.05,671.75,667.25,660.95,669.95,656.4,652.95,659.1,657.45,662.15,672.05,661.2,665.9,668.05,660.5,666.9,664.25,663.25,660.75,649.15,618.9,589.55,589.45,572.7,575.45,584.65,567,584.3,577.1,568.25,571.2,574.85
BLUEDART,7779.1,7670.05,7762.8,7828.55,7829.35,7789.95,7717.75,7660.55,7514.1,7197.3,7031.2,7067.25,7400.7,7026.55,6648.35,6967.45,6981.5,6884.35,6829.1,6784.65,6741.2,6655.75,6590.45,6350.7,6252.6,6224.6,6157.65,6403.2,6440.1,6622.55,6537.35,6609.15,6571.7,6502.35,6593.35,6349.5,6412.35,6461.15,6580,6428.9,6383.65,6480.2,6534.8,6804.4,6607.9,6363.05,6168.55,6061.85,5928.7,5989.2,5995.25,6117.6,6338.8,6362.6,6300.45,6172.65,6091,5997.35,5947.9,5880.25,6000.35,5994.85,5964.7,5770.25,5719.2,5648.7,5700.35,5748,5725,5876.75,5897.8,5897.65,6005.85,6516.25,6350.2,6200.85,6136.5,6215.05,6223.85,6151.7,5950.8,5918.55,6071.75,6078.8,6312.1,6337.5,6368,6354.5,6479.5,6491.5,6556,6534,6401.5,6490.5,6393,6203,6260,6477,6628,6656.5,6702,6683,6703.5,6914,6897.5,6900,6947.5,6912,6926.5,6862.5,6983,7004.5,7187,6812.5,6756.5,6660.5,6622,6519.5,6397.5,6382,6523,6501,6500,6557,6547.5,6396,6296,6287,6300,6229,6162,6224.5,6195,6256,6291.5,6326,6364.5,6389.5,6846.5,6910,6843.5,6697.5,6690,6613.5,6634,6716.5,6643,6824,6912,6913,6891,6856.5,6782,6739,6876,6902.5,6754.5,6551.5,6473,6166,5994,5888,5798,5794,5788.5,5808,5804.5,5872.5,5938,5875,5856,5831,5849,5840,5852,5814.5,5896,5696,5580,5607.5,5802,5755,5754,5685.5,5705.5,5727.5,5737.5,5732.5,5744,5701,5701.5,5732.5,5747.5,5861,5762,5783,5755,5775.5,5795.5,5673.5,5578,5703,5713.5,5685,5672.5,5627,5566,5498.5,5502,5534,5468,5498,5577.5,5571,5546.5,5578,5568,5565.5,5566,5537.5,6572,6694,6572,6370.5,6376,6331,6221.5,6134.5,6079.5,6178.5,6044.5,5995,6044,5984.5,5937,5905.5,5805.5
IGIL,156.39,155.66,155.65,155.01,154.47,154.24,153.85,153.64,152.03,151.92,151.38,151.47,151.91,151.34,152,151.21,150.85,151.36,150.62,150.03,149.64,148.88,148.79,148.7,150.45,151.4,150.9,151.63,151.79,151.54,151.76,152.67,153.17,152.5,152.62,152.97,153.1,153.68,153.27,154.71,154.24,153.42,153.67,153.44,152.77,154.39,155.08,154.38,154.09,153.23,153.89,154.37,154.34,155.29,155.34,154.89,155.11,155.82,155.96,155.72,155.65,156.14,156.15,155.77,155.5,155.49,156.05,156.64,156.63,155.98,156.38,156.06,155.32,155.84,155.75,155.59,156.51,156.62,157.01,157,159.18,158.69,156,155.59,153.65,155.42,154.74,157,156.68,158,158.33,158.88,158.36,159.63,159.83,159.68,160.27,160.61,159.38,159.63,159.4,159.88,158.84,158.46,156.82,157.07,157.15,157.65,157.89,158.15,158.03,157.76,157,158.51,159.43,158.48,159.31,159.83,159.75,159.84,160.34,160.38,159.6,159.91,159.86,160.01,161.31,160.98,161.71,161.12,161.71,161.35,161.59,162.51,162.81,162.64,163.63,163.17,163.26,163.63,162.76,162.7,162.64,161.95,161.3,161.68,161.9,161.52,161.2,160.57,161.52,161.25,160.99,162.28,162.68,162.48,162.28,162.14,161.28,161.31,160.95,160.59,161.72,162.41,162.41,162.61,162.29,162.27,162.38,162.42,163.36,162.3,161.87,161.27,160.92,161.48,160.75,162.57,161.85,161.92,162.54,162.47,162.48,161.32,162.26,162.22,163.73,164.15,164,163.78,164.42,164.03,164.67,165.06,165.03,164.61,163.48,163.51,163.9,163.51,162.74,163.31,163.65,163.85,163.48,163.52,163.9,163.6,163.41,163.35,162.71,163.85,163.76,163.99,164.93,165.51,164.97,165.12,165.23,165.35,165.11,164.98,165.15,165.15,164.96,164.04,163.84,163.65,163.53,162.49,163.2,163.44,163.5,164.34,163.8,164,162.76
ABBOTINDIA,29111.3,28994.25,28872.3,28748.3,28648.75,28251.25,27995.45,28109.6,29053.85,28655.35,28559.15,28513.3,28597,29263.5,29803.25,29741,30020.05,29957.25,29490.2,29950.6,29959.65,29608.25,29753.85,28772.8,28555.8,28235.55,27745.7,27298.1,27929.7,27682.1,27631.4,27774.45,27849.8,27282.35,26518.15,25698.05,25501.85,26129.4,26173.3,25977.6,26123.3,27802.1,29081.1,29799.6,29683.4,29128.9,28780,28359.05,27839.75,28569.5,29325.5,29721.15,29429.65,28941.95,29813.5,30195.5,29963.75,30395.65,31183.55,31539.9,31448.1,30983.15,30768.3,30629.6,30496.5,29795.85,29597,30220,29731.7,30348.9,30179.35,30292.1,31072.3,31101.85,30591.5,30569.15,30720.55,30318,29540.9,29909.3,29077.4,28965.7,29398.95,29108.05,29641.1,30950,30710,30690,30915,31015,30470,30060,29705,29780,30100,29985,30725,30725,30160,30345,30005,30165,30065,30390,30325,30330,30560,30685,30845,31435,31145,30795,30220,30415,30120,30350,30455,30605,31135,31295,31695,31630,31810,31645,31635,31575,31515,31675,31800,31565,31030,31620,31050,31535,31680,33055,34940,35670,34665,35460,35420,34735,34485,34160,34390,34555,34420,34295,34275,34280,34165,34125,34085,34130,34735,34580,33780,32895,34710,35195,34405,33595,33995,33255,32605,32720,32845,32980,32560,32940,33265,32590,33065,32595,32635,31875,31520,31885,31475,31480,32130,32495,32575,32175,31150,30965,30630,31255,30975,30980,30910,30930,30970,30890,30365,30195,30225,30195,30195,29740,29665,29290,29890,29965,30020,29825,29925,29690,30130,29995,30095,29830,29835,29805,29930,30255,30115,29930,29770,29770,29705,29600,28995,29035,29360,29455,28785,29505,29550,29570,29570,29340,29560,29665,29530,29585,29575
SUNDARMFIN,4369.5,4413.9,4349.85,4280.05,4207.1,4427,4442.15,4470.85,4537.35,4277.4,4518.7,4399.1,4363,4371.6,4155.2,4143.7,4087.65,4698.9,4687.2,4455.6,4466.45,4370.8,4475.95,4580.5,4458.6,4611.8,4607.05,4486.4,4560.2,4700.9,4599.65,4499.35,4617.6,4539.55,4409.6,4415.5,4401.75,4391.75,4617,4311.7,4637.5,4600.3,4667.25,4657.85,4516.95,4351.5,4471.15,4498.3,4565.2,4560.35,4698.7,4741.3,4723,4648.15,4437.1,4479.6,4567.95,4537.75,4474.15,4587.05,4535.2,4445.8,4435.7,4404.4,4482,4658.4,4627.4,4762.7,4728.95,4850.5,4921.65,4781.5,4770.5,4832.95,4507.2,4574.45,4513.8,4481.6,4506.3,4578.75,4514.05,4689.9,4753.35,4645.75,4948.8,5179.3,5243.5,5211.5,5340.4,5296.4,5277.6,5277,5263.1,5214.8,5256.6,5199,5099.5,5115,5268,4985.5,5007,5078.5,5001,5211,5080.5,5094.5,5094,5099.5,5169,5123.5,5276.5,5351,5182.5,4980,5099,5136.5,5183,4996,5065,5000.5,5069,5099,5056.5,5042,5021,5022.5,4993,4908.5,4790,4741,4819.5,4895,4900.5,4928.5,4867,5048.5,5173.5,5155.5,5057.5,5140,5168,5166.5,5175.5,5031,5077.5,4991,5046,5075,5038.5,5133.5,5166.5,5227,5186.5,5187,5131.5,5009,4899.5,4745.5,4744,4675,4568.5,4459.2,4646.1,4491.9,4652,4502.8,4511.2,4500.2,4475.6,4534.7,4783.4,4935.9,5126.1,5216.4,5268.4,4970.5,4878.9,4625.4,4493.7,4448.8,4305.3,4478.5,4495.6,4537.5,4477,4569,4561,4493.5,4472.3,4432.9,4574.1,4633.9,4586.6,4576.9,4664.8,4614,4644.7,4589.7,4485.5,4265.6,4411.5,4385.2,4412.4,4486.6,4426.6,4373.5,4398,4409.5,4429.8,4425.9,4516.9,4490.6,4488.2,4521.6,4546.7,4609.4,4647,4684.2,4687.3,4640.5,4575.8,4594.5,4684.9,4775.4,4858.4,4808,4800.6,4784.2,4710.3,4748,4721,4771,4653.1,4713.6,4661.5,4703.2,4734.3
BLUESTARCO,2106.3,2082.8,2130.95,2052.45,2088.7,2156.65,2061.35,2038.6,2043.9,1977.5,2005.8,1983.2,2039.2,2072.95,2130.35,2139.15,2259.8,2292.7,2337.55,2224.4,2153.4,2105.65,2013.1,1977.45,1853.4,1870,1917.8,1934.35,1923.35,1931.35,1865.8,1879.45,1918.95,1842.85,1793.8,1763.2,1827.5,1798,1817.55,2048.35,2017.1,1969.15,1981.25,2038.55,1976.75,1888.8,1995.05,1994.8,1963.6,1949.1,1872.55,1897.9,1915.65,1913.75,1878.8,1879.3,1926.45,1917.65,2032.5,2100.65,2131.2,2144.15,2100.75,2082.55,2021.4,2046.65,2025.65,2020,2156.85,2210.05,2208.65,2152.7,2210.9,2198.5,2198.5,2192.15,2136.4,2085.35,2111.75,2093.25,2016.1,1962.2,1977.45,1939.3,1967.2,2023.6,2053.3,2015.4,2030.1,2042.3,1925.4,1849.6,1739.2,1746.4,1745.9,1706.3,1671.1,1682,1690.3,1677.7,1608.2,1594,1624.2,1581.1,1558.9,1571.4,1563.2,1618,1610.2,1579.3,1558.9,1557.4,1551.9,1551.3,1555.5,1551.1,1532.3,1545.8,1543.2,1551.5,1585,1589.2,1569.4,1624.5,1633,1622.1,1644.9,1675.2,1669.9,1631.6,1591.7,1610,1611.7,1631,1645.5,1660.9,1624,1635.6,1704.9,1756.1,1842.3,1841.2,1826.7,1810.1,1809.6,1796.7,1799.8,1828.5,1882.3,1860.6,1882.6,1845.3,1819.6,1764.2,1749.2,1764.3,1747.2,1738.7,1744.9,1754.7,1738.1,1697,1739.4,1750.7,1770.4,1827.5,1800.3,1761.9,1745.6,1755.8,1785.2,1915.7,1928.8,1927.4,1901.3,1920,1904.4,1865,1880.1,1881.7,1948.3,1940.3,1960.6,1944,1943.5,1884.2,1887,1889.7,1886.8,1884.9,1889.1,1924.1,1940.2,1961,1963.8,1996.8,1964,1944.2,1927.3,1890.1,1895.6,1881,1877.8,1899.2,1892.8,1912.2,1892.4,1892.3,1949.1,1911.7,1880.6,1913.3,1957.6,1971.4,1971.3,1963,1972.2,2006,1979.6,1951.6,1965.1,1961.8,1937.4,1934.4,1917.6,1785.5,1752.7,1771.6,1780.1,1798,1787.7,1768.4,1788.9,1777.5,1795,1794.6,1776.3
TITAN,10.95,10.9,10.9,10.8,10.65,10.6,10.35,10.45,10.2,9.96,9.88,9.82,9.86,10.15,10.1,9.6,8.6,8.58,8.66,8.42,8.46,8.5,8.44,8.5,8.08,7.96,7.62,7.34,7.84,7.96,7.98,7.9,7.86,7.98,7.86,7.88,7.8,8,8,8.14,7.84,8,8.06,8.06,7.96,7.98,8.02,8.04,8.08,8.24,8.22,8.26,8.22,8.26,8.48,8.48,8.62,8.46,8.42,8.6,8.76,8.72,8.7,8.1,7.76,7.8,7.78,7.8,7.8,7.68,7.6,7.46,7.36,7.32,7.22,7.22,7.18,7.32,7,6.66,7.1,6.9,7,7.06,7,7.1,6.98,7.18,7.2,7.1,7.12,7.04,7,7.12,7.12,7.12,7.14,7.02,6.94,7,6.94,6.98,7,7,6.94,6.92,6.92,7.04,6.96,6.9,6.9,6.88,6.9,6.92,6.86,6.94,6.92,6.9,6.86,6.88,6.86,6.84,6.7,6.64,6.68,6.56,6.44,6.42,6.34,6.44,6.42,6.4,6.46,6.42,6.08,6.18,6.14,6.04,6.06,6.06,6.04,6.1,6.02,6,6.02,5.98,5.94,5.9,5.98,5.98,5.94,5.92,5.86,5.9,6,5.98,6.04,5.96,5.94,5.96,5.92,6.12,6.04,6.02,6,6,5.94,5.9,5.96,5.94,5.96,6.1,6.08,6.02,6.08,6.16,6.1,6.2,6.26,6.32,6.5,6.74,6.9,6.9,6.88,6.8,6.52,6.54,6.78,6.62,6.58,6.48,6.46,6.32,6.3,6.26,6.32,6.3,6.32,6.3,6.28,6.26,6.32,6.32,6.24,6.14,6.14,6.14,6.3,6.28,6.18,6.16,6.18,6.1,6.06,6.08,6.1,6.06,6.2,6.18,6.26,6.18,6.14,6.1,6.22,6.32,6.28,6.28,6.32,6.28,6.26,6.18,6.26,6.26,6.26,6.16,6.24
DLF,862.7,868.4,875.75,867.1,870.85,893.3,872.45,871.45,864.4,830.7,844.25,841.7,838.7,834.85,820.7,824.9,824.5,835.4,828.05,805.85,810.8,802.6,780.65,752.15,710.8,723.25,734.8,740.85,749,760.6,737.9,713.8,715.05,695.25,703.9,726.75,745.4,750.05,745.05,748.65,762.2,763.4,764.05,757.45,730.95,709.1,680.05,680.65,673.3,674.75,672.1,690.15,694.9,686.25,673.7,656.8,642.4,635.55,647.3,643.3,661.35,665.3,667.05,647.1,674.1,668.7,658.1,674.8,697.55,694.3,695.9,706,695.2,680.45,688.5,680.5,663.1,683.15,680.05,653.95,608.05,621.55,612.85,623.6,662.8,656.25,669.4,675.9,685,687.7,680.5,653.55,663.9,658.85,674.3,687.05,693.75,677.15,679.25,655.05,631.7,680.5,677.85,688.7,709.05,715.9,737.65,753.5,775.15,775.8,776.5,777.8,774.05,772,793.75,797.85,810.7,804.55,803.4,825.7,880.35,878.6,868,868.55,847.85,851.25,859,851.45,844.8,839.9,854.25,852.45,849.5,854.35,847.1,845.8,837.8,843.45,831.9,829.7,836,832.5,842.9,829.65,831.55,815.1,826.9,833.5,844.3,847.05,845.2,852.6,845.5,841.95,828.95,826.3,787.2,800.35,788.8,784.25,777.4,792.85,780.95,764.5,759.65,747.2,764.95,757.4,757.65,751.55,768.9,776.1,770.5,773.2,762.55,772,754.6,749.45,739.05,748.3,754.8,764.4,758.1,755.55,757.5,751.1,754.3,756.35,758.4,775.7,786.75,786.45,783.1,777.7,773.75,759.4,733.65,721.05,716.05,722.15,713,722.3,729.2,735.25,737.15,724.9,729,740.2,741.2,740.9,756.3,769.7,767.95,773.95,771.75,774.3,772.45,779.5,774.05,778.7,776.55,756.25,777.2,774.6,758.35,759.45,760,765.25,761.2,764.8,764.85,768.5,750.35,743.65,741.1,725.35,717.7
BEL,0.01,0.01,0.01,0.01,0.01,0.02,0.02,0.02,0.02,0.02,0.02,0.02,0.01,0.01,0.01,0.01,0.01,0.01,0.01,0.01,0.01,0.01,0.01,0.01,0.01,0.01,0.01,0.01,0.01,0.01,0.01,0.01,0.01,0.01,0.01,0.01,0.01,0.01,0.01,0.01,0.01,0.01,0.01,0.01,0.01,0.01,0.01,0.01,0.01,0.01,0.01,0.01,0.01,0.01,0.01,0.02,0.03,0.02,0.01,0.01,0.01,0.02,0.01,0.01,0.01,0.02,0.02,0.01,0.01,0.01,0.01,0.01,0.01,0.01,0.02,0.02,0.01,0.02,0.02,0.02,0.02,0.02,0.02,0.01,0.01,0.02,0.01,0.01,0.02,0.02,0.02,0.02,0.02,0.02,0.02,0.02,0.03,0.03,0.02,0.02,0.02,0.02,0.02,0.02,0.02,0.02,0.02,0.02,0.02,0.02,0.02,0.02,0.02,0.02
MANKIND,2639.35,2666.4,2624.35,2650.45,2641.85,2690.75,2661.8,2805.95,2891.05,2805.2,2998.4,2910.6,2916.65,2871.75,2857.4,2880.4,2881.05,2901.9,2937.55,2884.55,2919.7,2879.55,2828.05,2739.95,2595.95,2665.85,2596,2545.25,2600.4,2704.7,2563.55,2516.4,2635.05,2506.9,2453.95,2456.7,2477.45,2485.4,2435.4,2581.8,2555.1,2483,2480.1,2518.6,2502.05,2450.3,2422.6,2501.15,2394.35,2345.9,2385,2364.55,2348.45,2327.75,2298.8,2342.1,2294.2,2290.6,2328.7,2284.1,2288.15,2274.3,2316.05,2259.3,2210.2,2166.45,2201.15,2164.75,2145.8,2161.7,2244.85,2415.05,2372.15,2398.05,2403.7,2452.15,2424.75,2458.1,2421.9,2427.7,2451.2,2383.45,2347.5,2313.95,2350.5,2426.1,2520,2581.6,2588.4,2579.5,2545.5,2599.2,2557.5,2560.4,2556.9,2465.3,2385.8,2415.4,2368.7,2432.4,2439.5,2408.2,2500,2547.3,2554.6,2559.9,2572.7,2564.2,2549.2,2531.4,2439.2,2432.4,2430.3,2454.8,2483.8,2461.8,2467.7,2414.3,2352.4,2345.9,2359.2,2352.4,2356.7,2376.4,2378.8,2390,2381.3,2370,2353.2,2358.3,2325.2,2288.8,2300.6,2307.5,2308.8,2303.5,2333.4,2319.8,2287,2384.7,2361.7,2439.5,2410.4,2431.7,2526.6,2544,2578.3,2696.5,2651,2625.5,2639.3,2652.3,2646,2670.5,2599,2589.5,2603.4,2541.6,2554.7,2575.5,2567.2,2566.3,2628.9,2618.9,2556.2,2537.8,2467.1,2437.5,2430.7,2466,2472.6,2472.4,2492.2,2506.6,2600.1,2606.8,2557.1,2502,2474.1,2471.4,2520.9,2543.3,2559.1,2568.9,2550.6,2579.4,2589.3,2608.5,2599,2579.6,2585.4,2569.8,2570.2,2638.3,2660.6,2594.9,2564.3,2529.7,2526.2,2482.9,2462,2435.7,2439.6,2448,2456.3,2480.7,2454.9,2479.4,2459.9,2442.5,2438.1,2445.7,2455.3,2476.6,2455.1,2445.6,2451,2432.4,2416.7,2406.5,2443.7,2446.6,2384,2399.5,2369.5,2309.1,2261.8,2236.6,2220.5,2270,2257,2267.1,2247,2226.9,2223.1,2239.5,2242.1
JIOFIN,336.85,335.1,343,338.3,339.75,340.35,337.1,324.6,313,304.3,304.7,304.7,305.55,304.95,306.25,298.7,304.45,304.7,307.45,296.7,299.15,298.6,289.25,280.55,266.15,272.85,272.4,276.8,279,275.7,260.1,262.8,255.85,244.45,233.3,233.4,238.3,234.8,241.65,233.97,245.1,249.82,250.48,249.45,242.96,235.94,227.62,228.06,222.29,222.45,221.02,228.92,235.27,233.67,228.45,226.32,221.7,207.61,200.92,206.38,217.1,219.94,221.81,216.5,217.56,225.53,222.6,223.1,225.18,228.84,231.69,229.12,232.68,227.53,222.67,225.78,227.51,230.42,229.78,230.41,222.32,213.52,224.81,220.92,230.02,238.57,242.28,246.47,246.38,250.56,258.14,258.78,253.05,257.9,257.63,260.42,258.8,260.6,251.2,256.1,251.45,248.35,262.9,267.4,267.5,273.7,277,277.05,271.45,274.35,274.55,281.75,281.75,291.4,290.35,287.85,286.65,286.45,283.9,290.35,291.5,294,304.25,302.8,302.65,296,294.05,294.15,289.8,288.15,284.1,294.25,293.15,300.8,303.3,312.5,323.45,326.75,329.6,326.7,325.05,324.95,328.05,328.85,329.85,331.65,325.8,319.1,321.2,319.55,318.15,316.85,317.25,310.8,314.45,316.45,311.25,307.35,321.1,320.3,329.25,329.5,333.9,332.85,326.55,325.5,321.15,327.75,327,330.6,327.4,329.35,331.3,328.45,323.85,320.6,319.7,315.75,310.1,311.7,314.05,311.75,313.7,309.45,309.4,311.1,307.95,310.05,310.7,311.2,315.35,315.45,315.85,317.35,317,313.85,312.55,306.75,301.6,295.85,294.2,293.2,300.05,301.7,306.25,309.9,304.65,307.35,308.15,308.45,305.6,312.65,312.1,309.3,310.7,311.8,309.05,305.95,305.55,307.95,309.75,309.8,306.8,306.8,301.9,298.1,299.3,301.95,304.9,309.5,310.7,314.9,312,305.95,304.45,308.35,303.55
PCBL,479,483.5,487.7,469.7,470.7,488.25,489.45,483.75,478.25,464.65,459.2,457.45,458.5,462.65,436.6,450,458.55,468.8,462.7,432.6,437.85,418.25,397.5,391.1,351.85,363.2,361.05,366.4,358.35,366,368.75,362.5,375.95,366.6,352.75,351.65,363.5,363.65,379.95,403.45,407.8,415.2,414.3,410.85,394.85,372.65,377.3,385.25,366.15,370.2,372.15,386.05,390.1,396.35,383.85,386.6,374.15,358,357.45,364.55,380.75,385.75,391.1,383.9,379.85,381.45,372.7,373.1,382.3,390.2,394.15,423.05,430.8,418.85,419.45,421.55,423.35,423.9,435.4,430,424.2,392.85,401,398.15,414.6,427.95,432.95,434.2,426.75,421.7,409.95,402.25,387,383.15,369.1,359.65,360.85,369.45,362.2,364.7,358.45,366.1,371.6,373.85,382,391.4,395,395.4,394.4,393,395.3,392.7,403.45,407.35,405.05,405.2,398.6,397.1,413.75,418.5,427.4,415.7,412.15,407.95,410.7,401.5,404.05,402.05,392.05,388.3,388,390.95,388.55,392.7,413.8,419.2,417,418.9,414.65,413.9,411.25,409.3,402.3,404.35,423.7,434.4,422.8,414.35,420.7,426.8,422.35,420.45,421.8,415.45,406.45,398.1,388.15,384.55,390.95,398.25,394,400.5,400.95,398,384.5,384.4,375.95,368.9,385.5,379.9,378.3,392.95,393.2,389.65,383.8,380.2,380.95,375.5,373.05,371.55,374.85,379.05,384.05,376.65,373.8,385.05,384.85,388.65,392,384.55,391.5,390.55,392.4,388.1,413.55,403.2,392.6,389.7,383.1,375.05,374.5,373.6,382.9,384.1,377.65,378.6,388.15,388.1,387.55,382.75,378.9,374.9,378.85,362,361.3,368.3,369.4,367.7,364.7,365.15,371.85,369.55,362.1,357.8,355.7,355.2,347.75,348.9,348.65,348.5,345.75,339.4,348.25,341.95,335,332.85,332.05
LAURUSLABS,571.9,571.9,572.75,563.8,573.45,573.55,572.1,566.95,572.55,559.2,566.1,567.15,570.6,586.7,587.4,602.7,615.65,613.1,611.75,599.55,612.45,611.1,613.05,583.7,559.05,568,556.9,557.8,567.8,584.25,576.9,570.85,585.15,602.65,534.65,510.75,543.8,588.45,584.05,586.35,611.95,631.1,636.8,641.35,626.35,608.2,601.05,601,546.2,555.5,546,546.75,536.75,521.45,536.75,550.15,543,527.2,528.8,545.5,566.5,580.55,570.85,559,574.15,584.35,574.05,587.15,606.1,604.45,611.2,623,615.15,614.8,617.7,613.4,598.9,609.05,620.65,574.45,561.25,579.25,564.25,605.85,625.15,626.9,628.05,640.35,651.7,650.7,645.5,625.65,626.5,617.45,603.85,620.55,617.8,612.6,610.7,586.75,588.8,593.45,595.25,605.95,603.7,603.05,607.35,593.25,597.05,590.65,593.3,595.05,601.8,610.5,614.5,609.6,611.1,619.6,623.35,640.65,642.05,667.35,666.45,676.45,666.75,666.6,680.25,660.55,664.35,646.25,651,666.3,669.55,669.95,680.35,701.8,724.85,746.05,756.75,758.55,776,776.25,778.3,794.4,793.5,790.2,823.85,827.05,822.55,821.5,827,829.45,823.35,822.5,836.5,837.75,889.25,909.85,881.45,874.35,849.35,861.2,857.5,836.2,838.25,821.85,831.5,830.95,863.15,859.7,865.65,883.9,876.05,889.9,879.1,873.2,868.65,862,856.9,860,860.1,874.7,874.1,880.65,895.2,902.3,896.4,895.6,896.05,895,894.85,893.95,923.25,932.1,903.8,910.05,909.75,896.35,832.3,840.95,841.8,872,864.4,863,863.4,853.85,865.1,876.75,874.3,877.95,875.3,872.85,900.05,920.65,923.9,934.4,926.4,940.15,959.65,961.7,970.35,953.65,975.4,983.15,979.8,982.15,1001.05,985.7,989.25,997.05,999,1021.85,1006.9,987.5,987.1,978.2,979.55
INDHOTEL,837.2,838.55,836.4,836.7,855.6,867.65,880.05,881.4,880.05,854.1,859.4,862.65,868.3,860.6,889.65,877.55,873.6,879.5,872.45,844.25,852.15,834.9,822.85,805.9,756.1,781.4,811.4,811.45,813.35,793,760.35,772.75,775.1,781.2,760.2,753.7,777.55,761.2,764.7,816.2,828.2,815.9,790.1,791.8,776.7,748,731.2,736.75,710.2,721.65,721.95,746.7,761,757.55,728.8,724.65,724.35,716.1,726.75,716.9,757.2,749.15,744.3,741,749.05,749.35,750.45,752.15,786.25,810.6,816.1,824.7,842.1,828.55,808.2,790.55,787.55,805.75,830.15,831.05,799.35,751.95,773.6,768.2,788.6,836.35,842.05,841.2,836.05,833.9,822.9,819.1,786.35,800.45,790.15,787.7,800.5,801.8,753.25,765.65,750,718.75,769.15,761.1,770.2,764.35,766.35,771.95,752.75,773.1,769.55,770.45,774.8,771.05,761.2,762.35,769.85,783.6,760.95,770.75,771.75,776.85,780.05,779.65,765.8,744.8,735.15,754.9,756.65,763.3,747.3,765.65,760.1,764.1,781.9,782.95,767.4,760.3,762.05,756,748.25,747.55,737.15,739.3,750.15,743.35,735.2,729.15,744.05,751.2,753.95,766.2,771.7,756.3,754.4,754,746.15,744.8,748.2,744.9,740.75,741.15,748.8,751.05,746.6,742.3,735.75,746.75,747.45,769.8,774.35,775.5,775.15,806.8,795.65,788.85,785.55,769.05,765.15,758.45,759.85,765.6,773.95,774.75,774.75,777.7,775.5,775.5,773.95,777.7,790.85,778.65,780.25,782.05,775.55,769.4,752,746,732.15,709.8,724.3,720.3,723.25,724.45,723.55,733.25,730,732.15,735.55,726.05,721.15,727.75,738.05,735.4,743,744.25,737.55,735.9,746.55,741.75,746.75,749.65,741.8,747.15,743.2,697,691.3,703.8,697.75,706.95,717.7,720.8,722.3,712.75,719.55,733.35,733.2
DEEPAKFERT,1381.55,1380.35,1359.2,1328.7,1331.35,1287.25,1287,1201.5,1188.1,1146.1,1167.15,1201.75,1190.7,1165.3,1192.35,1196.45,1218.45,1218.2,1203.2,1155.55,1186.3,1160.95,1179.2,1145.4,1071.5,1131.5,1139.7,1185.35,1206.75,1175.95,1173.7,1157.05,1179.55,1168.6,1127.45,1118.7,1296.55,1120.9,1135.85,1135.45,1115.6,1130.3,1166.9,1175,1129.45,1080.4,1050.15,1068.1,1002.45,985.75,965.55,1034.25,1065.3,1069.6,1056.55,1063.3,1029.75,953.15,927.65,975.8,1047.4,1078.9,1116.15,1097.15,1115.4,1142.6,1118.15,1107.5,1106.8,1093.4,1112.95,1143.05,1125.6,1138.35,1115.85,1140.8,1116.2,1101.95,1161.25,1156.1,1136.65,1094.45,1111.3,1158.6,1206.45,1263.3,1258.7,1293.1,1300.6,1275.6,1283.4,1317.7,1309.3,1313.9,1301.6,1279.9,1265.7,1289.6,1246.9,1264,1249.8,1254,1302,1290.8,1336,1345.2,1345.1,1383.4,1374.2,1368.7,1361.5,1327.4,1365.9,1355.4,1444.7,1519.5,1483.7,1480.2,1540.1,1577.2,1539,1544.6,1531.6,1553.3,1575.9,1562.8,1554.3,1572.5,1561.6,1542.8,1528.1,1534.3,1547.9,1578.1,1606.8,1594.4,1594.1,1707.4,1743.5,1740.9,1728.9,1709.9,1612,1597.9,1611,1578.4,1582.8,1570.4,1602.6,1586.1,1605.4,1581.4,1625.7,1597.3,1595.8,1598.1,1534,1520.4,1607.4,1564.5,1598.8,1558.5,1545.4,1548.4,1534.2,1505.4,1470.3,1475.3,1447.7,1434.5,1447.8,1469.4,1475.4,1491.8,1519.4,1529.1,1501.5,1453.7,1428.8,1387.8,1406.4,1447.8,1442.5,1443.4,1403.7,1399,1412.7,1420.1,1430.8,1400.7,1407.9,1425.3,1463.2,1451,1457.3,1453.6,1518.6,1580.3,1546.7,1531.6,1500.8,1501.9,1547.1,1572.4,1551.7,1543.7,1544.3,1512,1497,1484.1,1416,1419.5,1441.1,1445,1423.7,1439.8,1434.4,1442.8,1459.9,1519.4,1503.5,1486.2,1491.6,1485.5,1504.5,1429.1,1426.4,1391.2,1365.4,1393.2,1419.8,1411.6,1443.5,1412.7,1449,1446.4,1418.5
HDFCBANK,935,934.05,931.55,929.63,935.88,932.6,916.63,905.35,896.75,885.75,900.5,899.05,895.38,899.13,888.95,886.43,891.38,896.88,874.6,855.25,856.7,847.15,833.9,828.38,815.43,823.3,821.53,826.03,818.38,825.63,821.2,833.03,832.45,824.9,814.9,835.2,838.65,845.75,849.38,839,860.45,868.9,871.93,866.38,857.88,850.7,853.4,848.85,847.43,858.68,861.53,863.6,843.55,846.25,838.55,841.18,850.35,866.2,850.78,855,845,845.6,844.63,843.75,842.75,855.58,853.3,855.2,866.1,872.05,884.38,885.18,900,910.73,903.28,912.68,914.1,883.93,898.45,897.43,908.65,878.85,884.58,882.5,903.38,932.45,939,953.35,963.55,980.85,961.95,958.4,955.6,960.1,954.4,962.5,962.5,968.4,965.85,972.8,964.25,944.85,978.6,961.3,955.3,966.9,967.35,969.35,957.45,963.4,959.95,966.8,970.1,963.15,961.75,963.75,972.45,966.05,962.3,970.6,974.8,989.35,989.45,982.65,975.2,971.7,958.8,967.7,964.8,966.95,967.65,982.35,974.2,980.45,990.1,1010.9,1007.45,1000.75,1006.05,993,993.55,994.65,993.7,1000.7,1005.6,1003.1,991.85,991.5,997.75,998.15,993.45,978.7,1000.25,1003.55,1012.15,1007.1,1002.3,1004.25,1010.8,1012.9,1009.1,1006.1,996,988.8,992.65,997.7,986.95,997.8,984.95,990.15,995.55,1001.8,995.55,994.1,995.6,982.3,982.05,973.4,957.8,951.6,950.6,944.5,954.45,961.25,963.4,966,965.15,965.9,967.8,967.3,967.05,966.85,966.5,976.9,966.9,964.2,957.2,951.05,949.85,945.05,950.3,951,965.25,965.15,973.45,982.5,978.7,977.1,980.9,977,977.15,978.25,994.35,1002.55,1002.95,1007.7,1008.8,994.75,1002.95,1003.55,1007.85,998.15,987.3,992.65,985.25,984.65,982.3,984.5,991.7,989.5,986.65,989.6,996.55,992.45,994.6,1008.85,998.05
HDFCBANK,935,934.05,931.55,929.63,935.88,932.6,916.63,905.35,896.75,885.75,900.5,899.05,895.38,899.13,888.95,886.43,891.38,896.88,874.6,855.25,856.7,847.15,833.9,828.38,815.43,823.3,821.53,826.03,818.38,825.63,821.2,833.03,832.45,824.9,814.9,835.2,838.65,845.75,849.38,839,860.45,868.9,871.93,866.38,857.88,850.7,853.4,848.85,847.43,858.68,861.53,863.6,843.55,846.25,838.55,841.18,850.35,866.2,850.78,855,845,845.6,844.63,843.75,842.75,855.58,853.3,855.2,866.1,872.05,884.38,885.18,900,910.73,903.28,912.68,914.1,883.93,898.45,897.43,908.65,878.85,884.58,882.5,903.38,932.45,939,953.35,963.55,980.85,961.95,958.4,955.6,960.1,954.4,962.5,962.5,968.4,965.85,972.8,964.25,944.85,978.6,961.3,955.3,966.9,967.35,969.35,957.45,963.4,959.95,966.8,970.1,963.15,961.75,963.75,972.45,966.05,962.3,970.6,974.8,989.35,989.45,982.65,975.2,971.7,958.8,967.7,964.8,966.95,967.65,982.35,974.2,980.45,990.1,1010.9,1007.45,1000.75,1006.05,993,993.55,994.65,993.7,1000.7,1005.6,1003.1,991.85,991.5,997.75,998.15,993.45,978.7,1000.25,1003.55,1012.15,1007.1,1002.3,1004.25,1010.8,1012.9,1009.1,1006.1,996,988.8,992.65,997.7,986.95,997.8,984.95,990.15,995.55,1001.8,995.55,994.1,995.6,982.3,982.05,973.4,957.8,951.6,950.6,944.5,954.45,961.25,963.4,966,965.15,965.9,967.8,967.3,967.05,966.85,966.5,976.9,966.9,964.2,957.2,951.05,949.85,945.05,950.3,951,965.25,965.15,973.45,982.5,978.7,977.1,980.9,977,977.15,978.25,994.35,1002.55,1002.95,1007.7,1008.8,994.75,1002.95,1003.55,1007.85,998.15,987.3,992.65,985.25,984.65,982.3,984.5,991.7,989.5,986.65,989.6,996.55,992.45,994.6,1008.85,998.05
FACT,9.85,9.88,9.9,9.89,9.89,9.89,9.9,9.91,9.9,9.92,9.92,9.93,9.93,9.93,9.94,9.92,9.94,9.94,9.94,9.95,9.98,9.95,9.95,9.95,9.97,9.97,9.97,9.97,9.97,9.98,9.97,9.97,9.97,9.97,9.98,9.98,9.98,9.98,9.99,9.98,9.99,10,10,10.01,10.03,10.03,10.03,10.02,10.03,10.05,10.05,10.04,10.03,10.03,10.04,10.04,10.04,10.09,10.09,10.04,10.07,10.12,10.09,10.06,10.07,10.08,10.1,10.1,10.1,10.1,10.1,10.1,10.1,10.1,10.13,10.11,10.16,10.15,10.15,10.19,10.16,10.22,10.17,10.17,10.18,10.2,10.22,10.23,10.22,10.22,10.23,10.24,10.23,10.24,10.26,10.25,10.25,10.25,10.25,10.29,10.3,10.29,10.29,10.27,10.3,10.3,10.3,10.26,10.27,10.27,10.3,10.27,10.31,10.29,10.29,10.29,10.28,10.3,10.31,10.32,10.26,10.31,10.28,10.3,10.29,10.29,10.3,10.3,10.28,10.28,10.28,10.29,10.29,10.29,10.29,10.29,10.28,10.3,10.32,10.31,10.31,10.31,10.31,10.3,10.31,10.31,10.33,10.34,10.4,10.38,10.39,10.34,10.34,10.34,10.4,10.35,10.36,10.38,10.36,10.35,10.37,10.38,10.38,10.38,10.38
HYUNDAI,1826.65,1833.45,1823.4,1798.6,1772,1817.4,1824.25,1795.85,1787.45,1766.2,1752.6,1765.2,1777.8,1792.1,1796.6,1806.1,1799.4,1818.65,1828.65,1801.15,1833,1811.4,1785.55,1787.6,1766.95,1782.05,1795.5,1817.1,1789.1,1782.45,1745.55,1702.5,1705.1,1705.3,1643.75,1624.4,1649.5,1622,1677.55,1799.9,1844.85,1841.35,1825.95,1898.2,1854.85,1835.7,1804.1,1799.2,1806.3,1843.9,1811.05,1875.95,1853.25,1797.9,1794.5,1826.35,1723,1729.9,1695.25,1712.85,1718.1,1717.6,1715.4,1674.5,1663,1653.45,1644.45,1593,1580.15,1615.3,1630.55,1697.6,1759,1740.55,1708.7,1758.15,1707.65,1703.25,1680.4,1652.4,1639,1583.2,1592.15,1592.55,1629.8,1653.9,1636.3,1661.7,1690.2,1703.7,1721.4,1719.1,1667.7,1661.3,1676.6,1707.6,1719.2,1728.2,1740.7,1775.5,1733.1,1734.1,1755.9,1768.5,1799.9,1836,1855.6,1894.5,1883.3,1910,1854.3,1882.1,1889.3,1883.2,1883,1870.3,1847.2,1852.7,1822.3,1829.4,1835.2,1861.1,1952.2,1948.2,1937.1,1956.4,1941.4,1939.4,1945.6,1930.8,1908,2006.2,1999.6,2071.4,2125.9,2126,2191.6,2219.7,2240.7,2123.7,2091.9,2064.1,2101.2,2055.1,2091,2094.8,2103.6,2148.8,2152.3,2135.8,2135.5,2120.3,2133.3,2114.9,2117.1,2094.7,2099.2,2050,2100.7,2086.7,2151.8,2181,2189.2,2190.3,2167.3,2140.2,2120.3,2151.7,2205.1,2246.7,2240.7,2423.4,2581.3,2488.1,2448.7,2366.6,2472.4,2492.4,2441.4,2460.4,2455.6,2456.9,2515.1,2479.3,2541.7,2557.4,2532.3,2501.5,2507.8,2560.7,2549.6,2603.1,2650.9,2720.8,2809.3,2721.7,2721.5,2755.7,2736.9,2639.2,2642,2584.4,2537.2,2507.6,2480.8,2454.4,2473.8,2408.8,2405.2,2383.9,2411.9,2419.6,2358.2,2346.8,2323.2,2343,2292.4,2266.7,2273,2298.7,2357.7,2413.7,2438.7,2427.4,2395.1,2353.4,2326.2,2356.2,2356,2395,2415.2,2356.1,2378.6,2389.8,2421.1,2337.3,2335.9
CASTROLIND,222.78,217.25,214.52,209.63,210.98,208.44,206.79,202.01,203.12,200.64,196.11,198.29,196.78,195.64,192.79,197.42,203.72,203.25,202.16,194.9,195.83,201.03,198.34,190.25,179.7,182.77,182.71,183.99,184.87,186.2,182.63,178.43,179.24,174.89,169.54,169.31,175.49,174.93,177.38,176.47,187.89,194.04,210.1,209.8,210.46,207.43,207.14,206.82,196.6,208.12,207.55,207.68,213.96,215.42,214.47,217.32,218.47,212.63,217.34,222.04,222.33,245.88,240.67,234.81,241.37,239.92,231.08,222.03,218.78,216.39,217.47,219.29,208.49,205.68,208.97,202.96,206.86,202.79,200.94,203.28,198.57,193.52,196.16,199.33,203.9,206.03,202.12,206.04,208.27,208.45,208.67,202.98,209.51,203.21,197.73,199.15,203.96,199.79,198.73,198.96,199.84,204.28,205.14,206.3,207.95,211.3,210.83,207.38,208.71,209.31,208.16,207.95,206.96,206.54,218.24,216.22,216.15,217.47,217.38,218.9,216.85,220.43,223.13,219.66,214.94,211.71,212.65,210.78,208.02,205.56,207.28,207.63,209.91,211.3,214.19,217.02,221.73,224.71,225.74,221.96,220.86,222.28,217.98,223.25,220.92,219.89,222.79,225.55,223.46,223.67,221.5,219.83,220.24,228.66,228,222.24,218.57,222.45,220.28,218.11,218.41,219.56,222.02,213.27,214.7,213.03,210.59,209.81,208.11,205.28,206.11,206.75,208.87,208.68,206.24,207.41,200.88,201.55,197.23,199.33,200.5,198.53,199.37,197.77,197.43,197.39,198.87,199.84,197.34,199.46,202.9,205.01,203.5,202.61,202.79,203.17,202.74,200.26,195.68,195.57,199.64,201.03,202.65,202.86,202.28,200.65,199.83,200.51,199.99,198.53,203.9,199.91,198.96,200.06,200.46,200.3,199.49,197.69,198.07,197.9,196.23,195.01,196.21,193.71,190.36,191.1,191.12,191.57,190.21,192.25,192.5,193.47,191.23,190.87,190.68,189.02,194.01
KPRMILL,1004.05,1021.95,1017.85,1018.4,1080.35,1097.95,1073.25,1128.5,1145.3,1150.3,1074.05,1052.8,1032.7,1015,998.6,994.2,989.05,1015.3,1023.25,1003.65,1017.3,988.6,968.3,961.65,942.4,941.7,960.7,972.05,968.5,998.05,963.55,955,949.7,933.2,888.5,883.4,929.45,920.15,932,928.75,929.2,930.15,924.55,894.15,890.35,873,880.8,875.25,839.3,834.65,828.85,829.8,828.85,810.8,814.85,810.5,817.15,801.6,786.65,814.8,852.95,878.75,865.5,864.9,886.4,898.45,897.55,896.35,905.7,919.7,934.45,939.45,944.6,946,930.85,906.5,892.75,960.35,986.65,956.4,907.2,926.65,925.3,974.85,1020.95,1033.85,1066.25,1069.15,1060.65,1073.3,1034.5,1022.95,1026,1025.6,997.25,1029.95,1029.95,1019.1,1101.2,1188.85,1306.25,1181.75,1147.15,1155.9,1142.65,1175.9,1213.55,1230.3,1195.05,1181.85,1142.85,1151.95,1156.4,1147.6,1149.3,1126.5,1125.9,1120.3,1133.9,1143,1130.6,1118.4,1123,1126.1,1108.7,1094.8,1098.1,1105.6,1114.3,1113.9,1096.2,1128.2,1127.4,1127.6,1117,1141.6,1141,1107.8,1109.4,1150.2,1189.6,1158.3,1209.6,1205.2,1201.1,1200.2,1188.3,1182.3,1205.5,1197.9,1180.3,1189.4,1201.3,1239.9,1243,1183.8,1179.2,1150.6,1178.4,1140,1067.2,1049.7,1061.5,1038.8,1016.4,984.8,993,955.6,968.6,949.6,997.7,997.8,1021.8,1020.8,1027.1,1020.5,980,982.1,986.4,985,997,996.45,991.5,989.2,1008.35,996.55,996.2,996.1,1010.9,1047,1090.65,1107.2,1118.45,1133.45,1138.4,1119.3,1102.7,1081.5,1070.9,1103.4,1064.85,1053.2,1070.8,1065.1,1038,1014.4,1004.4,1004.3,991.3,1010.6,1017.4,1045.5,1037.7,1026.5,1023.4,1082.6,1043.9,1061.4,1069.5,1080.2,1087.1,1069.4,1076.7,1056.2,1080.6,1070.9,1043.6,1094.2,1089.3,1089.7,1078.4,1086.3,1121.6,1109.7,1094.7,1087.9,1107.9
BIOCON,369.6,369.2,367.85,356.7,352.8,353.7,350.95,348.05,350.35,335.95,329.55,344.5,346.45,352.55,367.7,365.35,368.8,373.25,369.25,358.1,382.35,371.2,370.7,360.95,365.2,387.65,382.05,393.15,393.7,401.55,390.55,388.05,397.3,388.25,370.25,359.9,355.7,357,362.55,364.45,371.05,390.25,396.95,386.8,377.15,362,355.95,359.3,349.35,347.55,338.2,336.8,336,322.5,320.85,321.2,311.85,302.45,305.05,314.8,324.85,333,333.7,328.15,328.9,325.1,323.05,336.35,341.9,341.1,344.1,349.3,348.15,348.3,345.55,341.7,339.1,342.05,345.75,327.8,307.5,322.3,306.3,316.55,328.85,329.15,331.3,331.9,333.8,335.7,326.75,311.85,320.85,318.85,321.8,318.9,335.9,341.45,346.5,334.6,329.9,328.15,329.85,338.2,338.6,339.4,341.6,332.5,340.65,333.1,330.75,332.35,335.05,334.35,335.6,335.85,334,337.2,336.4,330.6,330.05,338.15,341.2,354.45,352.25,355.4,357.25,352.65,342,348.6,351.35,352.2,349.2,351.4,350.5,354.4,355.7,362.5,368.55,374.45,380.05,372.1,369.35,373.55,372.4,374.2,379.1,390.45,394.65,397,398.75,394.65,387.2,396.95,397.6,394.15,387.45,398.15,397.3,391.4,383.1,382.4,372.35,360.4,364.2,343.35,342.1,354.9,360.25,359.25,364.3,363.85,359.45,357.75,359.5,359.95,358.3,353.25,348.35,352.55,356.1,361.55,356.85,363.7,364.15,364.5,364.2,364.05,365.2,358.25,360.2,354.35,368.4,369.2,362.15,359.5,358.95,355.95,338.9,340.15,341,346.45,352.25,347.75,347.8,349,352.5,353.45,349.4,351.85,356.4,358.2,356.15,364.3,366.1,362.3,359.5,360.45,365.75,373.7,376.6,372.1,377.15,380.5,385.2,380.4,382.15,385.1,405.9,417,411.15,420.95,421.6,410.1,395.15,396.85,395.25
FSL,17.03,17.04,17.01,17.01,17.05,17.03,17.08,17,16.91,16.91,16.96,16.9,16.95,16.96,16.96,16.99,16.95,17,17.01,17,17.03,17.02,16.93,16.92,16.87,16.9,16.96,16.88,16.87,16.89,16.93,16.94,16.9,16.91,16.87,16.88,16.89,16.88,16.8,16.77,16.8,16.77,16.81,16.73,16.82,16.73,16.73,16.76,16.76,16.81,16.77,16.63,16.56,16.31,16.33,16.34,16.41,16.49,16.57,16.5,16.53,16.65,16.67,16.67,16.57,16.61,16.61,16.62,16.63,16.7,16.7,16.71,16.7,16.69,16.69,16.71,16.71,16.73,16.63,16.65,16.65,16.67,16.67,16.66,16.69,16.69,16.7,16.71,16.71,16.71,16.62,16.67,16.73,16.66,16.69,16.71,16.71,16.7,16.72,16.72,16.72,16.71,16.7,16.71,16.62,16.62,16.64,16.66,16.64,16.64,16.66,16.67,16.67,16.65,16.67,16.68,16.69,16.6,16.6,16.58,16.6,16.62,16.61,16.63,16.63,16.62,16.62,16.64,16.64,16.65,16.64,16.6,16.61,16.53,16.51,16.55,16.55,16.53,16.52,16.47,16.47,16.52,16.51,16.56,16.56,16.48,16.5,16.5,16.5,16.52,16.54,16.54,16.54,16.53,16.53,16.53,16.52,16.56,16.56,16.55,16.51,16.52,16.52
MFSL,1186.15,1165.25,1144.9,1127.1,1127.85,1151.2,1145.5,1142.4,1133.9,1109.2,1100.7,1103.9,1114.2,1106.1,1114.25,1113.9,1102.55,1122.8,1109.8,1092.3,1111.45,1088.9,1089.95,1077.65,1068.9,1051.4,1034.65,1063.15,1088.3,1075.85,1053.1,1038.75,1056.4,1040.3,1040.5,1043.4,1073.85,1081.6,1115.75,1083.45,1100.85,1118.5,1108,1112.55,1090.9,1060.3,1090.8,1079.85,1057.85,1065.65,1062.05,1047.15,1046.25,1052.2,1036.3,1015.8,1026.1,998.1,986.5,1003.3,1014.55,1025.4,1036.6,1039.9,1086,1061.8,1052.55,1051,1075.8,1102.2,1121.5,1140.05,1157.35,1138.45,1117.6,1147.3,1147.7,1141.75,1144.3,1147.8,1165.05,1128.45,1132.35,1164.55,1163.3,1195.3,1209.7,1218,1237.4,1236,1241,1247.7,1266.4,1283.1,1306.8,1305,1303.3,1283.2,1269.2,1289.8,1271.2,1268.2,1293,1290.1,1338.2,1358.4,1355.2,1390.9,1377.4,1396.7,1414,1470,1476.5,1484.1,1503.5,1489.6,1502.7,1522.3,1513.2,1505.5,1504.2,1508.1,1524.5,1522.9,1536.1,1514.4,1526,1577,1585.8,1586.6,1576.3,1595.3,1599.9,1618.4,1627.8,1634.3,1641.1,1647.1,1653.9,1644,1618.9,1589.9,1568.5,1572,1563.7,1582.8,1567.2,1578.5,1582.8,1569.3,1537.6,1539.1,1541.7,1562.4,1549.7,1525.8,1526.7,1527.5,1504.9,1508.2,1501.4,1472.5,1481.6,1475.4,1489.7,1504.9,1551.5,1556.4,1588.4,1588,1598.3,1640.2,1637.3,1643.6,1659.2,1638.7,1651.2,1622.8,1608.7,1602.2,1629.2,1623.9,1617.4,1566,1577.4,1583.8,1597.5,1609.4,1605.4,1586.7,1581.2,1564.1,1538,1555.4,1561.7,1556.7,1584.5,1584.9,1565.6,1545.6,1559.8,1575.9,1621.9,1604.1,1605.4,1587.1,1568.7,1596.2,1581.7,1607.5,1611.1,1609.1,1552.4,1547.6,1533.3,1540.8,1531.8,1518,1513.6,1524.1,1518.8,1556.2,1546.5,1559.9,1592.4,1584.2,1618.1,1619.1,1635.5,1718.8,1707.4,1673.4,1698.3,1679.8,1668,1692.6,1661.5
BANDHANBNK,174.55,175.45,174.42,170.51,169.73,169.83,163.87,163.95,163.17,159.05,164.38,166.54,161.47,160.79,159,159.06,159.93,160.93,157.68,151.61,154.98,151.72,148.91,143.96,137.67,147.94,148.28,151.17,151.24,152.44,150.28,151.51,151.14,148.83,149.5,151.12,150.34,148.25,151.38,147.56,151.01,153.96,152.28,152.37,148.91,144.41,142.43,140.29,135.38,132.82,130.31,133.48,136.49,139.38,139.08,135.34,136.89,141.19,140.23,147.35,147.43,149.3,149.93,147.97,140.11,141.55,139.84,138.23,140.68,141.27,141.52,144.96,147.37,147.78,148.56,148.02,146.28,149.48,151.53,156.6,153.05,144.96,150,146.86,149.68,154.07,158.41,158.79,167.94,168.54,170.59,170.73,165.45,164.26,167.9,165.62,161.74,164.4,157.45,159.56,157.19,156.26,163.57,162.38,167.03,168.99,170.09,170.55,164.9,168.22,165.6,165.46,165.62,168.95,169.21,170.93,170.19,172.75,170.02,169.02,166.86,173.55,186.24,181.09,182.47,177.68,175.19,178.46,175.01,180.75,178.25,180.05,180.21,180.22,181.99,185.06,185.61,189.64,187.19,187.88,183.93,179.98,177.49,174.7,178.02,178.26,175.59,175.14,180.15,183.68,185.19,187.02,182.25,180.94,181.43,184.15,178.19,175.03,173.44,168.27,168.08,163.42,168.03,165.89,164.54,166.13,165.19,166.06,166.7,165.7,163.38,167.15,174.01,174.28,176.82,173.23,171.45,165.86,162.93,161.8,161.34,162.04,164.73,162.48,163.34,164.54,163.46,166.8,166.59,164.87,162.14,162.67,164.28,166.91,167.08,163.19,162.09,158.47,157.27,155.02,162.18,162.21,163.54,165.96,164.79,164.47,160.74,163.3,169.32,168.48,162.59,163.2,161.56,160.98,166.99,165.99,171.31,170,172.04,175.62,172.23,170.58,156.56,157.6,156.16,152.93,153.71,152.5,150.94,155.85,154.13,154.59,154.78,153.16,152.88,151.22,149.11
GUJGASLTD,508.15,511.95,518.4,509,508.3,519.65,507.55,503.1,505.85,499.8,498.7,505.85,509,502.8,498.1,498.7,503.95,508.25,514.15,509,507.9,500.85,498.8,486.05,471.05,487.05,490.9,489.2,500,499.9,499.25,495.05,503.25,494.75,483.95,466.6,469.7,478.8,486,461.4,467.55,478.2,470.3,460.8,443.65,421.25,405.25,402.85,393.5,391.45,392.75,395.15,400.55,405.3,406.65,394.4,379.85,370.35,372,370.2,385.75,393.6,389,383.8,382,385.55,387.55,382.85,393.3,402.45,413.25,416,410.65,404.7,410.4,412.35,409.8,407.65,412.95,396.8,389.7,399.5,404.3,428.3,432.4,429.25,445.3,450.05,454.15,451.35,458.9,451.2,454.8,468.45,453.5,452.4,469.45,455.45,458.2,448.15,452.25,463.95,463.85,476.3,473.65,469.45,467.15,458.7,464,462.95,462.05,461.45,459.9,460.55,462.3,460.05,462.35,466.3,473.85,476.15,480,481.65,480.7,484.45,477.2,469.65,478.3,477,463.9,453.85,449.25,451.45,449.65,456.95,461.25,470.7,474.8,480.2,499.4,495.15,489.25,484.9,474.3,478.2,473.3,467.3,463.15,464.7,474.65,477,471.15,467,471.8,476.35,474.55,460.3,452.95,451.85,448.5,440.5,427.55,421.05,423.85,428.95,424.65,430.05,429.2,425.3,424.25,422.25,427.2,434.8,432.2,435.15,432.05,431.8,425.35,419.1,419.45,441.85,437.05,442.35,442.55,433.95,430.35,429.15,434.5,437.85,431.05,433.9,442.85,441.45,438.45,434.95,429.15,432.95,434.2,431.95,424.05,425.3,429.55,435.1,436.65,431.85,430.6,429.8,428.05,429.65,426.85,426.35,426.05,419.9,420.3,412.8,417.35,413.95,415.85,412.6,405.8,410.8,411.65,407.4,410.5,407.2,400.95,399.25,403.45,404.2,408.05,410,403.4,409.8,405.3,402.5,402.05,398.75,401.55
REDINGTON,207.48,206.38,213.96,209.7,210.69,214.43,209.4,207.73,207.73,205.68,205.92,208.73,207.02,202.44,187.93,200.07,199.73,201.42,201.66,195.27,205.39,202.29,203.25,204.1,204.77,201.78,206.73,216.38,209.17,222.03,218.94,218.51,228.22,223.28,224.26,202.9,206.26,211.61,206.23,203.6,202.45,214.34,228,231.8,241.96,231.49,229.04,244.55,245.26,242.91,227.8,248.06,249.46,251.51,250.25,248.86,251.03,224.32,232.22,228.54,246.99,247.32,251.11,244.87,236.94,234.43,224.6,227.07,226.68,227.45,250.18,242.92,243.97,238.2,243.58,242.95,229.71,230.47,228.26,214.39,203.42,201.24,204.72,215.48,224.68,226.37,223.55,229.08,223.8,238.09,245.28,245.44,249.64,248.4,245.71,251.8,248.59,250.15,252.18,247.5,259.35,260.94,272.52,277.97,279.29,280.16,280.17,282.65,289.88,274.88,271.77,266.76,261.04,267.62,264.67,258.67,269.8,268.85,267.15,276.95,282.7,285.75,292.7,287,299.25,295.35,297,295.4,296.45,299.25,293.2,289.7,299.4,306.95,296.9,322.05,325.35,329.7,312,312.35,312,310.2,307.75,300.95,297.55,299.8,307.95,309.6,307,308.55,310.75,303.75,311.9,311.15,303.5,294.2,286.1,287.9,265.45,250.2,249.45,251.9,253,239.2,242.85,241.1,242.7,235.8,240.15,237.1,239.85,243.65,246.45,242.2,243.3,243.4,233.5,235.15,240.85,243.89,240.81,237.28,242.5,236.81,242.81,243.29,244.17,242.11,243.8,241.42,289.3,292.18,288.14,299.73,290.2,285.03,274.06,268.83,264.83,291.24,283.43,279,279.85,276.9,274.75,274.15,268.6,290.1,279.4,273,276.6,271.7,268.9,267.2,268.5,265.4,264.05,261.95,261.35,263.05,258.6,253.75,252.9,250.25,289.95,292,287.5,288.3,294.8,296.5,294.7,296.4,290.4,293.95,295.05,284.8,291
GNFC,622.4,628.55,624.7,618.55,619.35,619.55,612.8,605.05,600,583.8,580.25,582.5,575.5,571.55,553.6,559,565.95,574.35,567,537.4,554.45,557.3,569.95,546.4,521.25,535.15,533.3,551.15,563.15,561.2,556.1,549.25,560.9,556.45,535.45,524.25,548.55,545.6,554.45,556.55,577,579.55,575.55,576.65,574,561.55,559.45,571.7,551.8,557.1,545.25,545.25,551.15,543.65,543.75,543.9,489.4,468.85,470.55,485.7,495.05,500.3,502.45,501.85,493.8,491.1,482.4,473.15,481.25,485.7,496,491,498.5,492,496.05,504.85,496.45,494.25,500.4,504.3,491.45,469.6,480.3,476.2,480.8,491.25,495.6,507.1,507.65,514.3,505.6,510.1,487.6,495.2,497.8,486.35,486.55,486.6,490.35,492.75,480.1,466.35,486.8,485.45,498.05,505.2,510.45,515.25,505.65,498.85,509.2,513.4,546.4,547.85,547.15,544.4,535.45,535.4,551.35,548.65,546.15,547,553.7,552.1,552.5,541.45,536,539.25,539.75,531.35,519.35,522.85,528.55,538.15,553.65,550.05,546.2,553,568.9,561.1,558.8,558.35,552.15,555.25,550.2,545.85,539.1,535.6,551.1,548.7,547.55,545.85,546.55,545.5,552.9,551.4,538.4,531.35,540,546.2,540.8,535.05,539.75,545.75,544.95,503.25,498.25,498.5,503.1,506.6,501.6,508.2,518.9,528.7,532.55,531.55,530.25,526.35,520.9,522.75,537.45,519.9,519,514.8,504.45,504.55,505.45,507.1,506.75,505.45,506,507.9,507.75,516.2,513,506.7,503.65,501.25,502.25,497.3,494.5,491,496.2,502.3,496.45,496.8,494.6,496.9,498,498.25,490.5,501.85,501.35,496.7,497.65,499,501.35,497.4,499.45,509.3,508.75,508.25,502.95,506.35,496.3,490.3,490.65,492.3,493.35,519.45,516.35,504.5,500.95,497.7,493.85,491.75,492.3
TTML,82.79,80.7,80.84,85.39,85.31,82.47,80.87,82.87,80.73,77.85,76.9,77.47,75.96,76.42,74.49,75.49,77.44,78,79.42,74.12,75.45,74.25,72.9,69.46,66.05,69.65,69.78,71.37,71.04,82.73,78.1,75.91,76.22,74.29,69.45,68.8,70.84,70.62,71.79,71.13,71.32,74.74,73.23,72.04,72.66,70.35,68.72,68.65,66.47,63.74,63.62,65.75,65.72,65.37,63.56,63.97,63.17,59.52,56.16,56,59.68,59.87,60.73,61.11,60.03,61.16,60.85,60.25,61.24,61.1,61.56,61.72,59.59,57.57,58.42,56.29,59.63,58.95,59.94,57.84,54.47,56.27,55.1,56.63,58.46,60.24,59.58,60.7,61.3,61.18,61.14,58.83,58.31,58.37,56.82,55.68,57.8,56,55.61,54.91,53.92,57.3,57.5,58.65,59.31,60.62,60.27,58.23,69.09,76.68,76.72,74.87,75.01,74.36,74.2,72.91,73.51,72.48,72.41,72.33,71.12,71.84,71.49,75.85,76.9,71.6,71.81,68.77,66.52,63.96,63.62,63.53,63.62,66.8,67.3,67.02,66.09,66.09,65.9,66.09,65.79,65.12,65.33,64.72,65.14,64.22,64.51,64.46,64.24,64.05,62.57,62.78,62.64,63.59,62.96,61.55,60.42,60.53,59.64,59.15,58.76,58.47,57.81,57.1,57.13,57.56,57.7,59.14,58.82,58.16,58.7,59.2,58.89,58.54,59.04,58.14,57.14,56.22,56.1,55.96,58.75,57.95,57.06,57.49,57.12,56.99,57.08,57.18,57.08,57.74,58.79,58.33,57.8,57.7,57.24,56.89,56.52,55.82,55.57,54.95,55.02,55.14,56.53,57.22,58.68,57.48,56.47,57.7,57.12,55.86,56.19,56.1,55.47,55.08,56.01,55.03,54.75,55.36,55.22,55.32,54.84,54.58,56.01,55.5,54.55,54.45,53.98,54.01,54.38,53.98,54.02,53.69,52.49,51.92,51.48,50.91,50.66
TEJASNET,1337.15,1320,1318.15,1305.35,1326.95,1307.15,1290.3,1256,1254.75,1217.55,1187.75,1227.55,1201.2,1199.6,1175.4,1185.7,1181.1,1212.85,1195.6,1133.5,1166.9,1147.55,1103.9,1061.65,988.15,1056.95,1046.45,1050.6,1059.4,1133.15,1069.8,1096.65,1096.25,993.75,895.5,856.7,886.1,866,916.15,852,879.85,891.05,872,868.7,857.4,824.3,821.4,827.85,780.2,780.7,768.75,802.6,821.9,799.15,760.35,761.8,740.55,710.7,719.9,732.05,735.85,735.15,736.45,702,686.8,676.1,659.75,658,673.2,710.4,710.5,799.9,822.85,797.55,748.65,776.4,760.45,791.7,803,876.35,842.65,796.2,820.15,807.55,837.8,860.8,863.25,857.5,856.7,888.85,886.9,885.85,858.95,747.85,729.4,702.3,704.95,692.85,700.75,690.7,685.3,678.3,702.35,713.4,710.05,702.8,740.6,741.65,723.6,746.3,742.65,741.45,740.5,739.05,733.25,727,717.95,711.35,704.2,706.7,715.05,726.7,722.5,715.25,714.6,703,704.45,692.25,697.7,698,682.65,701.5,695.95,701.1,697.45,718.2,718.45,714.6,708,708.95,706.6,705.45,700.85,697.85,695.9,701.65,693.65,698.4,653.2,653.65,647.5,638.7,630.1,625.8,615.55,622,601.3,576.9,591.25,588.5,583.55,575.55,580.85,578.5,569.95,570.3,556.65,563,550.95,550.85,554.8,571.35,586.9,580.6,620.05,621.15,609.4,601.05,589.85,583.55,587.2,585.8,612.4,598.55,588.25,591.6,587.65,591,590.85,592.75,594.45,615.35,619.05,615.35,610.95,599.85,596.6,589.15,582.85,588.8,593.85,585.4,582.35,590.7,601.55,592.5,588.7,594.95,600.3,593.1,585.05,585.4,591.15,589.7,539.7,548.65,539.65,538.7,544.2,543.85,542.25,536.2,533.5,535.2,541.7,529.5,522.3,505.95,506.5,549.15,525.6,521.15,521,514.4,511.6,509.6,503.15
SJVN,122.27,119.39,120.19,118.43,118.06,117.31,118.03,115.7,114.27,111.54,109.77,109.93,108.87,107.46,103.5,104.41,110.85,109.35,109.09,102.85,104.24,103.01,100.68,96.92,90.6,94.04,94.73,97.26,100.76,101.53,98.9,95.73,98.26,95.46,91.13,89.95,91.4,94.64,97.51,93.99,95.6,96.42,97.39,95.39,94.3,90.82,90.19,92.57,89.75,88.62,89.51,89.98,93.92,92.99,90.78,89.53,87.98,84.11,82,82.9,86.58,87.45,87.76,85.8,86.08,86.34,85.42,85.32,87.86,91.71,91.07,95.23,96.93,93.5,91.53,92.38,91.59,91.29,93.32,95.77,92.42,88.91,90.6,90.03,91.43,94.11,95.03,94.18,95.87,99.1,100.01,98.77,96.64,98.01,96.77,94.03,93.37,94.13,90.22,91.85,89.35,88.91,96.48,95.92,98.69,98.35,104.2,105.14,101.55,101.05,101.04,100.36,101.97,102.73,102.62,102.16,96.3,97.63,96.94,98.71,102.5,103.73,103.37,104.05,103.16,99.96,98.45,99.18,97.5,96.06,93.36,96.97,98.17,98.49,100.79,100,99.6,100.53,100.45,98.89,98.28,98.45,98.6,99.18,98.3,97.61,97.83,98.31,99.03,99.08,99.05,98.87,99.09,99.01,98.78,98.79,95.19,94.63,96.16,96.82,93.62,92.35,93.09,93.35,92.16,93.31,92.1,93.01,97.99,93.45,91.96,92.68,94.88,97.57,97.35,99.54,99.37,99.23,96.17,93.66,94.13,93.89,93.97,92.33,92.67,92.87,92.51,93.31,93.58,93.05,93.92,94.46,94.39,93.93,94.45,93.82,92.7,92.44,92,91.05,90.03,90.32,90.95,91.47,90.75,90.51,89.92,89.87,90.1,90.04,88.54,89.35,88.97,90.06,89.22,89.79,89.26,88.98,88.07,88.16,88.92,88.3,88.03,88.01,87.31,85.93,84.85,84.23,82.24,82.74,82.13,83.44,83.38,82.13,82.05,81.84,81.03
DEEPAKNTR,2674.3,2729.2,2736.8,2679.6,2679.85,2692.25,2662.65,2633.4,2638.7,2596.85,2594.8,2601.9,2571.25,2579.75,2513.6,2494.3,2498.05,2515.2,2452.7,2421,2459.75,2436.65,2458.5,2418.75,2327.85,2340.85,2361.1,2365.9,2358.75,2360,2349.2,2315.5,2369.3,2292.55,2216.05,2193.85,2276.85,2272.85,2325.6,2330.25,2342.05,2351.55,2379.9,2350.95,2288.35,2211.4,2203.05,2238.25,1900.5,1898.5,1899.25,1912.85,1965.6,1932.75,1948.45,1923.35,1884.45,1851.3,1851.4,1857.8,1937.35,1957.4,1989,1944.2,1960.1,1957.3,1948.6,1979.95,1992.85,2025.4,2031.3,2057.8,2090.9,2037.5,2016.7,1991.15,1983.6,1982.3,2032.95,2004.6,1928.95,1823.7,1828.2,1807.35,1932.85,1933.9,1970.5,1959.8,2019.7,2029.4,2013.7,2003,1961.3,1978,1987.4,1935.6,1989.6,2019.9,1955.1,1986.4,1904.2,1908.1,1981.1,1948.2,1980.1,2049.4,2110.9,2118.5,2077.7,2090.2,2070.8,2069.2,2045.2,2037.8,2000.1,2100.4,2027.3,1994.7,2019.4,1988.1,1980.6,1940.6,1952,1955.6,1962.1,1930.3,1909.9,1908.4,1904,1911.3,1879.4,1894.6,1878.6,1898.3,1944.7,1969.4,1984.6,1987.1,1959.2,1994.9,1971.1,1963.2,1980,1979,1980.7,1983.8,1988.1,1964.6,1975.6,1959.4,1960.2,1948.9,1936.6,1927.8,1927,1922.8,1902.6,1857.2,1865.3,1888.6,1840.4,1819.8,1817.5,1825,1812.5,1824.1,1805.8,1845.6,1864.1,1873.3,1856.6,1810.5,1813.6,1814.7,1810.8,1805.2,1830.2,1843.6,1809.7,1787.9,1788.9,1758.8,1762.3,1749.4,1749.5,1745.3,1739.1,1737.8,1749.4,1749.6,1746.6,1787.3,1844.9,1814.9,1805.7,1811.3,1821.1,1869.4,1861.9,1848.4,1833.6,1835.1,1841.5,1851.8,1843.8,1802,1795.3,1780.8,1789.3,1772.4,1759.8,1768.5,1775.4,1770.2,1758.7,1770.6,1765.8,1757.1,1747.8,1751.6,1747.8,1740,1728.4,1736.4,1751.9,1732.5,1720.6,1721.2,1725.2,1726,1722.1,1741,1730.3,1706.5,1711.4,1704.3,1691.8
ONGC,258.9,256.9,256.6,254.05,254.25,251.8,247.4,244.15,241.85,237.1,240.85,238.95,240.25,236.9,232.65,239.25,236.95,246.07,258.89,254.36,263.49,271.33,263.18,263.02,255.73,260.37,258.18,263.18,266.57,269.36,265.8,264.05,263.05,256.51,250.78,248.68,251.4,256.72,262.61,249,254.1,261.65,256.15,248.9,242.45,238.95,237.4,234.95,230.5,233.65,236.6,238.3,241.9,239.9,234.35,233,231,225.25,225.13,226.76,228.94,232.6,232.89,223.19,226.72,224.4,225.43,229.74,232.12,232.57,235.59,242.42,243.83,242.25,239.72,242.17,246.38,248.07,250.64,243.31,226.01,219.84,226.66,221.94,230.37,232.69,241.22,243.49,249.78,247.78,252.17,249.37,246.33,250.6,245.68,244.45,243.42,239.2,237,238.67,233.22,234.96,244.02,241.16,246.01,247.61,247.27,246.58,249.26,248.68,241.67,244.24,245.94,244.54,242.67,243.04,239.4,238.31,237.27,238.05,237.77,240.06,242.8,244.68,247.32,247.88,251.51,256.79,252.31,250.36,251.56,251.89,251.38,243.92,241.91,244.73,242.83,244.21,243.37,241.07,244.05,245.24,241.52,243.24,243.35,243.09,241.76,244.22,243.67,242.85,243.87,246.31,245.04,246.41,245.55,244.83,240.29,240.02,241.44,241.81,241,236.79,234.83,234.48,233.77,233.93,233.44,233.79,235.52,238.67,236.94,238.16,237.94,237.93,238.29,236.29,236.76,234.19,233.39,233.71,238.72,239.49,239.07,235.72,234.13,232.53,231.33,231.74,233.76,233.25,232.26,235.09,236.88,235.59,236.69,237.47,236.66,238.52,239.67,238.02,239.98,239.5,243.04,243.66,245.86,245.32,241.81,243.39,246.34,244.09,244.69,247.72,248.35,247.69,248.74,248.12,252.31,254.96,253.27,250.54,255.64,254.53,255.37,257.55,252.35,251.5,252.2,251.4,249.45,253.85,250.85,247.6,248.05,246.95,249,248.05,246.95
ZEEL,141.29,139.67,138.05,134.67,132.95,135.69,135.81,131.7,130.44,125.13,125.62,126.14,124.85,124.71,122.1,121.29,123.07,123.97,125.51,122.56,129.5,133.77,132.74,125.2,119.19,124.54,122.49,122.73,121.4,120.95,120.6,117.96,120.75,116.31,108.54,103.66,106.16,104.44,105.59,106.59,107.8,109.88,108.49,109.46,104.92,100.24,99.76,99.94,96.57,96.75,98.34,99.02,100.56,97.82,96.29,99.77,97.15,93.09,90.17,92.54,98.41,98.18,103.97,107.49,106,104.65,100.16,102.95,100.29,103.17,106.34,105.39,102.78,100.49,101.65,98.34,101.6,102.12,107.39,104.72,97.05,107.93,104.01,103.85,107.95,112.62,114.29,118.75,115.53,114.59,113.95,108.23,109.55,106.22,106.35,106.18,108.69,106.12,109.62,111.16,115.8,117.14,123.15,123.91,126.93,129.67,128.53,122.91,124.05,127.29,128.1,127.56,126.72,128.36,128.11,130.42,127.95,130.59,127.97,127.74,126.59,127.42,131.05,132.55,134.54,137.31,137.91,137.21,133.79,127.59,133.08,149.66,143.58,146.41,143.77,144.34,146.25,141.99,141.01,143.94,147.38,144.93,145.84,141.79,141.9,137.36,142.96,143.22,144.16,142.34,141.58,141.84,133.78,128.62,129.38,123.7,118.6,118.71,116.66,118.19,116.32,119.2,116.72,112.33,114.67,112.79,113.14,113.28,116.86,116.25,116.14,117.99,117.6,117.11,123.58,120.36,118.23,118.21,116.04,113.96,115.32,116.28,114.71,115.9,116.09,115.06,114.35,116.68,116.3,115.15,115.49,116.12,115.64,116.45,119.91,118.14,116.09,114.81,112.59,112.67,112.37,114.21,113.9,112.85,112.39,109.15,109.85,111.42,110.55,109.16,109.92,109.31,105.37,103.94,104.51,105.73,104.77,103.14,102.84,103.83,101.9,100.58,100.59,101.95,99.81,98.8,97.58,98.78,103.41,100.14,100.48,100.09,99.64,99.01,98.37,98.06,98.25
M&MFIN,271.61,276.86,275.41,272.34,267.33,269.28,262.22,262.03,264.7,258.86,257.99,256.92,258.43,259.79,256.97,257.79,258.38,268.25,268.98,263.68,269.66,271.22,272.19,268.11,256.09,259.59,260.62,262.56,261.3,260.42,258.09,258.67,268.01,260.81,252.73,264.65,262.71,269.18,277.25,283.97,289.76,290.39,289.03,289.66,288.35,273.95,268.59,274.97,263.92,269.37,265.43,270.88,272.92,263.15,264.02,263.68,274.29,263.29,263.1,259.35,268.55,271.56,267.23,264.8,261.35,262.95,264.02,268.06,274.43,279.39,279.88,283.48,285.18,281.39,279.44,282.26,275.36,268.89,261.39,258.04,255.22,245.88,251.81,250.64,255.99,260.81,265.29,268.06,268.35,269.66,262.61,261.35,257.45,254.53,254.24,254.97,254.1,257.36,251.47,253.95,247.97,237.65,249.91,249.38,259.65,265.35,266.95,264.9,257.7,260.25,256.1,256.1,256.5,258.2,262.8,263.1,261.1,259.85,264,262.35,262.65,275.55,283.65,281.15,281,274.25,270.5,273.4,269.3,266.35,261,262.6,261.15,269,266.4,269,272.75,269.95,267.15,261.75,266.5,266.45,268.1,269.85,270.3,267.6,265.8,268.15,265.85,264.15,261.65,259.85,262.85,265.55,259.2,259.15,253.4,249.05,251.95,257.65,257.5,258.5,258.45,256.45,253.35,253.6,252.5,254.95,256.95,258.85,255.1,266.4,263,267.25,260.75,263,266.05,260.5,259.1,253.95,257.5,260.7,259.7,262.9,269.3,268.95,269.25,271.5,271.35,270.1,278.55,282,285.95,289.55,290.25,282.8,282.15,279.6,279.75,272.95,275.3,273.4,275.75,284.15,282.5,277.15,281.35,282.1,284.3,287.45,293.85,293.3,300.1,296.85,300.25,298.2,298.15,299.1,299.9,317.45,315.7,315.55,318.6,318.6,311.9,313.25,313.5,317.75,309.35,309.85,308.65,314.2,322.9,329.85,346.6,342.55,357.55
MARUTI,11279.8,11198.2,11277.75,11167.4,11272.55,11277,11108.55,11002.45,10955.35,10901.05,10822,10736.6,10896,10941.05,10798.95,10858.4,11208.3,11841.3,11934.25,11755.65,11721.3,11822,11740.55,11631.1,11497.7,11741.15,11947.4,12092.3,12136.35,12020.05,11883.7,12020.35,12045.75,11967.9,11993.85,12123.75,11977.9,12000,12310.65,13139.95,13109.95,13086.8,13074,13049.5,12900.75,12724.35,12655.55,12671.3,12680.25,12762.9,12786.2,12686.15,12440.65,12323.45,12345.2,12476.35,12380.6,11945.85,11775.6,11616.25,11617.35,11666.4,11664.15,11586.05,11646.95,11640.1,11513.8,11553.7,11714.55,11615.55,11730.2,11732.8,11922.25,11868.9,11734.3,11721.95,11522.15,11481.1,11716.1,11688.1,11482,11329.75,11458.9,11457.4,11599.05,11855,11664,11695,11745,11734,11907,11894,11698,11846,11841,12257,12406,12458,12581,12633,12392,12250,12616,12482,12670,12952,12995,12989,12638,12615,12445,12453,12421,12414,12331,12392,12319,12290,12128,12163,12126,12462,12637,12520,12452,12390,12408,12530,12595,12748,12806,12791,12699,12611,12767,12715,12642,12400,12442,12622,12752,12646,12520,12414,12470,12650,12574,12514,12536,12564,12476,12419,12405,12492,12627,12557,12404,12340,12469,12618,12608,12302,12365,12537,12524,12632,12590,12597,12840,12834,12936,14068,14250,14221,14280,14349,14452,14714,14752,14791,14887,14842,14927,14662,14895,15258,15365,15108,15095,15325,15265,15573,15801,15817,15864,15816,16097,16249,16269,16286,15984,16029,15965,15806,15998,16108,16012,15985,16265,16323,16261,16212,16298,16401,16424,16396,16393,16274,16388,16311,16138,16206,16186,15651,15374,15452,15479,15583,15645,15696,15749,15684,15878,15930,15768,15801,15977
MARUTI,11279.8,11198.2,11277.75,11167.4,11272.55,11277,11108.55,11002.45,10955.35,10901.05,10822,10736.6,10896,10941.05,10798.95,10858.4,11208.3,11841.3,11934.25,11755.65,11721.3,11822,11740.55,11631.1,11497.7,11741.15,11947.4,12092.3,12136.35,12020.05,11883.7,12020.35,12045.75,11967.9,11993.85,12123.75,11977.9,12000,12310.65,13139.95,13109.95,13086.8,13074,13049.5,12900.75,12724.35,12655.55,12671.3,12680.25,12762.9,12786.2,12686.15,12440.65,12323.45,12345.2,12476.35,12380.6,11945.85,11775.6,11616.25,11617.35,11666.4,11664.15,11586.05,11646.95,11640.1,11513.8,11553.7,11714.55,11615.55,11730.2,11732.8,11922.25,11868.9,11734.3,11721.95,11522.15,11481.1,11716.1,11688.1,11482,11329.75,11458.9,11457.4,11599.05,11855,11664,11695,11745,11734,11907,11894,11698,11846,11841,12257,12406,12458,12581,12633,12392,12250,12616,12482,12670,12952,12995,12989,12638,12615,12445,12453,12421,12414,12331,12392,12319,12290,12128,12163,12126,12462,12637,12520,12452,12390,12408,12530,12595,12748,12806,12791,12699,12611,12767,12715,12642,12400,12442,12622,12752,12646,12520,12414,12470,12650,12574,12514,12536,12564,12476,12419,12405,12492,12627,12557,12404,12340,12469,12618,12608,12302,12365,12537,12524,12632,12590,12597,12840,12834,12936,14068,14250,14221,14280,14349,14452,14714,14752,14791,14887,14842,14927,14662,14895,15258,15365,15108,15095,15325,15265,15573,15801,15817,15864,15816,16097,16249,16269,16286,15984,16029,15965,15806,15998,16108,16012,15985,16265,16323,16261,16212,16298,16401,16424,16396,16393,16274,16388,16311,16138,16206,16186,15651,15374,15452,15479,15583,15645,15696,15749,15684,15878,15930,15768,15801,15977
BSOFT,608.65,608.1,613.35,609.6,603.35,604.6,608,601.35,589.65,577,573.7,579.7,570.25,576.05,574.45,560.35,563.05,564.35,552.15,545.25,547.5,544.05,543.45,551.35,525.65,532.9,527.05,532.55,532.5,533.1,525.45,530.1,554.9,545.7,517.5,519.05,531.85,530.15,534.6,531.15,526.2,534.7,529.9,534.35,526.4,504.35,502.65,505.85,488,477.5,472.85,470.95,473.85,475.3,471.5,458.7,449.7,424.05,420.9,418.3,433.05,439.05,434.45,409.75,400.65,391.7,385.75,389.45,398.6,395.1,409,404.35,410.85,402.65,393.9,395.9,387.7,388.3,391.95,387.85,366.5,347.1,356.4,356.7,359.75,372.05,372.1,371.55,388.2,382.9,399.65,395.45,386.05,390,397.75,390.2,395,397.35,384.3,389.7,385.95,384.45,420.45,420.9,423.25,428.2,429.7,424.9,422.65,424,421.4,424.8,418.55,415.5,423.3,420.75,400.5,398.9,397.4,402.95,410.45,411.1,417.65,428.55,430.8,419.85,415.7,422.3,423.15,424.1,413.65,421.4,420.05,422.75,443.65,442.2,432.2,433.5,438.25,442.1,438.3,435.25,433.15,434.25,429.35,427.95,418.95,418.6,430.05,433.45,432.25,419.75,416.65,404.3,403.85,396.2,395.8,385.25,409.75,414.75,391.5,400.85,403.95,393.25,386,381.95,372.2,373.3,371.15,370.8,369.15,370,372.15,383.65,381.2,375.4,379.4,369.6,369.75,368.1,375,376.9,377.05,373.8,375.6,372.8,373.85,382.7,375.55,373.6,376.55,378.35,381,388.25,381.45,372.25,372.35,369.25,365.25,361.15,347.9,352.95,350.3,350,357.9,355.4,355.95,359.85,359.45,348.55,344.25,342.05,344.65,341,338.95,351.05,378.1,381.45,386.7,377.15,375.3,376.4,371.6,372.7,370.4,372.95,378.25,374.45,382.65,397.1,395.9,388.7,390.85,379.85,391.3,388.8,381.4
NUVAMA,6942.7,7361.25,7297.35,6945.4,6905.6,6967.2,6885.7,6869.95,6871,6850.7,6831.85,6846.45,6849.5,6841.7,6870.7,6924.35,6989.65,7222.85,7012,6804.45,6892.75,6669.85,6619.5,6654.65,6107.7,6162.55,6197.4,6074.4,6055.45,6173.9,5831.2,5542.55,5663.85,5598.95,5120,5188.35,5514.2,5349.1,5595.25,5108.65,5695,5997.75,5905.75,5685.2,5641.75,5475.05,5413.7,5502.4,5287.75,5305.35,5275.3,5488.3,5649.05,5615.85,5432.3,5577.75,5366.25,5400.5,5094.65,5166.7,5354.75,5482.85,5462.8,5529.65,5131.4,5179.3,5054.2,5269,5481.85,5632.85,5995.25,6344.55,6246.55,6188.85,6156.4,6071.9,6075.7,5922.35,5759.25,6023.65,5654.9,5329.55,5386.95,5384.8,5514.2,5705.5,5878.5,5966,6028,6085,6170.5,6128.5,6268,6256,6215.5,6094.5,6056,5892.5,5728.5,5962,5874,5933,6086,6265.5,6748,6730.5,6707,6818,6817.5,6895,6802,6806,6886,6927.5,6923.5,6959.5,7194.5,7331,7248,7322.5,7213.5,7365.5,7599,7556,7414.5,7238.5,7088,7062,7395,7272,6966,6882.5,7060.5,7149.5,7504.5,7901,8287.5,8231,8261,8070,8175.5,7261,7498,7467,7310,7372.5,7318,7418.5,7531.5,7504,7818.5,7728.5,7628.5,7779.5,7734.5,7767.5,7346.5,7234.5,7210,7412.5,7239.5,6916.5,6879.5,6993,6961,6946.5,6770,6839,6853,6930,6959,6881,6789.5,6854.5,6909.5,6980.5,6857.5,6728.5,6549,6384,6449.5,6448.5,6530,6450.5,6509.5,6429,6373,6378,6169.5,6443.5,6409.5,6378.5,6365,6404,6406,6280.5,6222.5,6176,6032.5,6115,6287,6305,6489,6754.5,6928,6959.5,7009.5,7127,7235.5,7199.5,7145.5,7217.5,7225.5,7020.5,7019.5,7260,7210.5,7176,7420.5,7442.5,7357.5,7227,7092,7133,7148,7308,7300,7468.5,7346.5,7351.5,7372.5,7339.5,7365.5,7319.5,7344,7336,7249.5
NTPCGREEN,144.69,146.65,148.61,143.39,144.13,141.73,139.74,135.49,134.83,131.67,134.51,133.01,126.03,129.84,128.35,127.19,127.62,127.95,128.17,124.26,123.93,125.45,120.92,116.32,109.99,120.98,119.94,122.92,120.99,119.8,117.41,113.96,113.17,112.32,108.12,110.11,114.94,113.96,114.91,111.13,111.13,111.98,111.41,112.09,110.01,107.7,107.48,108.17,106.85,104.83,104.79,104.62,105.98,105.55,98.4,98.08,93.03,87.27,87.92,87.08,91.07,94.45,97.24,95.11,95.58,97.51,96.25,96.23,99.63,99.17,102.44,103.86,100.25,99.98,103.1,100.61,99.3,98.53,100.09,96.69,94.82,96.42,95.05,95.79,98.92,105.76,108.25,107.44,107.94,107.26,107.29,103.38,103.2,103.86,100.55,101.2,101.18,97.81,99.28,97.92,97.32,101.76,102.06,102.1,102.16,104.71,104.92,103.14,106.16,112.18,111.24,112.58,113.28,116.65,112.83,111.26,109.42,107.57,107.91,109.07,108.74,112.59,112.52,111.96,108.65,107.44,108.35,107.22,106.68,104.01,110.26,108.31,107.3,107.24,106.75,105.93,104.69,107.56,105.51,106.43,106.55,106.93,107.02,107.37,108.24,112.18,110.01,110.09,111.98,112,110.66,109.53,108.43,107.96,106.93,105.78,107.28,105.97,105.96,104.27,104.53,105.09,105.07,104.35,102.45,101.84,102.21,102.68,100.64,100.8,100.92,103.05,105.18,103.51,103.31,101.76,102.65,103.21,102.95,104.23,105.97,105.1,103.44,104.06,102.89,103.15,102.94,102.37,103.26,103.56,105.35,104.08,103.79,104.03,103.83,103.01,102.33,101.72,99.38,97.12,97.21,98.15,97.6,98.17,98.53,98.55,98.17,99.58,98.7,98.75,99.6,99.96,100.01,99.98,100.55,100.78,101.48,101.01,101.59,105.04,104.6,103.14,103,100.74,99.63,98.96,97.92,98.01,98.83,99.11,98.48,99.18,98.26,98.18,97.5,97.13,95.3
POLYMED,2887.5,2968.45,2945.05,2906.2,2841.1,2849.65,2780.45,2721.9,2654.1,2595.75,2513,2529.2,2503.45,2527.75,2619.8,2615.25,2679.9,2709.75,2775.3,2826.2,2842.65,2756.3,2690.15,2675.95,2599.15,2556.3,2499.95,2479.8,2509,2523.9,2519.55,2399.45,2395.95,2445.25,2421,2265.75,2269.5,2304.3,2330,2283.05,2415.8,2486.5,2433.9,2418.5,2340.85,2253.65,2217.4,2222.4,2122.8,2105.8,2113.9,2204.1,2201.75,2221.7,2154.05,2181.35,2089.45,2035.5,2045.3,2148.9,2215.25,2320.3,2284.05,2303.5,2201.9,2219.9,2214.25,2234.3,2250.5,2242.15,2318,2295.45,2215.9,2202.45,2211.25,2245.25,2152.1,2190.8,2258.8,2067.1,1994.8,2036.65,2036.9,2141.55,2242.2,2320.4,2393.5,2446.3,2452.2,2449.2,2508.2,2534.6,2588.5,2588.3,2574,2495.9,2591.1,2781.3,2835.2,2674.8,2526.8,2481.2,2424.5,2352,2366.6,2419.2,2441.9,2450.1,2489.8,2447.9,2406.2,2435,2378.4,2355.6,2284.8,2258.6,2246.7,2250.3,2237.3,2237.2,2232.9,2273.9,2275.1,2263.4,2234.5,2220.9,2195.8,2158.4,2135.6,2052,2060.4,2131.4,2116.1,2192.8,2188.8,2146.5,2223.6,2269.2,2270,2241.2,2242,2219,2210.1,2224.3,2219.6,2219,2214.1,2173,2106.2,2134.8,2101.8,2087.9,2059.3,2085.1,2070,2057.4,1969.2,1976.6,1997.8,1937.8,1948.6,2004.4,1985.2,1957.4,1936.2,1927.4,1974.1,1922.7,1846.3,1902.4,1899.6,1900.4,1966.8,1964.7,2070.6,2121.8,2078.1,2101,2085.4,2071.6,2077.6,2067,2033.1,2041.8,2018.2,2004.9,1947.6,1995.7,2022.2,1983.6,1989.4,1996.6,2065.4,1996.2,1956.2,1952.9,1983.1,2031.8,1959.5,1934,1948.1,1951,1910.8,1897.6,1854.5,1911,1901.6,1896,1864.7,1857.2,1838.3,1920.5,1905.2,1879.4,1934.7,1923.1,1922,1902,1905.6,1968.5,1974.1,1999.7,1914.6,1955.2,1896.9,1893.8,1862.3,2063.4,2025.3,1958.9,1943,1943.7,1899.3,1893.2,1879.1,1876.9,1925.5
RBLBANK,171.36,178.08,179.05,173.64,173.25,172.53,167.05,165.88,164.33,152.79,155.01,163.31,162.41,159.86,156.82,158,157.8,159.12,162.79,166.79,166.02,161.66,158.38,154.21,149.46,153.92,156.85,158.49,155.12,158.18,158.27,155.06,155.97,155.73,149.93,155.56,157.88,162.5,164.77,164.35,166.16,170.85,168.34,169.5,168.23,163.06,160.43,164.55,156.82,155.8,150.97,161.08,160.14,162.58,160.98,158.44,162.87,158.34,155.17,154.52,158.22,162.49,163.79,161.02,155.68,155.96,156.32,154.49,162.28,167.23,164.57,168.3,175.12,175.19,178.93,176.91,173.53,176.24,171.33,175.38,175.68,169.76,169.75,168.67,173.5,181.29,182.76,183.64,192.03,189.52,191.67,198.31,188.09,207.1,203.15,200.37,200.17,204.37,197.19,201.43,196.36,196.82,205.82,207.74,209.74,209.61,212.68,211.8,208.23,207.84,207.89,209.95,204.62,210.94,207.49,215.8,213.07,213.86,211.08,212.47,206.89,217.63,230.29,221.87,220.31,222.96,220.23,217.14,218.65,228.43,223.84,228.03,233.99,236.81,235.72,237.41,239.38,248.48,260.02,249.27,252.66,253.84,254.62,249.95,260.61,254.65,264.16,263.38,263.26,269.14,268.36,263.14,261.12,255.48,258.92,256.4,254.48,253.26,255.75,261.75,266.83,259.1,265.35,265.7,260.05,267.1,261.7,258.5,253.35,253.8,251.85,259.25,261.75,256.6,254.15,253.15,256.8,255.4,250.85,261.05,264.9,269.3,270,265.8,276,273,273.45,272.4,270.05,272.6,271.35,267.3,264.4,271.2,271,269.7,268.95,270.35,275.45,272.35,277.8,277.25,275.2,275.9,275.6,273.55,286.45,286.7,291.6,290,291.5,299.55,306.75,299.5,326.65,324.65,317.9,315.95,322.05,325.1,323.6,324.95,326.35,328.75,323.85,325.6,328.25,324,320.4,319.55,315.45,318.65,316.7,314.05,309.6,313.65,312.45
NEWGEN,1429.15,1417.55,1420.75,1404.45,1390.35,1428.9,1498.4,1498.45,1522.25,1574.05,1585.35,1602.65,1686.2,1621.65,1705.85,1701.8,1699.7,1718.8,1690.15,1644,1680.7,1642.65,1606.25,1626.6,1579.1,1575.35,1755.9,1628.7,1586.1,1564.75,1311.35,1234.05,1223.55,1174.6,1057.15,986.95,1081.75,1050.2,1048.15,1077.55,1085,1121.4,1072.25,1057.7,1020.3,979.85,986.35,980.1,959.55,967.75,978.6,1027.7,991.55,975.7,959.4,959.95,989.95,936.25,945.15,948.65,992.1,997.75,992.1,940.2,944.5,946.5,949.3,943,935.45,918.45,962.1,1034.15,1022.35,993.35,968.9,1009.9,996.3,992,1003.75,992.25,921.8,842.4,907.35,876.25,905.3,941.85,942.55,926.1,949.85,941,993.15,1101.4,1055.65,1025.9,1035.75,986.55,1005.75,1041.7,1078.2,1082.15,1069.1,1074.75,1117.9,1153.7,1130.45,1152.5,1158.95,1147.65,1334.55,1266.05,1248.2,1260.95,1255.55,1253.05,1246,1209.6,1237.1,1230.9,1221.2,1224.5,1224.4,1234.2,1229.8,1225.6,1214.4,1175.9,1167.3,1233.6,1222.9,1207.2,1191.8,1153.4,1154.7,1118.6,1151.6,1179,1153.9,1171.8,1145.4,1140.9,1134.3,1134.3,1118.7,1129.8,1125.9,1105.2,1090,1076.5,1079.6,1091.4,1025.6,962.6,917.3,912.7,883.2,871.5,851.1,853,858.1,852.6,848.9,818.15,834.1,941.7,932.15,903.35,874.4,866.05,861.8,854.7,886.45,886.5,874.9,878.3,871.1,866.45,920.75,895.6,902.45,883.2,891.6,891.4,904.35,899.1,886.75,884.65,878,884.95,885.9,887.5,885.55,885.2,884.6,918.7,915.5,898.1,884.2,875.5,909.45,888.6,876.95,889.7,899.8,891.65,882.65,883.1,874.25,872.65,871.9,866,849.65,887,877.55,872.05,880.1,880.6,899.5,892.75,896.25,996.55,995.75,969.25,976.1,994.6,972.15,955.2,947.95,942.1,958.95,983.65,964.35,940.7,923.55,919.4,921,918.4,902
ASIANPAINT,2391.85,2388.9,2417.3,2389.55,2407.65,2402.25,2356,2345.45,2291.85,2282.35,2279.2,2284,2262.4,2271.4,2288.25,2281.35,2304.65,2343.25,2335.95,2267.15,2292.6,2334.35,2350.2,2320.75,2252.65,2239.95,2229.7,2215.6,2261,2280.55,2260.35,2262.1,2276.35,2262.4,2251.5,2241.8,2223.15,2249.85,2300.8,2292.25,2354.35,2275.2,2263.4,2271,2270.15,2240.85,2228.25,2236.4,2231.3,2250.85,2237.6,2239.1,2249.05,2257.6,2246.2,2224.75,2213.65,2179.75,2166.4,2132.1,2164.15,2267.7,2270,2278.6,2287.4,2251.3,2231.3,2219.55,2273.95,2280.7,2287.2,2300.4,2322.5,2330.75,2323.15,2338.1,2340.65,2316,2306.65,2349.4,2356.05,2341.35,2394.2,2411.15,2393.6,2415.7,2459.9,2467.9,2445,2432,2453.1,2464.4,2431.6,2452.2,2451.1,2425.7,2409.8,2436.9,2418,2334.1,2302.6,2299.6,2356.4,2324.6,2282.3,2329.9,2353.6,2331.4,2295.6,2312.4,2299.2,2315.5,2327.2,2327.6,2303.2,2294.3,2259.1,2266.7,2255.7,2249,2243.5,2245.2,2247.9,2218.9,2208.8,2219.4,2214.2,2244.8,2264.8,2281.4,2268,2285.7,2264.1,2275.3,2279.9,2289.8,2358.7,2341.1,2369.5,2419.4,2430.9,2424.2,2442.8,2484.6,2498.9,2451.2,2439.2,2401.6,2393.5,2410.5,2398.9,2382.4,2375.4,2365.2,2375.4,2352.1,2336.2,2359.6,2401.5,2415.8,2396.1,2431,2449.8,2436.8,2491.2,2506.5,2475.6,2489.1,2478.3,2500.2,2528.7,2587.4,2579.4,2570.1,2566.6,2504.5,2492.9,2481.4,2489,2518.6,2570.2,2540,2553.9,2568.6,2579.9,2530.8,2537.3,2543.3,2555.9,2546.3,2502.6,2480.9,2493.6,2478.7,2481.7,2482.7,2446.9,2457.2,2404,2342.8,2342.6,2350,2335.8,2357.8,2354.8,2352.8,2328.5,2336.4,2340.2,2342.5,2318.1,2375.1,2409.7,2507.8,2516,2504.6,2502.4,2501.6,2518.8,2509.3,2538.7,2523.5,2510.8,2512.2,2486.7,2602.9,2613.8,2650.4,2657.2,2769.8,2879.4,2906.4,2887.9,2906,2893.7,2859.8,2876.6
EMAMILTD,621.75,641.65,622.05,604.95,592.05,597.85,589.55,586.45,598.6,590.85,567.6,598.5,588.55,590.25,591.05,600.75,608.55,608.8,614.45,584.75,588.35,583.6,595.75,589.4,565.2,559.4,566.4,565.05,564.85,559.95,549.25,559.8,562.5,551.3,535.05,555.55,572.7,571.05,589.65,614.3,584.75,585.6,575.8,572.85,574.45,540.5,558.7,539.65,524.5,523.65,541,548.35,557.1,556.65,551.4,547.7,545.8,529.95,521.85,528.65,525.55,533.45,551.75,568.15,549.8,567.75,562.15,546.4,555.25,557.75,567.2,576,572.9,576.05,557,577.3,579.9,571.7,587,575.8,592.8,584.55,582.15,599.85,608.5,604.7,626.75,615,618.1,641.55,646.85,645.8,619.8,623.6,635.3,624.7,626.6,634.05,627.35,634.75,619.65,630.4,634.45,620.5,639.25,629.95,636.3,639.75,607.3,607.7,604,595.7,589.85,589.55,579,587.45,584.2,581.3,577.15,593.9,579.15,583.35,578,582.95,591.15,575.75,572.55,573.7,570.1,570.25,563.35,553.05,556.9,565,572.2,574.15,567.2,571.6,565.45,559,558.9,562.55,576.5,573.6,609.15,597.15,587,585.4,582.1,586.1,588.45,591.65,589.85,583.45,580.15,579.8,575.2,562.85,560.65,565.3,600.65,619.3,611.5,614,599.85,582.2,576.1,582.95,577,582.1,582.35,595.2,602.15,626.55,619.25,611.95,585.45,572.75,567.45,573.6,582.15,595.7,590.9,615.5,604.95,599.7,587.85,599.8,602.05,601.95,599.7,603.15,603.25,602.1,579.6,582.45,576.55,577.65,570,557.85,553.8,538.25,542.05,550.55,557.95,551.85,544.3,541.7,542.4,536.85,532,540.35,538.95,551.5,541.45,544,546.6,544.65,544.85,550.6,543.95,542.7,534.4,533.7,537.6,523,514.1,525.75,525.45,526.25,522.2,520.35,522.15,519.2,511.1,519.2,513.3
CANFINHOME,804.5,818.85,819.95,810.85,803.1,801.95,781.45,772.95,770.55,747.7,726.55,726.2,723.95,750.55,754.3,759.3,730.35,729.45,721.15,697.75,714.8,705.4,693.1,679.35,651.75,670.8,673.15,687.6,691.5,708,691.8,686,690.95,682.7,674.05,662.95,667.45,653.7,667.7,648.3,663.6,673.45,667.05,669.3,649.3,620.65,616.45,611.4,607.3,608.85,598.6,600.8,605.05,598.55,605.2,577.85,574.8,577.65,578.7,592.6,603.05,606.2,629.6,622.65,612.8,602.4,601.75,623.1,643.55,660.05,676.5,675.65,685.3,680.1,670.65,666.9,669.45,663.35,670.9,679.9,664.1,647.35,660.1,656.85,652,666.5,697.4,711.55,739.95,739.8,744.9,708.65,723.15,726.95,708.65,715.15,718.75,715.2,703.35,718.1,712.85,707.7,728.35,720.55,741.3,743.4,754.2,743.65,743.3,751.05,745,738.7,755.65,775.05,767.8,779.55,788.15,791.85,782.85,782.45,778.4,782.55,808.9,811.95,813.45,796.7,792.45,779.75,793.35,790.05,777.05,764.45,763.3,789.35,784.3,790.5,789.3,792.9,791.35,809.25,815.1,817.3,820.3,815,823,800.6,794.3,797.15,796.95,811.6,818.7,817,813,798.6,787.4,772.4,774.6,764.65,748.2,739.05,751.95,740.35,757.2,756.95,744.3,741.95,743.65,753.95,742.95,751.65,758.95,758.95,768.1,780.1,782.1,769.75,767.15,739.85,725.65,717.65,719.9,755.15,764.65,756.35,754.55,745.9,742.65,740.75,740.85,746.35,752.3,777.1,780.25,774.95,773.8,771.4,780.3,777.75,762.6,743.6,750.85,763.2,782.95,789.65,803.55,804.35,793.45,789.75,793.6,801.35,785,802.55,804.55,801.05,838.35,844.4,853.35,848.25,855.7,865,862.85,874.65,867.9,864.6,861.6,877.6,880.75,881.8,895.55,884.2,865.1,884.65,892.85,906.8,890.3,881.6,884.95
PIIND,4060.6,4114.3,4102.3,4051.7,3997,3955.95,3891.7,3884.3,3873.6,3813.75,3800.4,3789.15,3746,3744.25,3736.15,3685.65,3691.25,3719.35,3668.4,3600.2,3592.85,3630.45,3659.85,3614.5,3400.3,3463.2,3459.35,3480.45,3550.9,3597.45,3519.85,3500.65,3526.65,3501.6,3373.3,3347.9,3425.2,3456.6,3483.75,3619.45,3574.45,3596.8,3641.45,3543.85,3524.2,3419.6,3356.65,3226.65,3162.8,3118.6,3165.6,3203.5,3189.05,3145.4,3090.45,3084.8,3012.45,3013.95,2987.1,3040.7,3145.35,3255.6,3219.1,3253.65,3353.9,3333.65,3297.3,3370.95,3418.25,3404.95,3422.55,3456.7,3492.5,3441.6,3428.05,3482.65,3428.2,3450.4,3501.6,3453.35,3315.45,3242.05,3277.1,3294.8,3607.45,3589.4,3641.6,3645.3,3683.9,3699.5,3656.7,3658.4,3583.9,3649.2,3647.7,3640.2,3709.9,3680,3630.3,3658.1,3611.4,3639.7,3708.4,3638.6,3651,3691.3,3769.7,3759,3730.2,3709.9,3644.4,3680.8,3683.6,3752,3855.5,3875.5,3823.7,3827.9,3812.1,3970.3,3904.4,3897.9,3935.8,3924.3,3975,3948.3,3972.6,4146.5,4172.3,4138.7,4108.4,4121.5,4152.2,4175.2,4168,4138.4,4157.3,4104.7,4154.3,4167.8,4238.6,4220,4162.1,4148.5,4168.4,4041.9,4044.8,4050.1,4172,4104.4,4135.8,4120.9,4173.1,4080,4074.4,4113.9,4092.1,4113,4249.5,4324.2,4250.9,4190.2,4138,4109.3,4084.9,4023.8,3919.1,3853.7,3837.9,3772.7,3690.2,3750.4,3765,3796.8,3869.8,3865.1,3896.2,3787.2,3708.8,3694.8,3767.7,3753.2,3757.7,3741.2,3664,3697.7,3695.5,3707.2,3741.1,3701,3723.1,3711.8,3753,3705.7,3731.2,3668.9,3625.8,3629,3573.2,3487.6,3492.3,3513.5,3584.1,3617,3630.4,3582.8,3497.6,3531.7,3564.6,3544.7,3555,3555.3,3550.3,3573.1,3534.1,3527.1,3541.2,3583.2,3610,3587.2,3604.9,3595.8,3577.4,3685.3,3683.3,3750.1,3758.3,3820.5,3786.8,3588.9,3572.5,3560.5,3542.6,3458.3,3439.9,3441.1,3427.4
GODREJIND,1064.3,1102.9,1094.95,1075.4,1071.75,1101.25,1101.7,1153.1,1127.05,1119.9,1124.55,1125.25,1134.65,1130.15,1204.7,1166.2,1170,1193.15,1149.3,1098.75,1086.65,1042.6,1028.35,994.35,956.55,955.7,957.8,932.7,929,920.05,898.5,879.6,883.75,856.25,839.3,834,876.1,879.35,890.55,904.8,890.45,885.3,888,882.6,854.45,835.65,812.65,824.9,800.7,824.95,841.5,861.35,1011.75,1131.5,1101.8,1112.85,1100.45,1097.6,1103.45,1101.5,1108.7,1100.4,1109.8,1152.65,1124.6,1128.5,1149.05,1132.95,1167.5,1193.85,1206.45,1237.65,1180.95,1146.65,1159.9,1134.15,1090.95,1137.6,1106.65,1079.4,1044.95,1085.7,1108.7,1136.7,1136.1,1134.3,1129.7,1128.3,1170.4,1168.5,1140,1099,1125.7,1103.3,1083.9,1063.5,1089.9,1112.2,1121,1109.6,1081.7,1122.8,1142.5,1172.5,1126.7,1143.3,1156.4,1156.9,1160.4,1167.8,1170.2,1168.1,1175.4,1177.9,1180.5,1184.7,1199,1191.8,1188.2,1190.5,1359.5,1357,1322.6,1280.1,1292.5,1278.1,1303.2,1318.9,1348.2,1336.5,1348.5,1280.9,1254.9,1247.2,1246.4,1247.5,1246.2,1206.9,1156.1,1159,1165.3,1168.7,1152.7,1146.1,1134,1095.6,1096.7,1121.8,1146.5,1146.8,1154.7,1136.3,1144.4,1129.2,1130.5,1135.8,1130.8,1117.2,1138.2,1147.4,1114.8,1120.2,1137.9,1137.8,1108.6,1100.6,1093.6,1095.7,1175.3,1181.4,1273.9,1284.3,1288.2,1285.7,1287.6,1286.2,1270,1250.4,1230.2,1224.1,1201.9,1201,1196.5,1201.9,1206.1,1216.5,1206.7,1207.8,1210.7,1243.5,1221.8,1217.7,1217.2,1175.6,1177.8,1180.2,1191,1212.5,1195,1195,1201.7,1188.6,1161.3,1126.4,1106,1071.9,1066,1078.9,1048.5,1062.9,1070.6,1082.5,1081.9,1100.6,1106.5,1095.3,1086.7,1094.8,1089.9,1095.2,1096.8,1104.9,1128.4,1107.7,1085.8,1075.1,1060.7,1070.1,1067.7,1063.3,1063.7,1075,1056.4,1060.3,1048,1049.4,1017.8
TRIVENI,437,474.9,477.95,461.2,459.1,454.8,458.75,471.75,468.4,453.9,457.8,494.3,493.3,499.6,448.3,453.1,462.8,454.95,447.4,427.05,430.2,424.4,419.5,409.2,387.9,399.85,398.2,405.65,398.55,403.9,398.15,386.45,387.4,385.55,383.15,385.15,398.85,384.65,383.2,378.05,379.85,379.9,389.4,384.75,380.8,378.85,364.05,364.35,370.85,370.9,369.6,375.65,375.7,377.85,387.8,363.95,350.8,348.85,359.4,358.4,359.3,366.15,374.15,367.15,367.7,372.65,365.25,384.25,388.95,380.25,402.9,399.7,396.35,385,392.15,384.45,379,378.9,380.95,378.7,364.5,372.95,363.85,379.9,395.75,402.5,397.7,399.6,407.05,414.15,437.65,420.9,416.15,416.65,409.2,417.15,424.6,406.2,418.4,409.4,407.05,419.3,421.5,426.9,432,430.1,433.65,428.55,421.35,423.4,423.5,423.5,424.5,451.4,445.95,438.15,430.8,433.15,423.75,441.35,429.45,433.5,436.15,433.1,424.65,421.65,413.1,401.5,401.35,392.2,392.5,391.2,387.1,392.85,385,382.7,379.45,376.9,375.75,375.85,375.1,371.4,369.7,368.3,369.35,366.35,364.8,363.95,363.15,361.75,362.9,368.45,371.85,370.6,372.65,366.6,361.2,367.5,343.55,343.85,340.8,345.15,340.4,336.55,330.6,337,335.1,340.15,334.85,331.8,327.55,339.2,340.9,341.55,340.05,345.8,339.2,351.75,351.9,349.7,360.45,366.55,363.8,365.1,354.95,345.35,348.8,350,355.6,357.1,355.5,359.55,359,360.1,347.4,343.05,350.1,341.75,337.9,332.85,333.5,339.25,349.7,354.7,354.6,356.25,352.35,354.35,348.95,348.35,347.8,352.55,355.15,356.5,355.85,356.25,356.25,357.95,351.85,358.45,357.05,357.05,358.2,358.35,357.25,360.5,364.75,362.65,371,364.35,365.1,364.8,363.7,364.45,361.25,361.65,354.1
TATASTEEL,149.88,150.32,150.6,150.78,148.95,147.79,145.68,144.46,143.26,140.68,141.71,140.38,140.36,138.91,136.88,138.05,136.74,138.18,138.36,132.18,133.38,132.64,129.93,127.43,122.93,126.93,126.53,127.81,130.28,131.66,129.7,128.92,130.37,129.74,126.37,128.62,130.8,131.12,134.62,131.82,133.42,134.4,132.54,138.31,134.04,130.11,132.28,136.25,134.47,134.29,134.54,135.76,138.04,140.76,137.65,137.07,138.69,137.2,138.57,139.34,146.1,150.44,151.56,151.05,150.75,150.3,150.88,152.01,154.66,158.6,159.04,157.28,158.42,156.73,155.81,155.42,154.24,153.12,154.69,153.62,140.39,129.48,130.28,127.18,133.42,136.41,136.97,137.14,139.18,138.16,141.16,141.52,138.85,142.07,141.5,140.08,141.18,142.08,144.44,146,143.67,142.78,151.63,149.43,155.31,157.35,157.55,157.57,158.69,161.64,161.29,162.97,162.51,161.66,161.24,163.12,161.02,159.04,157.35,158.18,157.97,157.49,157.32,155.68,156.41,152.89,152.13,154.17,152.6,152.11,151,151.97,152.43,154.79,156.39,160.54,161.45,159.76,160.06,165.88,165.91,163.01,162.4,161.97,159,160.66,159.84,160.44,159,157.33,159.9,162.37,163.02,163.04,162.77,163.48,161.43,159.68,161.69,161.36,157.94,153.01,159.56,159.62,158.66,159.67,157.95,158.52,160.16,160.18,155.3,157.96,159.23,161.92,161.51,158.55,159.63,155.03,153.63,154.48,156.17,158.39,167.85,166.81,167.68,168.82,169.15,169.43,169.41,169.78,169.23,172.02,171.36,172.03,171.48,171.39,173.29,172.66,172.38,167.4,168.98,168.77,167.51,173.21,170.06,171.43,171.94,176.42,173.86,173.03,170.51,173.24,174,172.22,171.95,172.78,174.16,174.44,176.66,181.81,185.19,184.35,182.84,182.67,179.29,177.27,181.37,181.48,181.04,178.61,176.65,174.26,173.17,172.45,173.21,172.46,168
JYOTICNC,1335.45,1304.2,1313.9,1264.2,1258.15,1295.4,1435.9,1412.65,1371.5,1331.85,1355,1349.25,1344.9,1368.6,1371.15,1350.6,1335.8,1381.55,1370,1345.45,1363.25,1365.95,1312.15,1258.45,1162.25,1207.95,1194.45,1228.55,1236.65,1273.05,1258.8,1216.35,1223,1128.55,1058.25,988.25,1073.35,1050.5,1075.8,1000.8,1040.5,1109.45,1126.95,1149.2,1097.4,1076.5,1065.6,1065.2,957.55,957.9,900.25,903.95,881.25,897.05,843.55,846.75,796.75,798.65,770.75,860.8,833.3,911.65,966.7,983.75,957.7,977.2,1000.3,1011.5,1050.3,1076.9,1057.95,1118.45,1103.4,1089.6,1039.4,1063.1,1058.55,1072.55,1083.9,1054.7,1022.75,964.7,984.6,967.9,1011.3,1062.2,1078.7,1069.3,1058.1,1090.7,1111.2,1115,1081.7,1089.9,1090.3,1076.6,1108.3,1165,1139.4,1168.6,1185.8,1134.5,1175.7,1234.6,1239.8,1250,1258.8,1259.9,1216.9,1195.9,1214.3,1238.4,1246.1,1238.5,1238.3,1239.1,1295.6,1312.9,1296.1,1310,1288.1,1216.2,1240,1226.3,1174.7,1150,1139.8,1136.3,1117.9,1124,1101,1092.3,1137.1,1112.2,1130.3,1129,1125.6,1059,1066.4,1051.4,1023,1035.9,1032.9,1028.5,1016.8,1030,1015.2,1027.4,1026.4,1032.5,1034.7,1020.7,1075.2,1057.4,1031.6,1028.8,1038,1019.7,1032.2,1045.9,1020,1010.1,1029.6,1025,982.4,968.8,954.4,912.4,889.9,927,918,925.5,943.9,946,961.4,954.6,950.2,927.8,899.2,911.2,896.85,895.05,896.2,884.05,896.75,895.9,911.05,916.7,906.3,900.15,932.25,932.35,946,939.8,953.9,937.25,913.8,900.25,887.55,868.95,861.3,849.9,877.9,920.85,929.6,934.55,930.3,914,964.4,941.25,902.3,908.35,920,922.9,928.65,933.9,917.55,905.65,897.2,876.95,870.5,870.2,864,876.7,940.2,895.5,886.15,905.7,952.2,988.9,949.4,955.35,972.4,982.45,976.9,992.15,992.15
INDIGO,4489.45,4477,4465.55,4464.35,4432.9,4406.75,4386.8,4390.35,4434.05,4395.6,4439.95,4612.25,4725,4681.95,4597.55,4554.25,4595.7,4537.75,4466.2,4266.95,4328.6,4262.15,4260.55,4228.8,4001.4,3995,4066,4111.75,4090.2,4114.3,4009.8,4011.5,4134.8,4161.8,4175.75,4282.5,4293.9,4227.75,4324.35,4393.7,4345.2,4415.4,4394.85,4364.55,4325.15,4316.85,4337.5,4364.85,4223.3,4303,4345.55,4399.9,4501.45,4510.75,4536,4427.45,4443.4,4477.3,4464.7,4598.7,4698.1,4762.4,4657.55,4627.55,4651.45,4729.2,4700.85,4806.25,4980.55,5086.75,5044.05,4970.35,5006.7,5025.15,5127.8,5115.35,5028,5068.25,5003.6,5098.9,4988.7,5157.05,5193.75,5151.1,5256,5244.5,5366,5496.5,5534,5558.5,5520.5,5313.5,5341,5264,5249.5,5344.5,5531.5,5322,5296.5,5146,5101,5476.5,5521,5451.5,5589,5562.5,5574.5,5442,5461.5,5503,5521,5420,5313.5,5330.5,5322,5330,5333,5383.5,5416,5482,5480.5,5695,5599,5631,5476.5,5262,5382.5,5310.5,5273,5271,5390,5467,5606.5,5639,5691.5,5816,5976.5,5965,5956,5766,5753,5748,5802,5852,5840,5917.5,5940.5,5930.5,5950,5796.5,5861,5878,5948,5897,5844,5803,5762,5756,5740,5910.5,5788.5,5780.5,5781.5,5893.5,5859,5769.5,5878.5,5927.5,5969.5,6002.5,6096.5,6055.5,6155.5,6099,6086.5,6116,6050,5727,5646,5670,5665.5,5740,5695,5670,5696.5,5637.5,5619,5667,5727.5,5728.5,5727.5,5746.5,5715.5,5679,5747.5,5732,5686,5674.5,5561,5707,5594.5,5606,5657,5694.5,5664,5635,5724.5,5735,5787.5,5759,5860.5,5881,5848,5934,5913,5789,5779,5835,5809,5813,5725,5625,5695.5,5637,5693,5583.5,5588.5,5782.5,5795.5,5905.5,5908.5,5873,5739.5,5758.5,5785.5,5843.5,5805.5
TARIL,522.75,517.75,543.63,561.92,562.35,580.35,582.05,583.17,569.28,549.8,540.08,530.67,535.1,546.15,550.67,569.9,597.03,619.35,619.6,602.25,618,619.05,589.38,559.92,531.92,513.2,976.4,1024.45,1020.2,1069.75,1033.75,1013.45,996.45,946.65,899.35,854.45,897.1,906.35,888.6,802,776.1,814.9,854,878.85,904.6,429.7,411.65,423.98,402.8,382.7,367.45,385.8,405.05,425.3,445.2,425.85,411.25,385.55,362.6,389.55,398.9,411.25,421.1,394.05,390.3,384.3,374.25,421.6,445.15,442.8,486,507.5,514.15,489.8,512.6,536.2,509.4,511.85,514.75,495.7,470.95,494,518.7,544.6,566.8,547.9,530,546.9,574.2,560.15,534.35,510.55,504.85,503.6,494.95,495.65,507.15,482.55,491.9,482.4,478.45,502.35,510.95,509,498.25,504.25,529.45,513.05,500.35,508.05,512.1,520.75,516.2,512.05,526.5,521.6,528.8,525.15,533.8,530.5,516,517.8,518.45,513.45,504,496.6,494.4,491.65,487.35,474,492.85,492.3,487.75,487.7,486.85,490.8,489.05,471.3,469.3,470.3,471.2,488.2,492.8,517.05,510.75,500.65,507.95,512.25,513.35,515.3,512.45,512.2,507.1,504.15,495.6,491.25,482.45,509.25,511.9,511.2,515.05,558.9,543.8,507.8,506.2,491.2,526.15,507.3,513.55,505.7,502.85,502,496.6,499.5,498.95,506.6,500.05,491.5,490.2,500,500.95,506.6,500.75,503.65,496.5,496.4,515.9,504.45,498.15,504.8,523.35,529.15,520.25,533.8,535.9,536.25,524.2,508,498.3,489.1,486.5,490.5,497.05,494.05,494.05,488.5,490,491.35,492.65,481.55,486.9,484.6,484.15,482.05,482.5,482.1,481,472.2,455.55,459.45,452.75,445.4,444.8,418.85,404.5,391.9,313.55,282.2,296.65,289.3,318.2,333.35,307.9,303.3,313.15,304.75,287.55
TORNTPOWER,1645.95,1624.6,1668.1,1688.1,1669.2,1641.45,1624.15,1610.3,1632,1479.2,1551.35,1502.1,1468.25,1451.45,1409.3,1485.95,1494.25,1538.5,1513.45,1471.35,1453.5,1434.45,1414.8,1358.25,1309.75,1378.1,1421.1,1492.75,1477,1482.95,1437.95,1390,1424.25,1469.7,1455.5,1466.15,1475.05,1453.35,1463.45,1344.3,1352.8,1333.65,1374.75,1407.3,1350.15,1282.35,1268.8,1255.7,1237.7,1239.35,1235.15,1258.7,1259.95,1289.3,1303.3,1322.5,1312.7,1262.95,1267.25,1276.7,1311.25,1326.85,1332,1349.85,1334.35,1315.9,1291.2,1375.95,1440.5,1468.6,1498.55,1530.1,1492.1,1499.9,1501.95,1486.85,1500.3,1509.7,1552,1537.05,1496.7,1509.75,1530.9,1562.15,1623.6,1605.2,1591,1592.5,1589.5,1609.6,1600.7,1538.6,1557,1554.6,1539.1,1490.4,1477.9,1462.3,1501.9,1420,1371.7,1465.2,1426.8,1449.9,1432.7,1442.8,1424.3,1390.4,1398.7,1394.6,1401.9,1426.1,1425.4,1396.2,1400.4,1374,1396.5,1403.3,1419.1,1410.5,1408,1407.2,1451.6,1432.4,1398.9,1414,1421,1406.8,1387.4,1366.8,1390.1,1416.7,1451.1,1461.9,1460.7,1473.2,1467.6,1456.7,1469.4,1442.4,1439.8,1440.8,1424.1,1427,1426.7,1408.1,1403.5,1391.6,1394.1,1385.8,1368.6,1367.6,1342.8,1357,1356.4,1325.5,1338.4,1324.9,1336.5,1310,1288.2,1312.1,1313.6,1319.9,1357.5,1335.8,1345,1358.1,1362.1,1329.6,1301.6,1297.4,1285.3,1291.8,1282,1282.5,1270.2,1248.3,1227.3,1262,1304.6,1314.2,1294.9,1262.9,1259.8,1243.9,1262.9,1268.3,1267.8,1267.3,1261.9,1265.6,1284.5,1264.5,1268.6,1279.3,1264.3,1254.5,1233.3,1224.2,1218.9,1216,1221.1,1200,1240,1225,1240.5,1239.3,1283.6,1294.8,1309.7,1337.6,1311.8,1304.2,1319.2,1328.4,1325.8,1321.7,1277.2,1313.6,1316,1316.5,1344.8,1304.3,1273.2,1281.2,1312.2,1336.8,1292.8,1293.6,1301,1310,1313.1,1300.8,1313.9,1291.4,1302.3
CAMS,1053.9,1042.23,1044.41,1055.24,1037.37,1042.99,1027.13,1026.24,1022.69,990.2,980.6,985.74,992.8,1008.35,1014.44,1015.08,1019.75,1040.66,1019.21,970.52,975.76,941.59,932.4,904.55,856.37,843.92,861.08,888.83,883.62,886.19,849.61,815.05,831.85,820.22,761.73,744.08,788.98,727.44,720.7,679.6,702.77,749.75,732.5,732.61,705.35,675.67,705.6,682.04,675.07,676.36,655.6,674.21,687.83,685.5,683.55,669.03,651.55,628.62,626.8,627.6,639.06,660.53,673.14,669.55,672.91,664.76,682.02,720.44,763.19,741.24,763.14,762.48,731.55,736.91,737.58,744.67,734.25,751.35,764.66,736.66,705.77,714.6,718.04,743.34,766.58,778.88,776.5,800.16,801.02,820.4,809.18,787.62,788.82,799.96,781.26,768.7,761.56,721.58,728.54,713.84,695.92,734.32,725.24,729.8,745.28,778.18,790.32,773.4,777.5,776.52,776.9,795.54,795.28,796.48,794.54,792.22,827.84,838.88,834.68,849.66,852.42,854.26,852.22,845.76,814.54,796.14,823.78,836.28,829.22,802.96,833.48,840.7,845.4,844.84,842.56,858.58,858.04,848.62,846.2,851.68,846.36,828.4,824.36,838.16,837.58,813.92,825.5,849.68,841.44,847.92,842.3,849.54,849.5,848.4,839.34,806.86,779.22,783.12,778.04,747.36,728.88,759.74,759.32,763.28,763.78,749,759.62,753.8,764.28,773.72,779.36,767.16,768.36,779.08,781,767.92,745.24,731.54,741.04,767.96,760.4,760.72,752.94,766.48,769.06,770.52,778.22,770.1,771.76,771.98,778.06,802.74,815.04,820.18,802.8,797.22,776.62,773.68,760,757.08,751.72,764.64,762.26,765.1,760.12,756.02,766.22,772.16,773.66,756,767.24,766.16,759.14,765.62,767.6,774.68,776.04,793.08,797.04,771.1,791.42,788.26,779.48,760.22,747.96,759.06,763.48,767.68,792.8,788.8,787.6,792.86,789.16,785.8,802.9,789.62,781.36
BAYERCROP,6062.8,6209.7,6306.4,6257.35,6243,6215.05,6023.25,5717.2,5800.95,5861.7,5767.45,5701.15,5799.25,5799.95,5477.5,5550.95,5528,5631.55,5627.3,5504.8,5563.25,5472.75,5580.4,5320.1,5134.35,5177.25,5144.55,5137.8,5106.3,5028.6,5012.8,4942.65,5117.1,4960.2,4892.85,4799.95,5008.3,5102.25,5115.9,5099.65,5111.8,5035.8,5043.4,4951.2,4861.65,4787.8,4389.5,4369.05,4490.55,4587.6,4700.1,4735.7,4749.25,4825.6,4723.1,4727.15,4926,4729.1,4704,4846.5,4830.5,4877.45,4877.45,4909,4842.05,4730.95,4737.95,4859.8,4934.75,4970.8,4874.25,4936.45,4870.15,4855.35,4708.3,4909.6,4812.4,4817.9,4932.4,4815.9,4700.35,4819.85,4720.9,4826.9,4798.4,4860,4997.5,4897.2,4893.8,4950.7,4981.2,4897.4,4793.8,4767.2,4690.4,4677.8,4655.1,4687.4,4677.2,4614.6,4617.9,4774.1,4766.3,4884.7,4965.3,5040.7,5079.8,5107.4,5148.3,5056.9,4989.2,5130.8,5674,5715.5,5693,5678.3,5617,5628,5599.5,5575,5498,5493,5429,5450,5387,5451,5501.5,5654.5,5659.5,5594.5,5550.5,5511,5654.5,5750,5911,6114,6294.5,6361,6386.5,6405.5,6435.5,6438,6482.5,6443,6282,6196,6224.5,6359,6340,6354.5,6347.5,6288,6280.5,6353.5,6364,6336,6327.5,6352,6335,6322.5,6254.5,6251,6281,6019,5677.5,5572.5,5631,5642,5652.5,5649.5,5521.5,5564,5582.5,5594.5,5519,5501,5331,5269,5231.5,5214,5202.5,5176,5112,5082.5,5057,5103,5109.5,5114.5,5102,5107.5,5220,5195,5197.5,5347,5245,5072,5033.5,4985,5049,4924,4810.5,4912.9,5054.9,4997.3,4991.5,4995.3,5057.6,5007.1,5005.8,4973.5,5066.3,5113.2,5023.4,4996.5,5009.4,4999.6,5019.7,5034.3,4949.3,4854.5,4925.7,4884.6,4871.7,4835.6,4744.7,4591.9,4642.7,4499.8,4506,4521.9,4476.2,4558.4,4553.5,4557.9,4576.2,4544.6,4535.2
BPCL,303.45,303.5,307.45,302.15,301.7,297.95,293,288.3,294.55,289.05,289.1,292,295.6,293.55,293.3,292.45,295.3,296.9,296.4,284.85,282.8,286.8,280,277.65,265.3,270.2,267,266.9,273.6,277.3,280.2,277.6,271.25,263.8,261.3,258.05,257,257.15,261.1,249.55,255.95,261.25,262.55,264.3,259.9,255.15,255.6,255.75,251,252.3,252.75,255.6,258.6,251.3,251,248.45,244.75,237.3,242.41,249.92,255.84,265.04,261.26,256.93,264.58,266.32,264.41,261.41,262.18,265.26,272.13,279.66,280.44,279.11,273.01,276.06,278.47,284.6,286.8,286.8,279.45,273.7,285.9,287.95,293.2,294.4,298.75,298.35,304.05,306.1,300.45,302,295.7,310,311.7,310.05,311.15,321.05,311.45,316.9,307.95,306.85,309.05,306.9,312.5,317,320.1,317.2,312.9,315.85,313.05,318.9,322.95,317,321.7,319.15,318.4,316.6,309.75,311.55,309.8,316.7,320.4,320.1,333.85,318.65,312.3,316.4,312.8,315.85,313.45,313.5,313.45,319.25,319.6,329.75,333,331.95,332.05,331.8,331.5,346.2,350.5,355.6,348.5,350.95,344.85,344.4,348.05,347.85,346.75,343.5,342.6,340.35,344.45,341.4,332.9,333.4,334.95,337.05,329.3,317.85,317.85,315.1,315.75,310.35,319.45,320.95,323.7,322.5,318.05,314,321.45,319.95,319.95,316.45,315.8,312.1,310.7,308.2,314.75,314.95,314.85,312.9,312.5,316.45,313.95,317.95,320,318,317.75,318.25,323.55,325.7,329.55,325.4,330.4,330.35,329.65,324.35,338.1,339.65,339.7,341.55,343.6,341.9,345.1,344,338.7,337.95,332.45,337.9,335.9,335.85,337.7,339.05,331.3,330.45,343,340.65,348.1,357.6,356.8,367.3,372.95,367.95,367.15,365.15,374.15,375.45,374.95,371.15,374.25,371.85,365.65,365.05,364.55
IRCON,227.35,222.64,236.15,232.63,226.06,230.25,228.71,223.81,217.64,218.27,212.25,210.06,207.38,209.37,208.98,215.01,217.85,217.91,216.6,204.14,207.73,206.33,204.37,192.24,181.74,188.04,190.01,220.41,220.15,218.92,213.74,210.11,210.95,205.45,196.07,187.88,194.18,202.7,221.43,195.53,192.04,194.17,191.12,189.2,188.87,179.85,168.6,167.34,157.92,154.54,151.1,161.16,160.75,158.69,154.91,153.84,148.82,141.66,140.56,143.42,147.81,149.16,151.94,148.13,144.93,143.28,140.45,137.99,145.92,155.42,159.61,160.1,166.89,163.94,158.21,159.79,156.48,159.26,160.77,160.36,154.2,144.11,148.72,145.69,149.6,158.31,160.61,160.47,163.01,162.97,166.1,164.2,156.36,156.81,157.23,152.65,153.1,158.7,156.1,155.4,151.95,147.51,160.25,160.35,172.81,177.58,188.88,197.35,188.29,189.69,185.51,183.96,187.63,189.06,191.18,192.95,190.91,194.87,193.94,220.46,218.15,218.52,218.04,215.74,215.84,206.45,202.36,205.02,199.63,197.4,190.52,197.35,196.34,200.88,203.29,202.99,204.39,202.94,203.65,201.17,199.15,199.55,195.98,194.76,194.27,193.58,191.2,191.07,192.17,191.21,189.78,186.9,190.78,188.13,187.61,186.64,181.25,176.11,180.96,179.55,177.36,174.34,177.96,175.11,171.78,167.71,164.68,168.5,167.14,167.62,165.38,167.12,172.03,171.69,170.18,171.19,169.24,165.53,161.13,160.32,166.48,175.38,172.08,166.71,168.97,171.74,173.54,172.75,169.37,172.3,183.66,185.21,187.02,185.9,185.19,182.05,179.29,174.92,173.03,169.85,169.11,170.98,173.62,174.59,172.52,182.6,179.09,177.82,176.64,173.91,171.88,173.59,173.13,169.03,170.23,170.76,169.44,169.82,170.24,168.7,172.22,171.97,169.62,169.38,168.16,163.54,163.6,162.94,164.37,166.45,161.13,163.27,168.49,167.9,166.28,165.21,162.3
DIXON,17345.9,17514.05,17528.55,17697.35,17954.4,18831.8,18940.15,18916.2,18401.95,17944.9,17998.45,17893,18038.15,17972.3,18103.6,17936.3,17994.2,18341.9,18397.65,18037.25,18451.85,16905.85,16852.7,16709.2,15835.15,16274.9,16919.65,16938.9,17224.45,17559.45,15144.35,14714.5,15463.6,15584.9,15432.8,14586.95,14536.15,14659.85,14985.95,14486.15,14933.65,15102.05,14657.85,15154.65,14795.2,14666.3,14766,14710.8,14010.7,14199.5,14006.7,14088.3,14219.75,13971.9,14043.35,14151.6,13824.3,13935.85,14051.75,14190.35,14497.45,14256.25,13911.25,13131.15,13298.9,13078.95,13324.05,13075.05,13470.15,13875.6,13905.7,14056.8,14608.35,13624.5,13260.4,13510.8,13179.5,12923.9,13450.7,13487.95,13137.55,12556.05,12991.8,13282.45,14301.9,14931,15252,15323,15816,16675,16607,16588,16219,16415,16614,16452,16347,16710,16056,16095,15626,15190,16073,16219,16121,16433,16660,16574,16566,15612,15170,15019,15085,15091,14816,14808,14692,14612,14453,14956,14694,14855,14914,14982,14790,14518,14311,14313,14243,14367,14004,14047,14571,14506,14165,14315,14473,14983,14716,15163,15074,15202,15433,15473,15710,15849,15786,15898,15823,16099,16107,15960,16281,16112,16556,16768,16700,16744,16784,16765,16841,16848,17002,16849,16513,16663,15864,16088,15828,15952,16191,16756,16905,16876,16725,16893,17018,16668,16678,16690,17582,17553,17759,17852,17855,18006,18002,17897,18041,18103,17985,18110,18110,18331,18177,18082,18130,18161,18202,17511,16678,16322,16453,16591,17041,17232,16859,17098,17445,17195,16634,16777,16844,16700,16075,16122,15611,15490,15505,15372,15512,15644,15494,15485,15254,15079,14849,14867,15094,15307,15323,15419,15641,15697,15540,15313,14965
KFINTECH,1266.35,1246.65,1254,1247.65,1252.7,1252.3,1235.9,1328.7,1429.05,1444.5,1415.2,1476.95,1592.2,1511.45,1582.8,1537.25,1545.15,1492.55,1472.2,1436.15,1475.25,1445.45,1452.05,1377.7,1255.15,1172.2,1244.15,1251.85,1206.9,1173.65,1115.2,1079.6,1104.05,1164.9,1131.8,1073.05,1087.05,1081.25,1090.25,1060.2,1098.65,1148,1170.3,1224.25,1153.95,1034.9,997.9,1000.25,924.85,825.7,801.8,853,879.45,911.2,909.25,892.7,842.85,870.65,872.3,880.35,882.05,888.9,929.55,901.65,913.55,919.6,915.55,915.5,935.85,975.1,1050.3,1100.5,1139.1,1098.75,1043.65,1041.1,1029.6,1032.05,1042.6,1062.7,1036,996.2,1028,1025.95,998.35,1007.2,1052.4,1105.8,1200.8,1284.4,1286.6,1227,1219.6,1239.2,1269.8,1197.6,1131.5,1087.8,1041.7,1103.3,1064.9,1065.4,1117.9,1047.8,1050.5,1041,1065.8,1077.9,1064.9,1056.9,1049.8,1072.2,1072.6,1079.2,1078.2,1070.2,1078.7,1124.4,1135.3,1170.3,1206.1,1248.3,1253.5,1265.7,1217,1194,1208,1225,1209.5,1222.9,1198,1272.5,1314.2,1338.6,1336.7,1323.4,1346.4,1347.7,1333.8,1320.9,1329.7,1294.9,1262.6,1273.3,1306.9,1291.9,1273.1,1275.6,1299.3,1282.2,1268.6,1259.7,1274.2,1282.4,1261.7,1232.6,1164.6,1149,1126.3,1109.2,1082.9,1101.5,1123.8,1120.6,1110.9,1089.7,1073,1091.4,1086.3,1114.5,1128.9,1115.5,1125.4,1115.8,1127.7,1126.2,1109.6,1054.1,1050,1021.2,1070.2,1057,1067,1058,1087.5,1098.9,1099.4,1115.9,1106.9,1107.3,1099.6,1100.3,1117.6,1144.8,1149.9,1093.9,1080.4,1060.7,1063.1,1070.8,1062.4,1051.7,1080.4,1067.3,1062.5,1049.8,1033.5,1050.8,1072.5,1143.8,1111.2,1127.8,1123.9,1124.3,1120.6,1127.3,1139.9,1149.4,1168.9,1174.8,1129.3,1112,1098.1,1102.8,1069.4,1062.1,1111,1081.6,1094.1,1100.3,1083.1,1084.1,1088.6,1089,1081.9,1080.4,1065.1
APLAPOLLO,1616.6,1623.4,1598.3,1606.65,1596.9,1600.85,1592.25,1578.25,1583.15,1559,1541.4,1516.25,1497.2,1514.95,1521.85,1568.25,1585.45,1587.2,1616.75,1591.75,1593.15,1538.6,1550.8,1520.7,1424.1,1466.9,1513.3,1548.8,1570.15,1590.05,1584.2,1559.55,1582.85,1561.4,1515.95,1488.8,1521.95,1475.9,1509.55,1442.3,1437.6,1428.2,1420.6,1427.85,1406.6,1377.9,1339.95,1374.2,1303.05,1333.75,1324.9,1380.65,1476.6,1489.2,1471.8,1464.65,1438.3,1438.95,1428.05,1425.65,1474.6,1463.15,1458.25,1434.6,1449,1402.95,1372.8,1405.6,1432.8,1492.8,1510.3,1511.55,1535.6,1509.05,1498.05,1531.1,1525.25,1529.2,1562.2,1565.85,1519.15,1440,1469.6,1474.4,1517.35,1564.8,1568.1,1589.4,1599.5,1621.6,1623.8,1629.9,1616.9,1618.2,1600.2,1619.8,1598.8,1618.3,1614,1663,1663.3,1655.7,1712.8,1725.1,1745.1,1775.9,1785.4,1805.9,1794.5,1814.4,1829.5,1830.2,1838.3,1843.5,1835.3,1827,1811.7,1808.9,1815.6,1894.4,1914.9,1920.9,1883,1892.1,1887.2,1836.1,1846,1852.9,1833.4,1798.8,1771.9,1769.8,1792.1,1793.2,1795.9,1795.9,1755.9,1739.1,1759.5,1743.2,1729.2,1717.6,1734.1,1741.4,1708.3,1719.2,1701.8,1692.5,1723.5,1714.8,1694.8,1666.4,1692.5,1660.4,1679.3,1686.4,1543.1,1504.8,1514.9,1566.3,1601.2,1594.1,1586.4,1603.5,1569.1,1595.2,1582.6,1587.9,1582.3,1582.6,1608.5,1607,1626.3,1628.3,1653.2,1649.5,1645.2,1628.9,1600.3,1604.7,1639.8,1653.7,1674.8,1672.9,1664.7,1691.3,1694.9,1695.7,1681.7,1703.3,1700.6,1697.6,1689.2,1696.9,1691.1,1679.3,1683,1676.2,1688.3,1660.1,1696,1686.1,1731.1,1738.2,1742,1736.3,1724.9,1735,1738.6,1742.2,1725,1734.1,1728,1754.1,1749.1,1752.1,1753.6,1754.4,1767,1777,1804.8,1784.6,1791.5,1796.2,1779.2,1785.7,1800.5,1799.1,1791,1796.4,1765.4,1763.3,1777.7,1763.8,1720.9,1721.2,1727.8
LTF,148.23,149.15,150.07,147.6,146.61,147.3,141.9,141.02,141.44,136.48,136.71,138.65,136.82,137.97,136.3,135.63,137.76,142.85,143.44,138.39,139.36,143.4,142.7,139.28,130.89,133.73,140.07,142.33,143.03,144.47,146.07,139.37,139.93,139.68,141.55,141.87,146.16,144.37,145.47,149.56,152.03,152.86,150.76,149.21,147.6,140.97,140.73,140.33,136.96,136.04,132.28,135.25,137.62,135.74,134.25,133.49,139.49,134.73,138.25,138.88,139.7,141.09,141.71,139.83,141,140.25,138.64,142.62,146.3,149.71,155.09,158.57,155.04,152.95,155.56,153.22,150.9,151.88,153.97,153.72,148.57,154.37,153.34,155.46,158.64,158.6,163.69,171.26,173.33,180.04,179.57,172.99,167.66,167.83,164.17,166.17,167.02,164.26,168.26,163.53,161.53,171.2,171.45,175.21,178.03,174.87,175.29,171.17,173.58,173.71,175.1,174.29,172.3,174.34,171.65,171.29,175,173.52,175.21,183.36,189.79,193,194.77,190.8,187.8,185.69,191.66,190.04,188.77,187.51,190.05,193.29,200.06,201.51,206.14,203.02,206.01,207.84,206.22,203.29,205.63,207.77,208.25,209.1,206.77,204.59,205.57,205.45,203.35,199.78,203.15,210.58,209.21,213.51,210.1,204.91,201.99,206.02,203.4,202.59,201.14,204.02,204.27,201.67,200.28,195.75,197.95,197.78,201.34,202.08,210.45,217.03,216.53,221.79,222.7,217.69,220,216.44,217.16,222.59,221.93,227.15,227.85,230.51,233.57,233.97,232.72,233.51,234.96,237.1,241.03,242.89,247.37,246.7,248.09,246.41,246.82,244.06,236.29,244.84,249.28,258.58,262.33,259.87,259.28,255.55,260.24,256.04,266.58,262.93,271.55,269.19,266.26,267.54,267.85,266.96,267,267.15,268.35,268.17,267.89,270.49,279.7,280,275.2,303.6,300.9,295.05,294.9,292.2,294.15,299.4,296.5,297.65,292.3,288.7,292.55
EIDPARRY,896.05,916.8,910.4,941.75,941.8,920.65,926.7,972.3,981.75,959.15,918.15,904.65,892.95,899.8,876.7,893.65,919.4,918.4,907.65,879.8,887.45,866,845.8,818.6,790.65,798.3,820.8,854.65,848.05,851.95,827.05,819.55,842.1,820.2,782.35,791.35,820,819.8,819.9,832.35,843.65,840.9,862.2,853.7,819.7,787.3,795.05,779.95,749.85,719.2,718.95,701.55,703.45,696.35,694.8,683.75,683.2,664.1,659.95,660.7,681.85,701.75,697.75,684.15,679.1,698.85,694.2,741.4,760.7,751.55,777.9,784.25,784.15,781.5,789.2,785.6,789.95,781.7,796.65,770.1,738,761.35,753.05,780.85,842.4,840.35,832.4,850.05,851.25,845.75,859.8,845,846.4,840.25,817.35,829.55,829.05,843.15,846.8,836.2,838,875,896.5,922.15,947.3,960.8,982.65,981,981.1,981.5,999.25,987.1,985.1,985.75,964.55,950.15,951.9,983.5,979.65,974.4,969.45,969.8,972.2,1011.25,987.1,984.65,966.55,950.85,961.6,956.3,955.15,973,970.85,1055,1019.3,1056.5,1110,1109,1101.4,1114.7,1095.6,1092.8,1080.2,1087.8,1109.8,1152.4,1157.2,1160.7,1157,1151,1152.2,1162.1,1167.6,1183.7,1186.4,1174.3,1180,1208.8,1236.2,1233.5,1204.6,1191.1,1195.5,1196.6,1143.2,1117.6,1148.4,1168.4,1138.5,1162.6,1177,1145.8,1155.7,1170.4,1178,1175.4,1131.2,1128.4,1125.8,1129.9,1104,1123.6,1125.8,1112.8,1067.3,1070.4,1086,1084.1,1072.6,1075.3,1088.1,1095.8,1094.1,1066.3,1074.5,1067.1,1073.3,1061.7,1031.6,1012.8,1025.5,1035,1041.9,1045.8,1045,1056.5,1037.3,1026.5,1036,1038.9,1034.4,1031.6,1022.2,1028.6,1039.2,1043.2,1038.8,1066.1,1070.4,1089.8,1077.2,1072.4,1060.3,1047.4,1040.7,1024.6,1025.2,1017,1047.4,1044.9,1025.4,1051.1,1027.8,1030.4,1029,1018.4,1017
CONCOR,686.48,681.32,685.08,659.68,660.44,654.96,645,638.88,631.04,614.36,621.08,620.68,621.08,627.32,623.44,630.4,623.44,631.76,628.64,610.88,603.4,605.4,606.56,600.2,582.72,609.4,607.32,620.84,617.96,619.4,604.72,604.84,617.8,603.48,589.56,590.52,594.32,605,624.08,576.04,586.16,592.24,584.24,579.08,569.56,553.96,552.92,555.64,540.16,562.68,543.04,557,552.72,550.08,541.04,540.76,530.04,498.96,502.92,502.72,530.2,531.16,525.32,513.52,515.76,517.24,512.2,516,530.44,547.36,540.72,551.72,572.76,569.32,549.48,560.36,553.28,559.76,567.56,571.6,550,519.4,538.24,548.16,547.84,556.84,559.44,559.32,569.24,568.08,570.76,566.12,543,548.32,549.64,538.96,544.6,552.32,539.08,543.6,525.92,518.92,550.6,551.52,549.88,552.2,584.4,597.56,581.56,585.24,590.36,576.72,593.92,614.96,622.48,628.76,627.52,622.48,628.72,644,643.4,647.6,640.8,639.96,631.56,618.08,609.16,611.68,600.6,596.6,582.36,590.6,588.28,596.2,604.92,603.36,605.08,607.84,596.6,595.4,596.2,599.65,597.15,598.35,615.35,627.85,614.95,615.55,619.8,619.9,621.05,613.25,613.45,607.5,609.35,606.05,598.7,590.9,592.05,585.15,578.2,573.6,581.75,578.9,554.8,553.6,556.65,545.3,541.55,541.55,531.8,537.8,555,557.5,553.2,547.9,544.4,528.45,528.85,527.35,539.55,544.8,548.8,541.6,542.25,546.45,541.55,544.95,550,550.05,556,564.15,562.25,561.1,553.75,550.15,543.75,530.8,529.75,524.8,523.3,525.8,526.55,533.5,532.15,532.45,528.25,537.75,541.4,530.95,527.25,529.95,534.1,529.5,533.8,534.1,534.75,536.9,540.75,541.2,553.85,549.6,545.25,549.85,542.5,519.35,521.7,521.35,522.9,530.45,523.9,518.85,518.15,522.6,517.55,515.4,511.2
TATAPOWER,440.75,435.2,434.8,433.55,428.45,425.5,420.9,415,412.6,401.1,399.9,399.4,404.3,399,389.75,392.4,392.35,395.5,396.65,378.65,378.75,374.05,367.15,356.35,339.95,356.95,365.45,368.9,373.6,374.45,365.9,358.85,362.75,363.4,351.9,346.35,350.95,352.15,364.5,354.9,362.05,366.2,365.35,367.1,358.2,349.1,348.1,347.85,337.15,337.2,339.6,347.65,357.95,357.2,354.6,351.5,343.3,339.2,342.85,345.95,351.4,354.05,351.45,352.45,352.45,356.25,350.75,362.7,371.45,370.35,379.5,383.3,377.1,376,383.4,375.4,374.75,378.25,385.65,368.95,354.85,359.7,358.25,364.45,378.5,381.25,381.7,390.85,388.6,394.45,395.85,387.6,395.1,393.35,384.4,381.75,389.1,374.9,377.35,370.15,371,391.4,389.3,396.95,397.95,405.8,408.1,398.95,401.85,395.6,402.05,402.6,402.2,396.35,397.3,392.8,396.85,391.5,393.65,393.55,399.55,406.2,413.2,412.05,401.65,397.2,399.4,396.05,393.4,384.55,390.1,393,398.45,403.05,405.65,408.85,405.45,406.55,406.65,399.9,401,401.2,400.85,400.65,399.9,396.85,402.55,403.9,414.7,413.45,407.9,401.85,399.15,402.5,400.7,395.35,399.2,399.85,401.35,397.75,389.3,387.1,385.55,385.55,385.55,378.8,384.3,384.45,387.2,385.3,387.3,389.15,390.55,388.05,385.6,383.25,377.75,371.1,374.15,380.55,386.05,389.15,382.6,385.8,383.25,384.65,386.5,388.1,386.25,388,396.05,394.65,393.1,396.3,395.3,395.5,390.3,386,383.8,388.05,388.65,391.15,394.9,395.55,392.5,385.45,388.2,390.1,391.15,391.55,396.5,399,397.8,399.8,398.8,397.65,396.85,400.25,398.65,410.7,409.8,404.9,408.6,400.6,391.75,393.2,395.85,395.6,388.65,388.8,388.4,392.75,386.25,389.1,388.1,387,382.55
MASTEK,3222.55,3270.85,3239.9,3270.25,3242.65,3245.55,3230.3,3196.9,3234.55,3040.9,2991.5,2964.2,2875.3,2933.5,2969.7,2978,3020.9,3084.75,3063.9,2988.7,3068.15,3019.4,2963.15,2943.05,2821.2,2782.2,2732.9,2741.15,2749.75,2697.75,2627.45,2611.4,2707.95,2593.25,2389.95,2455.55,2496.2,2509.2,2593.3,2555.45,2678.9,2732.6,2775.05,2746.2,2699.6,2575,2590.7,2605.55,2443.1,2339.75,2411.05,2462.1,2510.6,2441.75,2348.35,2361.3,2371.9,2225.75,2150.3,2236.4,2320,2388.85,2409.4,2400.55,2375.65,2316.85,2250,2440.05,2319.3,2340.1,2328.95,2282.65,2275.85,2245.25,2161.9,2181.15,2121.2,2185.5,2178.25,2096.5,1958.45,1974,2137.3,2196.2,2335.4,2333.7,2329.6,2313.9,2247.1,2216.1,2196.2,2172.9,2135.8,2132.4,2088.4,2077.7,2085.2,2049.4,2094.4,2138.6,2134.8,2261.7,2255.6,2319.6,2330.9,2343.1,2321.2,2329.8,2315.7,2319.1,2332.9,2321,2300.8,2248.1,2308.3,2327.8,2288.9,2316.3,2305.5,2345.4,2386.9,2363.1,2397.5,2466.9,2405.2,2454.6,2499.2,2480.8,2451,2390,2421,2444.4,2484.5,2506.9,2454.3,2421.7,2440.7,2425.1,2448.6,2422.7,2548.6,2571.2,2568.5,2579.4,2535.9,2520.8,2503.8,2524,2557.7,2539.4,2493.5,2669.8,2657.6,2549.3,2476.3,2479.8,2488.2,2453.2,2467.1,2416.7,2447.1,2521.2,2524.8,2514.9,2523.9,2485.5,2526.9,2515.7,2508.5,2504.6,2513.2,2538.6,2546.9,2495.8,2490.5,2601.3,2527,2424,2427.3,2534.9,2607.3,2577.1,2489.5,2436.3,2451,2437.7,2539.2,2506.4,2452.8,2452.6,2499.5,2454.6,2464.4,2420.6,2348,2290.8,2214.2,2179.4,2165.2,2197,2193.2,2208.8,2202.2,2191.5,2187.7,2132.3,2117.9,2156.8,2150.5,2124.6,2127.9,2172,2084.5,2037.8,2065,2168.2,2116.6,2201.3,2168.1,2175.9,2167.6,2139.6,2173,2138.9,2113.3,2099.6,2158,2202.4,2255.4,2245.5,2235,2336.4,2286.6,2301.5,2285.8,2268.8,2248.8
SUNTV,754.95,747.3,749.6,722.7,722.95,739.2,733.35,720.45,710.55,696.85,706.1,691.9,686.45,686.45,682.35,683.35,690.05,693.5,687.4,668.6,666.05,669.2,669.2,670.2,644.95,658,653.3,652.9,649.35,646.55,644.35,645.55,652.75,640.45,632.2,626.8,635.9,631.4,618.85,617.45,630.6,635.9,638.85,631.65,605.6,610.65,607.35,597.9,584.6,585.3,579.5,576.1,579.3,575.95,579.7,602.75,581.1,561.5,562.35,561.45,568.4,564.55,569.9,560.95,579.2,574.65,570.4,577.95,612.3,621.9,635,650.5,664.95,644.4,665.45,649.95,639.05,644.6,648.75,632.5,631.15,652.8,647.95,660.1,685.95,682.9,667.65,655.55,652.8,656.45,658.45,639.05,643.8,644.3,620.9,628.8,622.75,612.5,597.15,595.6,598.95,617.3,620.3,623.2,630.3,629.2,636.1,631.7,641.6,635.4,633.4,633.55,631.3,631.55,641.75,629.65,638.3,632.65,630.6,619.7,614.85,626.05,627.05,624.65,631,619.3,622.65,626.05,619.1,612.15,607.8,599.9,597.6,593.55,589.85,598.55,598.4,594.75,590,590.5,590,580.05,573.25,569.75,566.95,566.5,572.7,569.15,575.75,576.45,575.75,591.7,586.4,592.15,586.3,575.85,567.55,574.2,567.85,562.85,560.95,565.5,563.15,557.8,560.6,549.6,567.9,576.9,586.2,574.85,580.55,582.5,580.1,576.35,573.1,568.6,555.15,552.65,543.5,544.85,567.4,561.3,559.8,556.3,552.1,559.05,555.7,560.2,556.1,553.35,556.7,560,559.7,557.5,553.5,548,543.05,535.4,523.75,527.2,523.45,602.9,577.8,578.7,583.75,570.5,578.3,577.6,581.7,570.95,562.95,570.1,567.75,564.6,567.5,568.7,559.05,556.05,560,576.75,567.45,561.8,564,561.65,548.9,554.25,554.9,558.8,564.1,564.1,563.05,571.15,559.05,559.95,537.1,536.65,542.15
GVT&D,1942.95,1945.85,1957.55,1936.85,1930.15,2026.65,2069.75,2052.9,2110.9,2155.75,2111.35,2104.9,2092.5,2047.35,2099.15,2075.9,2048.8,2031.8,2033.7,2008.9,2004.3,1991.15,1990.2,1984.4,1913.5,1887.1,1893.7,1978.7,1945.95,1894.55,1824.5,1747.8,1811.75,1763.35,1675.2,1591.45,1641.35,1713.9,1787.5,1645.7,1646.95,1710.25,1719.95,1695.65,1655.35,1608.7,1538,1552,1474.8,1448.05,1416.1,1374.05,1425.45,1416.2,1444.25,1434.15,1377.65,1338.3,1311.85,1360.9,1385.25,1389.5,1423.45,1445.1,1475.8,1425.6,1421.55,1527.1,1506.25,1545.35,1622.05,1593.8,1594,1540.05,1606.85,1558.75,1480.85,1496.1,1461.35,1402.5,1295.55,1304.35,1296.95,1333.45,1391,1461.5,1443.3,1496.2,1502.2,1521,1509.6,1479.4,1535.2,1558.2,1566.1,1548.6,1602.9,1540.7,1621.8,1633.9,1653,1682.6,1696.4,1770.4,1841.9,1861.4,1841.3,1794.3,1844.6,1853.1,1885.1,2073.6,2210.5,2223.6,2288.6,2241.4,2299.4,2340.1,2359.7,2422,2315.7,2302.8,2300.1,2374.7,2308.6,2322.5,2298.8,2300,2373.9,2354.8,2356.3,2323.6,2439.5,2395.4,2346.5,2335.8,2361.1,2349.8,2388,2352.8,2356.4,2349.4,2382.9,2393,2381.9,2332.9,2286.2,2298.8,2334.9,2417.1,2358.2,2437.4,2451.4,2500.4,2521,2436.5,2398.6,2473.4,2597,2726.8,2863.1,2777.8,2819.6,2799.5,2788.6,2804.5,2800,2799.5,2916.9,2844.2,2830.8,2819.8,2790.4,2734,2770,2756.1,2690.1,2683.8,2779.2,2796.5,2752.9,2817.4,2712.2,2748.9,2765.7,2743.3,2788.2,2851,2924.6,2992.7,2985.9,3068.7,3022.8,2996.4,3022.8,2954.9,2906.7,2988.9,2960.5,3073,3170.1,3145.9,3097.9,3060.6,3048,3012.4,3028.5,2980.2,2927.7,2917.9,2959.6,2959.4,2959.6,2817.6,2905.2,2844.1,2968.2,3066.5,3063.6,3037.4,3171.2,3146.6,3000.5,3073.2,3097.5,3121.9,3127.6,3122.2,3035.3,3036.3,2996,3044.2,3069.2,2902,2863.9,2855.5,2984
MARICO,607.75,613.9,632.9,635.9,639.8,645.1,633.45,640.85,640.95,627.95,636.55,633.35,632.6,632.6,642.2,639.5,644,653.35,660.95,648.35,643.6,638.4,666.9,673.9,668.4,661.1,659.75,652.6,664.4,657.45,666.4,665.35,667.9,666.2,656.65,663.95,671.85,672.15,670.65,673.35,677.05,668.75,661.55,649.25,644.1,634.7,632.15,634.5,633.75,624.75,626.15,634.95,641.6,624.8,621.25,621.8,623.3,600.6,594.15,587.75,589.15,607.7,609.65,607.3,602.9,600.35,606.3,621.35,619.1,632.35,630.8,632.9,624.8,639.75,649.05,651.65,647.55,656.45,660.95,677.3,662.65,678.1,693.45,709.95,711.85,720.45,714.8,695.15,709.15,716.55,712.75,710.4,715.45,711.35,710.45,697.75,722.65,720.1,736.35,719.55,723.3,738.1,727.6,722.55,720.6,724.4,716.6,704.05,709.65,698.25,700.85,711.35,715.65,719.3,723.45,716.45,704.35,703.6,703.05,703.15,698.65,704.35,698.65,700.25,692.45,691.2,690.8,686.85,689.7,690.6,693.3,693.9,703.5,704.9,726.25,731.65,722.35,717.3,712.4,713.35,728.6,729.35,727.95,730.35,726.95,725.65,728,740.2,731.65,733.3,720.2,717.7,716.35,720.6,706.9,693.95,698.4,698.2,703.05,709.8,711.2,723.3,716.05,714.65,718.55,703.95,707,704.1,710.2,710.55,720.4,727.95,751.85,739.65,730.7,722.4,717.75,711.6,725.85,731.4,741.9,734.75,738.6,731.7,730.6,732.5,734.55,734.1,734.55,727.5,723.9,711.9,719.75,720.15,716.85,706,707.55,703.6,698.35,698.7,697.4,701.75,710.95,715.55,714.95,710.8,715.85,714.3,713.35,708.2,710.2,725.7,735.15,727.35,722.05,724.8,725.85,723.6,720.05,721.8,721.5,719.95,722.2,717.3,713.15,711.6,719.25,713,720.95,722,738.7,760.7,756.45,748.15,736.15,739.9,735.95
ABCAPITAL,196.83,200.13,201.58,197.5,196.71,196.62,192.25,190.89,190.65,186.21,186.39,186.26,184.35,183.24,180.07,177.82,179,183.89,184.45,176.27,179.83,178.91,173.52,167.63,169.84,174.37,173.79,177.79,177.18,178.33,174.36,173.03,174.27,170.43,165.1,169.01,176.54,177.18,179.39,172.46,167.51,171.76,169.19,169.41,167.21,160.62,158.59,159.25,152.74,153.97,154.09,155.51,158.07,157.28,154.68,152.32,157.67,156.33,152.98,154.55,156.7,159.58,160.85,158.06,157.88,162.8,162.19,166.49,170.79,176.78,185.52,184.59,181.55,181.43,185.21,185.07,184.03,190.16,193.34,188.26,179.34,184.02,181.95,185.33,190.64,195.82,198.18,202.49,203.82,207.98,203.1,195.94,199.42,199.71,196.36,198.08,199.32,191.94,200.75,194.62,193.17,205.54,204.89,218.33,215.4,218.24,215.19,213.84,221.46,221.45,222.29,221.95,221.03,219.02,221.27,222.51,224.16,222.52,225.09,225.2,233.41,240.23,242.66,246.25,242.97,240.37,248.75,255.11,256.23,255.68,260.28,264.62,271.19,272.33,276.8,269.33,276.6,280.8,273.7,272.6,275.05,276.25,277.4,273.3,272,269.45,271.5,270.75,270.2,269,264.35,271.05,268.55,268.6,270.95,260.35,253.75,252.35,248.8,256.65,251.45,278.45,282,277.15,278.15,271.8,271.2,268.05,269.7,273,283.15,287.35,283.45,291.3,286.35,285.2,281,277.45,277.85,280.05,274.85,279.25,277.55,281.1,288.9,289.7,287.65,290,291.5,290.7,289.95,283.95,290.9,289.15,288.15,291.45,291.95,286.5,278.9,289.85,292.35,299.85,303.95,304.05,303.5,295.25,297.95,293.35,299.05,298,303.5,300,299.3,305.35,304.85,308,306.15,310.75,312.6,310.8,326.8,324.2,334.25,331.45,327.05,338.1,333.55,329.35,329.6,331.8,331.4,334.8,333.1,330.65,327.85,325.65,331.85
BBTC,2368.2,2403.85,2373.3,2343.75,2329.25,2403.55,2353.55,2317.4,2281.55,2191.15,2124.8,2146.2,2114.6,2121.55,2129,2120.65,2250.75,2234.2,2193.85,2089.85,2064,2071.6,2074.45,2006.65,1947.9,1977.3,1991.6,2000.9,2003.3,2034.7,1980.1,2230.15,2232.2,2161.95,2103.5,2049.4,2129.85,2106.45,2118.15,2113.8,2128.3,2140.35,2145.1,2119.2,2093.3,1987.75,1942.3,1948,1864,1890.4,1855.9,1900.1,1894.8,1836.95,1813.9,1794.4,1718.7,1658.15,1714.85,1689.9,1741.55,1766.85,1792.95,1713.2,1686.35,1698.15,1644.4,1630,1691.95,1731.05,1738.2,1784.6,1829.85,1772.9,1724.8,1771.25,1764.2,1767.6,1889.2,1870.85,1766.55,1715.65,1740.95,1788.1,1826.25,1855.8,1909.7,1901.2,1920.6,1970.3,1965,1988.4,1903.5,1921.5,1954.4,1865.2,1853.1,1886.6,1835.7,1770.6,1746.8,1720.4,1794.8,1791.3,1831.6,1843.5,1909.2,1956.8,1971.6,1978,1981.3,1981.1,1998.3,1992.6,2030.5,2030,2021,2029.8,2013.8,2004.4,1981.4,1980.5,2006.1,1982.8,2008.1,1982.5,1970.6,1966.3,1956.4,1935.6,1885.1,1849.6,1882.5,1889.4,1926,1929,1975.8,2007.5,1998.8,1992.8,1979.1,1984,1989.8,1958.9,1946.9,1974.3,1950.6,1940.1,1994.5,1995.5,2033.2,2004.6,1957.1,1945.6,1981.1,1970.2,1955.5,1921.5,1939.4,1935.9,1896.8,1901.6,1894.7,1861.6,1842.6,1874,1849.4,1835.5,1866.9,1855.3,1832.3,1856,1862.2,1866.2,1842.4,1825.8,1802.4,1768.2,1799.7,1753.7,1788.2,1824,1835.6,1877.1,1853.9,1864.3,1861.6,1884.4,1891.6,1879.8,1961.3,1939.1,1957.9,1954.7,1936.4,1911.7,1878.7,1880.9,1856.8,1784,1762,1768,1802.8,1838.6,1915.1,1879.8,1846.9,1848,1879,1889.8,1911.2,1908,1887.7,1999.7,2048.3,2056.7,2103.1,2078.9,2035.1,2007,2014.6,1993.3,1980.8,1979.8,1952.8,1901,1901.5,1935.9,1907.6,1890.2,1873.3,1830.7,1842.8,2022.7,1974.1,1919.4,1862.3
ROUTE,1485.9,1424.05,1444.95,1438.85,1428.35,1431.5,1427.55,1427.7,1414.6,1368.35,1361.9,1390.45,1369.05,1370.4,1415.65,1392.85,1402.35,1405.35,1396.3,1350.9,1373.65,1357.05,1357.9,1323.25,1285,1323.9,1292.2,1299.35,1301.6,1299.85,1297.65,1249.7,1296.5,1245.15,1199.5,1191.4,1202.25,1190.7,1197,1181.2,1192.85,1195.15,1197.7,1190.4,1176.2,1131.95,1104.7,1099.05,1061.4,1070.25,1029.95,1046.6,1028.8,1039.95,1023.15,1015.2,1000.45,980.1,968,984.75,1001.15,1034.4,1019.6,975.05,969.85,980.55,957,923,948.65,964.15,978.45,999.35,999.45,977.75,951.85,950.35,932.2,976.15,965.5,975.75,940.9,921.2,923.45,975.4,975.4,980.4,981.8,1022.75,1017.5,1010.3,1009.2,1018.8,972.6,977.55,971.85,950.95,969.65,975.65,953.3,959.5,943.15,912.4,939.5,938.65,946.25,950.3,981.65,971.6,958.75,959.75,972.6,966.65,958.7,950.45,966.9,960,949.25,957.7,954.15,949.75,963.8,1021.35,1044.45,1027.85,1027,1077.6,1086.25,1062.15,1056.7,1045.5,999.1,981.25,984.55,965.35,986.9,993.95,999.3,1023.75,1026.3,1012.7,1016.9,1019.2,1011,1003.2,990.2,1001,989.4,984.2,1002.2,1012.3,1009.6,959.6,938.6,936.6,932.8,933.3,926.1,908.3,910.5,912.3,902.3,884.35,878.1,882.55,878.25,874.5,863.4,867.4,862.95,884.25,871.5,889.85,902.35,905,892.35,880.3,874.4,860.45,855.45,847.95,852.45,855,850.3,855.8,861.05,867,860.25,862.1,855.85,871.7,862.1,872.2,867.9,875.4,855.6,841.1,845.65,841.5,829.4,799.5,787.7,791.55,797.95,794.6,783.75,773.6,771.85,761.5,760.55,754.3,742.5,735.6,733.75,731.85,722.85,737.5,728.85,724.25,731.6,727.7,736.8,721.75,712.25,723.85,711.85,705.65,696.6,682.4,672,707.75,712.55,692.05,689.25,692.95,680.55,678.6,669.9
INDIAMART,2371.15,2377.35,2398.7,2331.35,2385.55,2377.95,2367.2,2359.9,2363.4,2249.95,2252.2,2245.45,2231.5,2256.35,2268.8,2248.8,2284.8,2307.75,2250.4,2176.45,2293.55,2299.65,2322.3,2325.15,2242.7,2254.7,2209.65,2239.05,2282.6,2270,2294.85,2143.45,2086.55,2083.4,2084.05,2087.35,2076.7,2077.9,2066.4,2183.15,2187,2196.55,2182.1,2172.65,2184.75,2148.9,2173,2199.35,2124.6,2102.4,2068.8,2064.15,2070,2022.7,2002.7,2000.4,1961.15,1964.95,1955.8,1960.35,1982.75,2011.1,2010.7,2008.75,1946.05,1934.75,1955.95,2035.6,2089.15,2127.3,2142.05,2138,2099.9,2069.35,2070.05,2068.7,2058.45,2106.7,2140.95,2069.75,1925.65,1985.75,1993.8,2093.9,2134.9,2148.2,2196.6,2255.3,2281,2290.6,2315.8,2248.1,2234.8,2331,2308.1,2257.9,2239.8,2209.2,2272.3,2293.4,2255.6,2293.2,2350.4,2283.8,2330.5,2350.2,2383.3,2363.6,2391.8,2392.7,2368.1,2332.2,2307.4,2318.8,2326,2332.5,2324,2361.7,2379.9,2437.8,2428.1,2472.1,2488.7,2498.1,2493.8,2468.7,2490.5,2480.8,2471.6,2441.9,2490.4,2511.2,2494.9,2660.6,2637.3,2608.3,2598,2597.8,2569.5,2580.1,2546.7,2538.4,2553.6,2587.7,2586.2,2604.6,2741.6,2713.2,2658.9,2626.7,2652.6,2600.2,2552,2591,2621,2560.5,2556.3,2588.9,2585.2,2589.2,2598.8,2525.1,2486.8,2519.1,2560.2,2561.3,2540.6,2521.3,2552.9,2545.8,2572.9,2589.4,2623.6,2659.9,2670.5,2637.6,2654.6,2577.7,2597.2,2600.2,2548,2527.8,2561.2,2555.1,2574.6,2574.8,2576.4,2612.4,2600.7,2609.1,2597.8,2550.8,2523,2469.6,2449.3,2391,2376.7,2373.6,2366.8,2330.4,2356.4,2398.9,2371.4,2376,2346.6,2437.6,2412.2,2391.4,2398.5,2334.8,2329.7,2356.2,2344.1,2334.7,2376.7,2349.8,2370.8,2455.1,2480.4,2483.7,2469.6,2457.9,2466.8,2468.2,2473.1,2447.5,2451.8,2452,2504.5,2477.1,2451.4,2475.5,2446.2,2413.3,2391.8,2341.8,2307.5
PRESTIGE,1742.1,1750.5,1751.9,1741.3,1754.65,1830.75,1854.4,1888.05,1863.75,1794.5,1755.05,1751.9,1751.8,1752.5,1675,1694,1653.55,1662.45,1656.25,1594.95,1583.45,1568.6,1521.25,1492.4,1426.65,1426.3,1439.35,1449.85,1472.2,1463.5,1388.9,1319.3,1342.6,1255.65,1243.85,1271.1,1318.4,1342.35,1359.5,1425.15,1421.4,1379.35,1366.35,1347.7,1324.85,1311.15,1220.15,1237.9,1227.15,1240.4,1217.15,1230.05,1250.3,1216.3,1186.1,1192,1134.55,1126.6,1184,1187.95,1178.15,1171.65,1144.85,1123.95,1126.4,1118.7,1129.6,1097.65,1132.5,1200.75,1208.25,1226.15,1220.3,1222.9,1196.6,1206.05,1184.4,1137.35,1177.6,1188.5,1127.05,1060.3,1087.05,1079.45,1122.85,1198.5,1207.4,1215.2,1268.6,1303.9,1323.8,1294,1261.8,1315.8,1380,1375.1,1363,1385.5,1332,1337,1315.5,1281.6,1366.1,1347.3,1395.3,1418.9,1433.2,1439.8,1419.6,1432.6,1419.7,1436.2,1438.7,1444.5,1451.8,1500.9,1466.6,1539.6,1584.6,1581.6,1626.1,1714.6,1708.5,1663.6,1666.5,1640.2,1656.1,1699.3,1694.7,1692.5,1678,1716.3,1719.2,1728.5,1748.6,1699,1665.4,1657.4,1637.1,1601.6,1600.8,1613,1630.5,1659.1,1650,1696.5,1695,1726.3,1724.6,1718.6,1783.2,1782.2,1806.1,1793.1,1753.8,1698,1669.1,1611.3,1640.2,1624.8,1626.5,1596.5,1632.8,1608.9,1604.6,1629.5,1603.6,1652.8,1630.8,1628.9,1600.9,1624.7,1636.4,1626.6,1630.6,1635.6,1649.1,1609,1579.9,1561.8,1578.2,1565.6,1584.9,1554.2,1510.5,1538.6,1542.7,1561.9,1558.9,1549.7,1594.2,1625.2,1654.3,1629,1618.7,1617.4,1604.9,1572.7,1534.5,1507.4,1520.8,1510.1,1542.1,1530.1,1541.3,1530.6,1513.8,1582.9,1621.6,1614.6,1603.6,1676,1696.9,1706.2,1717.5,1713.4,1737.1,1754.1,1784.8,1758.2,1753.1,1755.3,1744.7,1780.7,1746.5,1725.2,1738.6,1750.7,1758.6,1701.2,1755.2,1744.9,1753.2,1722.3,1717.3,1717.2,1688.5
CRISIL,5284.45,5421.05,5448.25,5526.65,5817.75,5791.95,5785.2,5869.4,5804.65,5752.5,5695.05,5730.25,5575.85,5586.05,5992.45,6653.1,6408.65,6186.3,6108.15,5934.55,5905.6,5770.6,5673.7,5675.65,5806.35,5886.9,5778.15,5698.15,5582.9,5491.15,5410.25,5343.25,5291.15,5322.4,5130.05,5064.55,5419.9,5271.05,5433.3,5400.6,5401.05,5296.65,5154.2,5227.65,5109.15,5349.2,5054.8,5096.7,5123.45,4944.85,4874.55,4706.7,4661.25,4650.1,4568.4,4494.95,4577.95,4388.4,4449.2,4436.35,4439.55,4549.4,4488.95,4417.55,4387.2,4387.15,4373.7,4372.4,4382.35,4416.7,4233.8,4196.1,4186.6,4169.65,4165.8,4178.9,4177.45,4241.45,4297.95,4193.7,4134.55,4333.65,4211.1,4215.85,4358.5,4468.7,4555.8,4702.9,4735.1,4752,4800.5,4524.7,4544.4,4396.2,4452.7,4664.8,4620.6,4647.9,4700.4,5010.3,4870.2,5004.2,5115.3,5068.9,5031.3,5015.5,5157.8,5033.4,5093.5,5107,5093.9,5120.4,5195,5252,5253.3,5249.7,5195.5,5162,5300.5,5278.5,5350,5390,5510.5,5838.5,5527,5336.5,5412,5670.5,5601.5,5651.5,5751,5794.5,5819.5,5939,5947,5992,6048,6040,5936,6041,5852.5,5775.5,5816.5,5877,5921,5973,5993,5978.5,5928,5934.5,5903,5822.5,5785,5860.5,5812,5546.5,5367.5,5314.5,5220,5304,5216,5292.5,5355,5211,5183,5204,5226,5119,5206.5,5339.5,5396.5,5431,5359,5400.5,5313,5199.5,5093.5,4905.5,4986,5072.6,5051.3,5059.6,5007.5,5007.9,4965,4991.7,5058,5039.2,5001.2,5013.9,5045.4,5086.2,5024.1,4985.8,4951.4,4851,4766.8,4747.7,4620.5,4581.2,4436.6,4451.4,4609,4589.4,4715.5,4630.3,4624.7,4684.2,4574,4590.4,4728.4,4731.5,4714.3,4912.8,4955.9,4954.2,4962.4,5031.3,4986.2,4954.3,4953.9,4929.2,4872,4777,4799.8,4723.4,4714.4,4717.8,4652.7,4613.7,4639.2,4718.8,4645.2,4637.2,4588.1,4521.9,4538.4
MUTHOOTFIN,1991.3,2033.25,2064.5,2127.35,2092.85,2119.2,2104.9,2114.7,2136.85,2075.65,2067.55,2035,2062.5,2069.6,2101.5,2136.15,2215.05,2256.9,2237.25,2185.8,2209.15,2179.2,2135.1,2136.55,2096.5,2123.85,2179.55,2180,2149.6,2142.2,2165.05,2197.45,2195.1,2173.4,2139,2135.9,2210.6,2209.65,2258.8,2172.45,2239,2266.15,2233.6,2244.55,2201.85,2188.2,2182.85,2317.8,2254.9,2243.9,2244.5,2264.2,2276.25,2212.1,2188.55,2183.25,2208.65,2132.8,2146.3,2151.75,2125.9,2176.85,2179.45,2184.6,2184.6,2209,2196.35,2317.9,2416.45,2374.75,2356.6,2352.55,2345.45,2313.55,2337.9,2382.9,2338.8,2342.8,2370.25,2348.3,2254.3,2292.65,2139.95,2017,2051,2080.7,2111.6,2203.6,2272.7,2191.4,2150.5,2093.2,2133.4,2152.3,2169.9,2175.4,2203.6,2248.2,2308.4,2221.9,2229.6,2256.4,2216.5,2259.9,2104.1,2104.8,2085.1,2030.7,2089.6,2096.5,2090,2095,2062.6,2092.4,2065.2,2215.4,2222.3,2234.4,2272.3,2294.6,2446.2,2539.9,2553.6,2538.6,2555,2598.7,2633.3,2645.7,2634.4,2637.1,2606.4,2601.7,2566,2574,2583.2,2570.7,2623.9,2641.9,2625.4,2635.1,2662.8,2660.6,2649.8,2645.6,2644.8,2640.6,2665.4,2655.5,2650.2,2660,2660,2683.2,2674.3,2690,2662.2,2660.6,2648,2617.1,2633.2,2612.3,2592.7,2665.8,2641.5,2624.7,2634.6,2617.8,2589.8,2533.2,2509.9,2757.4,2768.3,2747.2,2683.9,2675.8,2680.6,2693.7,2673.1,2644.8,2637.8,2710,2698.7,2783.6,2826.3,2837.9,2900.9,2942.4,2898.1,2877.4,2926.2,2937,2988.4,2942.1,2957.6,2934.9,3047.6,3060.8,3088.3,3051.6,3020.3,3064.7,3077.1,3144.5,3167.6,3227.7,3242.6,3263.1,3249.5,3156.9,3214,3218.3,3260.3,3268.5,3334.5,3322.2,3274.7,3182.1,3163.1,3145.9,3182,3183.2,3191.4,3178.7,3190.6,3188.3,3183.8,3230,3328.2,3389.3,3324.9,3393.1,3725.6,3760.5,3695.9,3701.7,3697.5,3636,3614.4
BHARTIARTL,1602.55,1578.65,1586,1610.55,1681.75,1662.55,1615.3,1601.9,1600.3,1578.1,1586.9,1583.9,1599.5,1599.85,1586.9,1587.75,1595.7,1609.7,1598.85,1588.45,1590.85,1599.2,1607.05,1615.9,1597.2,1600.1,1607.45,1630.2,1627.5,1641.15,1626.15,1631.75,1636,1644.8,1602.6,1618.35,1600.45,1640.75,1626.3,1652.35,1661.45,1660.45,1619.75,1676.75,1693.05,1696.75,1711.55,1714.6,1717.05,1675.55,1668.9,1645.2,1643.5,1639.25,1601.3,1641.4,1650.4,1570.2,1595.8,1575.35,1618.25,1626.9,1630.7,1630.95,1662.95,1642.85,1632.5,1639.15,1627.3,1637.15,1705.25,1725.8,1718.8,1730.5,1738.55,1724.7,1733.4,1724.15,1754.6,1746,1743.45,1686.65,1720.4,1715.55,1756.6,1798.8,1822.6,1889.1,1883.4,1852.2,1881.6,1845.6,1817.2,1821.8,1823.8,1864.5,1851.9,1866,1901,1896.8,1874.9,1848.4,1870.8,1820.6,1834.2,1867.2,1814,1818.3,1808.9,1822.5,1831.4,1831.7,1847.4,1843.8,1856.1,1863.6,1856.2,1854.1,1841.3,1875.4,1878.8,1870.2,1865.1,1857.1,1860.2,1844.2,1840.4,1861.3,1854.8,1865.9,1877,1936.7,1936.3,1933.6,1965.6,2014.3,2027.1,2009.6,2019.4,2033.3,2019.3,2017.2,2033.9,2030,2019.7,1964.5,1921.9,1920.9,1934.2,1936.6,1929.9,1901,1909.2,1906.8,1943.8,1936.1,1937.9,1890.3,1918.3,1932.6,1914.3,1884.4,1914.6,1931.8,1929.7,1922.6,1858.6,1857.4,1850.3,1867.4,1873.8,1892.3,1909.7,1928.4,1929.9,1933.3,1930.7,1904.7,1881.1,1888.8,1900.6,1887.2,1883.9,1880.4,1895.3,1887.7,1893.7,1891.4,1913,1902.6,1904.5,1939.5,1941.3,1941.1,1962.4,1956.2,1938.7,1931.1,1935.6,1916.6,1902.2,1878.4,1867.6,1896.7,1903.1,1929,1943.5,1942,1939.9,1954.9,1946.6,1968.5,1967.4,2012,2051.5,2043.5,2007.9,2029.3,2080.1,2090.2,2100.6,2066.3,2054.5,2074,2113.3,2094.9,2001.2,2019.8,2042.3,2073.8,2091.8,2100.7,2112.2,2149.2,2159.8,2158.3,2162.7
BHARTIARTL,1602.55,1578.65,1586,1610.55,1681.75,1662.55,1615.3,1601.9,1600.3,1578.1,1586.9,1583.9,1599.5,1599.85,1586.9,1587.75,1595.7,1609.7,1598.85,1588.45,1590.85,1599.2,1607.05,1615.9,1597.2,1600.1,1607.45,1630.2,1627.5,1641.15,1626.15,1631.75,1636,1644.8,1602.6,1618.35,1600.45,1640.75,1626.3,1652.35,1661.45,1660.45,1619.75,1676.75,1693.05,1696.75,1711.55,1714.6,1717.05,1675.55,1668.9,1645.2,1643.5,1639.25,1601.3,1641.4,1650.4,1570.2,1595.8,1575.35,1618.25,1626.9,1630.7,1630.95,1662.95,1642.85,1632.5,1639.15,1627.3,1637.15,1705.25,1725.8,1718.8,1730.5,1738.55,1724.7,1733.4,1724.15,1754.6,1746,1743.45,1686.65,1720.4,1715.55,1756.6,1798.8,1822.6,1889.1,1883.4,1852.2,1881.6,1845.6,1817.2,1821.8,1823.8,1864.5,1851.9,1866,1901,1896.8,1874.9,1848.4,1870.8,1820.6,1834.2,1867.2,1814,1818.3,1808.9,1822.5,1831.4,1831.7,1847.4,1843.8,1856.1,1863.6,1856.2,1854.1,1841.3,1875.4,1878.8,1870.2,1865.1,1857.1,1860.2,1844.2,1840.4,1861.3,1854.8,1865.9,1877,1936.7,1936.3,1933.6,1965.6,2014.3,2027.1,2009.6,2019.4,2033.3,2019.3,2017.2,2033.9,2030,2019.7,1964.5,1921.9,1920.9,1934.2,1936.6,1929.9,1901,1909.2,1906.8,1943.8,1936.1,1937.9,1890.3,1918.3,1932.6,1914.3,1884.4,1914.6,1931.8,1929.7,1922.6,1858.6,1857.4,1850.3,1867.4,1873.8,1892.3,1909.7,1928.4,1929.9,1933.3,1930.7,1904.7,1881.1,1888.8,1900.6,1887.2,1883.9,1880.4,1895.3,1887.7,1893.7,1891.4,1913,1902.6,1904.5,1939.5,1941.3,1941.1,1962.4,1956.2,1938.7,1931.1,1935.6,1916.6,1902.2,1878.4,1867.6,1896.7,1903.1,1929,1943.5,1942,1939.9,1954.9,1946.6,1968.5,1967.4,2012,2051.5,2043.5,2007.9,2029.3,2080.1,2090.2,2100.6,2066.3,2054.5,2074,2113.3,2094.9,2001.2,2019.8,2042.3,2073.8,2091.8,2100.7,2112.2,2149.2,2159.8,2158.3,2162.7
BLS,447,456.4,450.3,477.55,467.5,470.45,485.3,485.25,490.25,484.45,483.25,477.15,470.5,479.3,469.4,483,483.65,498.6,505.5,479.25,499.6,482.25,467.2,451.05,430.15,430.2,432.8,451.5,501.85,469.55,463.95,456.5,453.95,438.6,415.8,414.5,422.4,420.7,436.25,434.95,438.5,443.4,445.2,440.35,423.95,400.75,395.9,395.15,375.3,370.1,378.05,387.5,392.6,379.85,369.95,365.35,349.45,339.05,328.1,343.85,340,339.35,347.25,330.55,327,327.45,325.65,348.05,349.55,361.6,397.4,422.35,404.4,396.7,398.7,398.65,392.4,400.45,404.25,385.05,350.6,367.25,346.55,359.1,386.05,383.5,386.6,403.95,397.5,384,384.9,371.55,370.2,370.95,355.35,349.95,352.7,340.5,342.75,343.3,341.7,364.15,371.35,379.05,394.9,393.75,398.15,393.4,396.85,394.7,401.9,412.45,409.15,415.65,408.2,406.55,412.7,406.05,408.85,408.9,398.65,384.45,386.05,378.7,370.25,369.5,368.65,363.75,362.55,354.15,358.45,356.1,362.3,369.25,369.65,379.5,368.95,363.75,362.65,363.95,363.7,377.35,379.05,375,383.85,385.1,380.05,384.25,387.35,386.25,382.8,378.65,378.65,367.35,367.9,362.8,360,372.7,377.25,380.05,379.65,384.4,399.55,402.25,397.9,396.75,390.75,383.7,377.75,372.95,371.95,372.7,369.6,366.8,368.15,368.8,372.35,371,366.7,370.55,369.3,370.55,367.85,366.85,365,362.4,367.5,369.7,368.9,367.1,366,369.95,369.15,365.35,361.05,360,355.95,343.45,333.95,328.45,322.3,331.15,330.1,331.25,351.4,347.15,337.3,337.15,299.8,292.35,278.55,324.5,326.8,322.95,325.95,325.05,318.25,314.75,307.35,308.85,317.3,314.6,317.5,321.95,319.4,313.95,315.45,308.5,336.7,322.3,328.55,324.9,323.9,322.8,321.95,321.2,315.9
EICHERMOT,4842.1,4813.05,4801.95,4807.65,4825.9,4838.5,4742.65,4749.85,4771.95,4734.5,4750.55,4792.9,4801.35,4876.9,4855.8,4821.9,4885.3,5308.1,5310.75,5250.1,5177.3,5163.2,5139.9,5058.45,4939.1,5029.55,5081.9,5047.8,5012.3,5016.75,4969.95,5009.7,5116.2,5206.3,5144.5,5105.4,5182.9,5164.35,5194.3,5485.25,5450.1,5417.2,5342,5372.55,5335.35,4972.35,4849.45,4820.4,4703.35,4745.2,4719.4,4810.6,4888.4,4962.45,5010.8,4989.8,4935.5,4773.6,4906.6,4815.1,4988.3,5094.4,5100.7,4990.55,4985.55,5017.45,5015.25,5050.2,5127.4,5100.9,5229.35,5305.95,5424.2,5431.25,5403.3,5345.75,5347.7,5307.2,5355.5,5379.15,5247.9,5065.25,5231.35,5258.3,5350.9,5529,5615.5,5678.5,5810.5,5784,5740,5650.5,5575.5,5622,5579,5567,5437.5,5460.5,5515,5489,5372.5,5324,5520,5419,5446.5,5466,5509.5,5530,5387.5,5409,5387,5400,5427.5,5389.5,5326.5,5379,5333.5,5361,5354,5319.5,5308.5,5394,5391,5377.5,5352,5315.5,5319,5365,5341,5393,5493.5,5525,5552.5,5629,5576,5611.5,5660,5656.5,5715.5,5722.5,5716,5629,5682.5,5679.5,5695,5652,5612.5,5540.5,5591,5626.5,5650,5627.5,5558,5439.5,5441.5,5469,5433,5386,5470.5,5481,5468.5,5528,5621,5681,5668,5681.5,5663,5671.5,5658,5714.5,5764,5912,5938.5,5937.5,5975,5924.5,5990.5,6151,6133,6103,6280,6349,6371.5,6425,6580.5,6815,6874.5,6836.5,6758,6875,6801,6927.5,6890.5,6924.5,6973.5,6946,6990.5,7011.5,6986,7047,6985,7005.5,7021.5,6941,6880,6957,6902.5,6896.5,6965,6912,6887,6895,6988,7042.5,7013.5,7018.5,6884.5,6840,6906.5,7002.5,6952,6889,7007,7023.5,6930,6806.5,6886,6866.5,6873,6879,6855,6695,6799,6814.5,6896.5,7125.5,7134.5
GICRE,413.9,425.95,425.35,430.45,430.05,442.45,440.65,449.7,442.45,501,480.55,468.9,465.45,473.2,444.8,444.25,458.55,451.85,457.7,435.05,452.65,446.7,464.9,429.55,407.6,423.3,415.15,430.4,437.7,451.55,434.85,423.1,439.45,420.35,399,391.55,404.95,400.7,411.45,388.35,401.4,408.1,415.6,418.6,401.35,380.85,377.75,386.65,369.1,361.5,377.95,383.65,387.25,385.25,389.8,391.35,389.9,368.9,363,382.2,391.6,390.05,382.4,377.7,375.4,378.95,384.55,403.1,418.45,409.5,445.35,441.9,427.35,420.15,416.85,421.1,414.35,420.05,428.8,405.05,385.1,398.85,395,397.35,411.8,417.35,429.2,428.1,427.3,424.75,426.05,428,428.05,433.75,417.15,425.2,427.5,408.5,410.8,402.5,394.4,413.95,416.1,417.7,420.4,436.25,433.35,432.1,436.45,420.55,427.1,431.5,416.4,412,408.75,411.6,408.4,403.75,398.85,398.8,399.75,407.85,409.5,404.8,394.05,391.5,386.95,379.4,371.4,370.95,377.2,376.45,381.05,384.7,381.55,386.65,385.15,381.9,379.6,377.45,379.95,378.4,374.7,372.5,376.85,375.25,382.85,385.3,393.3,386.85,382.5,380.95,383.8,380.6,381.2,373.65,370.45,371.45,381.95,392.15,383.8,383.2,383.1,380.3,377.6,393.25,399.5,394.15,393.85,386.25,389,389.95,387.05,382.9,380.8,379.3,373.1,366.55,363.65,370.8,370.95,372.5,366.4,367.35,366.4,365.95,367.65,370.15,369.4,374.25,369.7,365.85,364.4,364.05,363.1,363.6,362.9,360.1,359.7,363.65,368.65,366.3,365.9,381.05,382.75,374.15,378.2,383.85,385.15,376.95,382.65,386.4,383.6,388.1,386.5,388.05,386,385.95,383.4,386.3,382.8,374.2,379.55,375.85,373.95,379.15,378.4,384.75,386.9,391.8,393.05,395.1,393.45,388.05,385.1,380,378.05
ABREL,2826.35,2801.65,2775.1,2770.8,2751.5,2762.15,2713.1,2686.55,2658.2,2628.4,2582.7,2544.5,2505.1,2503.55,2477.1,2508.65,2528.7,2465.5,2384.75,2244.7,2311.7,2227.6,2167.1,2072.35,1895.2,2009.9,1982.95,2065.9,2034.3,2036,1977.2,1845.8,1937,1878.7,1860.45,1903.45,1962.9,1990.75,2153.35,2093.15,2198.45,2278.85,2284,2250.1,2209.6,2103.6,2134.05,2099.75,2068.7,2110.1,2064.55,2042.3,2030.25,2062.45,1989.5,1891.25,1847,1863.1,1990.2,2001.1,1993.75,1959.45,1972.55,1909.3,1894.45,1805.9,1775.3,1775.35,1866.65,1921.9,1937.05,2038.4,2051.5,1969.4,1948.8,1879.35,1959.9,1970.15,1956.4,1954.9,1898.5,1802.8,1807.75,1713.9,1786.4,1857.2,1894.8,1889.8,1916.4,1925.1,2014.8,1980.6,1918.6,1897.5,1940.8,1917.7,1900.6,1890.6,1874.9,1894.1,1885.7,1833.2,1915.7,1933.4,2027.2,2051.4,2145.3,2173.3,2146.6,2089.6,2114.1,2169.8,2194.9,2225.5,2222.1,2261.4,2178.2,2179,2136.8,2137.5,2160.3,2355.8,2460.4,2445.5,2465.6,2453.9,2454.5,2502.1,2470.4,2445.3,2454.8,2424.9,2398,2416.3,2358.5,2334.5,2397.6,2435.8,2410.9,2402.2,2365.7,2301.7,2275.8,2240.7,2215.8,2193.9,2200.9,2231.6,2234.8,2179.5,2167.6,2122.8,2149.8,2136.8,2018.3,2032.1,2011.4,1964.9,1943.4,1906.7,1884.7,1896.9,1935.2,1910,1896.2,1873.9,1865.9,1854.2,1818.9,1766.1,1775.1,1838.6,1854.6,1804.5,1808.2,1796.3,1845.4,1788.3,1747.2,1750.2,1777.2,1821.3,1818.9,1817.3,1802.4,1775.7,1780.5,1793.6,1787.7,1797.1,1866.2,1922.2,1931.1,1903.5,1886.7,1893.7,1846.9,1845.1,1781.3,1743.3,1669.2,1689.4,1648.2,1619.2,1568.7,1614.6,1609.8,1610.1,1627.7,1616.3,1615.2,1644.2,1632.1,1632.6,1632,1643.2,1685.2,1682.4,1755.2,1694.6,1817.8,1890.4,1876.7,1875,1858.1,1810,1769.3,1735.7,1753.2,1776.4,1745.8,1744.6,1752.9,1748.7,1805.3,1776.1,1741.5
ANANTRAJ,740.15,737.95,727.05,752.8,759.45,787.2,806.1,800.1,837.65,847.3,830.85,821.1,818.9,824.15,844.45,855.35,856.15,869.4,879.1,856.15,884.65,935.55,905.15,885.15,825,829.9,895.25,887.2,899.5,919.6,865.7,836.6,849.5,810,668.1,534.5,587.95,561.4,598.3,590.2,571.55,584.35,596.2,618.5,632.95,590.55,579.95,597.6,555.45,519.05,510.6,540.25,543,516.55,514.4,508.95,482.9,463.25,450.3,450.15,463.3,464.2,501.2,486.15,512.8,497.4,490.55,488.7,510.35,523.7,520.65,540.35,539.65,522.55,498.25,509.85,491.6,477.35,486.6,484.35,456.5,416.6,435.15,415.4,439.2,476.45,470,471.85,493.6,505.7,497.1,488.1,458.6,452.5,465.95,451.9,450.4,461.25,443,448.95,438.25,428.75,451.1,460.05,459.4,473.6,514.1,520.4,508.15,515.55,519.85,512.5,522.25,521.05,516.7,544.85,561.2,579.9,581.15,570.9,570.55,575.8,585.8,577.25,573.95,556.75,544.75,552.55,534.2,527.4,515.05,511.95,518.8,539.8,566.25,564.25,554,566.45,564.95,553.55,545.3,546.95,543.75,550.4,547.7,554.4,561.3,571.5,607.2,606.1,601.4,589.2,582.95,569.8,562.75,562.35,573.45,563.1,578.4,579.8,564.6,563.85,562.45,559.55,543.2,546.6,533.95,538.75,536.45,536.95,535.75,543.4,542.25,538.45,552.75,547.1,539.05,531.75,517.6,516.35,521.15,538.2,544,533.85,535.25,528.35,518.65,532.85,528.8,533.3,589.45,595.15,586.95,585.5,640.4,677.6,666.2,677.1,677.8,679.7,699.15,698.15,699.05,719.8,705,735.6,699.95,698.35,694.2,685.55,657.4,662.55,633.35,621,636,644.05,627.4,617.45,630.75,624.8,635.6,643.25,644.4,650.2,645.45,623.3,619.85,627.65,614.85,620,615.4,616.1,633.4,621.25,617.55,618.8,610.45
ANANDRATHI,2261.05,2222.48,2198.53,2169.68,2134.1,2143,2107.98,2099.98,2073.6,2031.3,1964.25,1987.23,1999.63,1993.88,1969.98,1972.03,1969.7,1968.85,1979.75,1930.2,1948.68,1917.2,1971.8,2077.18,2004.95,1985.43,1995.93,1983.73,1986,1976.65,1916.25,1911.68,1902.75,1825.68,1760.65,1755.43,1757.53,1817.18,1831.1,1810.65,1838.7,1904.65,1884.85,1849.15,1851.9,1824.2,1808.03,1811.43,1810.2,1807.28,1859.85,1897.63,1930.88,2003.18,2002.03,2018.78,1999.6,2000.53,2071.5,2028.3,1895.7,1854,1865,1799.05,1739.2,1652.85,1693.25,1710,1704.85,1708.6,1729.75,1774.75,1814.05,1846.8,1837.5,1871.8,1912.2,1832.9,1882.55,1834.5,1792.85,1765.8,1795.15,1768.75,1800.4,1773.9,1732.7,1733.9,1747,1764.3,1783.1,1762.4,1759.4,1735.6,1701.3,1701.8,1714.1,1745.6,1707.3,1698.2,1682.5,1703.8,1721.1,1760.1,1787.7,1794.1,1816.3,1831.5,1815.9,1830.8,1844.1,1883.3,1917.5,1936.8,1899.4,1879,1876.5,1968.4,1960.6,1972.2,1970.7,1978.2,1984.3,1986,2026.6,2042.9,2013.1,2104,2086.9,2078.8,2048.1,2066.6,2092.8,2081.6,2069.6,2072.7,2076.2,2159.7,2108.6,2101.2,2101.5,2108.3,2102.2,2081.8,2100.7,2119.9,2211.7,2540.2,2456.4,2504.5,2586.5,2621.2,2624,2645.4,2686.5,2631.2,2596.2,2643.6,2688.3,2671.4,2645.6,2601.1,2649.3,2637.7,2630.7,2599.1,2587.8,2693.6,2755.6,2767.9,2710.4,2789.1,2822.8,2796.4,2811.4,2806.2,2803.8,2801.7,2768.2,2793.9,2920.3,2936.7,2926.9,2956.2,2941.9,2954,2926.8,2930.7,2947.9,2977.1,3039.7,3063.8,3058.2,3065.6,3042,3033,2973,2882.4,2874.4,2866.7,2811.8,2826.8,2887.1,2872.4,2922,2914.2,2990.6,2951.7,2956.1,2934.9,3163.2,3130.9,3103.2,3125.1,3202.3,3191.1,3108.3,3113.4,3226,3184.4,3086.4,3139.4,3088.4,3099.1,3119.6,3104.4,3121.5,3121.3,3084.9,3097.7,3073.8,3022.3,3034.9,2945.6,2941.5,2870.4,2855.9
UNITDSPR,1506.25,1513.5,1516.8,1525.95,1512.05,1519.2,1563.3,1579.6,1572.35,1544.8,1545.05,1564.75,1566.95,1579.4,1619.55,1625.45,1659.6,1688.55,1682.45,1641.15,1626.3,1575.8,1574.45,1539.15,1483.55,1407.25,1410.9,1414.15,1427.55,1457.85,1437.95,1458.7,1500.65,1469.75,1390.85,1397.05,1427.95,1426.9,1424,1473.05,1482.45,1442,1415.05,1427.5,1419.5,1389.55,1397.5,1396.85,1364.4,1349.7,1335,1328.85,1344.95,1306.5,1342.8,1346.1,1335.4,1284.45,1306.15,1288,1320.2,1332.85,1327.85,1313.1,1319.85,1336.25,1353.7,1354,1367.45,1347.3,1377.75,1391.6,1392.5,1365.55,1361.5,1408.1,1401.3,1406.15,1434.45,1430.15,1427.35,1403.8,1425.1,1451.6,1476.9,1501.7,1503.2,1517.8,1516.7,1557.6,1580.4,1560.8,1547.4,1556.6,1545.9,1563.9,1555.6,1559.1,1576.3,1589.5,1537.2,1531.2,1564.2,1553.9,1534.4,1538.5,1540.3,1556,1556.6,1557.4,1568.4,1578.9,1555.5,1533.1,1522.7,1522.6,1520.1,1549.2,1579.6,1584.1,1610,1593.4,1592.7,1609.9,1503.8,1485.1,1453.1,1485.4,1474.8,1461.8,1460.8,1458.9,1419.9,1443.3,1454.9,1444.5,1442.2,1428.1,1400.4,1383.4,1381.7,1378.2,1382.6,1364.7,1370.9,1384,1357.6,1364,1370.2,1377.2,1380,1362.3,1366.4,1343.5,1342.3,1335.2,1309.6,1316,1324,1315.8,1340.2,1322.4,1339.7,1323.7,1308.2,1290,1291.5,1302.2,1297.8,1306.2,1319.3,1307.5,1328.6,1335.9,1337,1329.9,1311.3,1302.8,1281.5,1311,1321.2,1334,1347.1,1321.5,1312.1,1296,1304.4,1303.5,1319,1309.7,1315.3,1330,1337.1,1327.4,1328.2,1339.9,1341.2,1350.9,1317.6,1297.4,1308.5,1324.3,1346.7,1362.6,1361,1351.8,1333.1,1337.6,1337,1316.1,1302.4,1333.1,1359.1,1361.4,1365.6,1359.7,1351.2,1357.4,1353.1,1351.8,1387.4,1394.6,1431.4,1447.6,1450.9,1416.5,1429.1,1409.5,1414.5,1435.6,1420.8,1429.4,1434.9,1434.7,1411.7,1416.2,1427.1
PPLPHARMA,255.6,259,258.35,251.8,249.1,251.25,260.6,264.7,261.6,252.2,255.4,255,257.35,254.55,265.3,266.25,258.25,257.3,254.85,247.65,250.5,245.7,237.15,221.25,232.65,234.95,230.7,234.4,230.7,242.05,240.9,242.3,239.7,233.05,223.9,218.55,239.3,231.25,232.9,231.67,227.02,230.53,229.76,226.46,221.24,204.28,200.25,200.56,184.9,199.88,197.66,200.41,218.51,209.05,209.01,210.72,204.62,189.89,190.75,194.81,197.62,200.36,201.46,200.55,201.41,201.82,201.84,205.99,212.85,218.5,221.29,226.83,219.04,226.72,219,218.79,224.75,225.53,228,230.11,222.32,216.89,221.56,208.37,219.83,222.52,221.84,220.41,220.76,224.46,223.62,219.87,216.25,214.81,211.96,211.05,211.04,212.25,206.72,213.64,206.01,207.77,212,214.84,219.04,208.61,204.87,205.43,205.78,206.15,206.32,205.33,205.27,203.33,202.88,205.09,206.3,205.68,203.76,205.94,208.08,206.33,211.03,206.07,204.5,199.93,200.22,199.25,195.26,193.37,192.03,195.1,194.29,199.97,201.95,200.99,202.83,203.38,204.73,204.27,202.43,203.66,202.49,201.27,201.45,200.64,200.98,207.88,216.22,214.86,216.88,211.18,211.7,205.3,205.04,203.19,202.23,204.35,205.61,201.37,197.03,190.65,195.02,193.53,186.33,191.85,190.07,189.94,189.41,192.13,190.04,192.87,194.21,191.79,192.05,192.75,192.82,189.36,186.3,183.44,187.81,186.71,201.16,198.98,200.65,198.94,198.17,199.2,200.16,200.67,203.69,205.63,203.13,203.33,208.28,202.71,200.03,196.34,195.2,187.73,191.64,191.16,199.04,198.47,195.61,195.56,193.8,197.67,201.69,197.58,192.26,193.5,194.16,192.64,195.56,197.28,203.6,202.37,203.14,202.1,204.13,201.9,199.63,201.56,200.42,199.33,199.15,195.45,194.22,195.64,193.84,194.03,195.47,192.13,188.8,189.64,188.38
IFCI,66.41,65.23,64.49,62.93,64.01,63.8,62.66,61.05,63.9,60.97,61.41,60.94,60.24,60.46,59.12,62.26,62.03,62.02,61.37,57.8,59.4,58.96,57.52,54.29,51.41,54.79,52.78,54.06,56.01,57.96,57.1,55.86,55.48,53.94,51.83,52.04,54.14,54.24,56.23,51.92,52.86,53.82,53.68,52.92,51.73,48.33,48.99,47.83,44.6,44.73,43.13,45.17,46.99,46.49,45.5,44.83,42.59,41.09,40.71,41.44,43.07,43.6,44.44,42.43,42.15,41.15,40.7,40.07,41.56,43.85,43.42,45.3,45.96,44.16,42.94,44.23,43.07,44.22,44.43,45.19,43.11,40.42,41.37,39.85,40.55,42.81,43.62,43.77,45.48,45.53,46,45.77,43.63,43.98,43.8,42.27,42.08,42.77,40.58,40.71,39.88,39.24,43.3,43.41,44.29,44.75,51.77,52.02,49.58,50.42,49.92,55.26,58.45,61.06,70.31,71.76,67.42,67.78,65.81,67.49,67.75,66.03,67.22,66.63,64.59,62.33,61.57,62.37,60.65,59.93,57.46,59.96,61.65,61.61,63.68,63.11,64.49,65.17,64.85,63.98,63.16,62.58,62.03,61.25,61.74,61.42,60.72,62.91,62.98,62.35,62.05,61.18,60.88,60.24,61.81,60.76,58.63,58.15,59,58.49,57.16,57.96,57.58,57.09,55.59,54.54,53.03,53.18,52.78,53.37,52.8,53.45,54.82,54.6,54.76,54.04,53.49,51.98,51.56,51.08,52.52,53.11,53.38,52.16,52.43,53.13,52.96,53.51,53.99,53.37,56.21,56.08,59.01,59.23,59.74,58.59,57.26,56.37,55.12,53.27,53.13,54.05,55.34,58.15,57.46,56.62,58.93,57.79,57.81,56.71,54.96,55.62,55.52,54.62,56.07,56.18,56.39,55.67,55.98,56.37,57.07,57.69,57.95,57.33,56.21,54.16,54.23,54.59,54.06,55.33,54.67,54.72,55.14,53.91,53.46,53.29,52.52
INOXWIND,205.69,205.22,200.82,199.25,193.99,192.56,189.94,187.15,185.13,185.77,182.33,182.86,180.83,178.09,178.57,178.44,184.68,186.06,182.17,170.24,170.57,166.58,160.58,153.14,146.93,153.04,161.32,163.34,163.9,166.53,163.21,154.02,147.32,140.85,137.01,133,159.2,159.53,166.18,159.49,165.61,167.91,168.02,166.1,166.32,163.96,173.23,173.69,169.48,168.35,161.47,167.07,171.93,170.41,165.25,166.3,154.17,148.05,141.88,142.67,151.73,151,168.31,165.24,162.24,162.26,160.09,158.04,163.67,166.26,169.2,169.49,170.38,165.77,157.26,156.11,160.71,154.49,157.7,156.3,151.65,138.87,142.67,139.14,149.43,159.03,162.33,160.53,165.07,166.54,172.06,177.73,169.68,171.77,172.09,166.61,163.75,170.61,162.44,165.65,158.1,154.58,167.62,167.47,171.75,175.62,177.25,182.96,182.8,183.11,181.55,182.34,187.91,189.82,191.11,188.57,192.22,182.72,178.75,181.81,181.41,181.37,181.61,184.02,182.28,174.02,170,170.09,166.76,167.3,163.71,168.21,167.38,171.4,172.86,171.41,173.27,172.84,170.5,174.38,174.12,177.41,173.78,174.26,174.31,176.19,173.72,174.03,162.4,164.08,164.79,162.23,164.47,163.17,163.37,159.46,156.26,155.01,156.3,156.15,150.74,151.76,153.31,151.38,147.11,145.64,139.72,141.71,140.76,137.96,137.03,139.99,144.48,144.19,142.67,144.05,142.65,142.03,136.99,138.12,140.83,143.34,144.71,144.25,145.82,147.33,146.75,149.22,148.48,148.92,151.32,151.3,150.4,148.7,151.34,152.43,149.63,144.31,141.14,137.46,138.7,140.24,142.15,141.37,139.38,139.38,141.41,146.99,150.08,149.87,147.2,148.19,146.84,146.28,146.79,149.15,152.21,154.08,153.1,153.3,156.22,154.73,155.13,157.25,154.78,150.06,149.45,151.62,151.77,150.53,148.56,148.69,146.11,140.92,139.68,138.08,137.77
BASF,5625.4,5663.75,5615.6,5640,5675.5,5638.05,5611.15,5581.1,5460.45,5699.85,5640,5643.85,5624.1,5627.85,5549.55,5562.95,5609.4,5515.8,5441.4,5350.8,5364.25,5193.55,5277.5,5111.45,4821.1,4933.25,5015.2,5068.35,4990,4925.9,4865.7,4824.2,4810,4643.05,4678.75,4527,4754.25,4596.45,4614.55,4234.65,4235.25,4301.1,4332,4353,4282.6,4327.4,4315.2,4247.15,4146.45,4365.55,4368.6,4446.35,4449.6,4405.3,4416.05,4416.8,4301.3,4286.35,4394.05,4425.45,4561.6,4582,4781.7,4684.95,4626,4634.9,4485.75,4525,4547.2,4520.8,4519.9,4516.55,4491.1,4430.1,4393.25,4461.55,4423.7,4445.55,4554.8,4521.2,4397.95,4318,4357.45,4388.5,4486.05,4543.6,4526.2,4469.8,4657.5,4659.1,4600.4,4615.1,4524.9,4489.4,4471.5,4391.2,4298.8,4376.4,4319.4,4360.7,4328.1,4330.2,4496.8,4565.7,4475.9,4506.2,4572.6,4902.9,5304.3,5205.7,5195.2,5168.3,5336,5240.6,5323.4,5268.2,5212.6,5168.5,5196.5,5174.5,5115.5,4994,5023,4998,4994,4998.5,4998.5,5079.5,5083,5027,4910.5,4899,4924.5,4961.5,5004.5,5017,5109,5162.5,5206,5132.5,5142.5,5151.5,5157,5167.5,5116.5,5116,5045.5,4998.5,5057.5,4992,5123,5056.5,5023,5053,5089.5,5152,5045,4878,5052.5,5011.5,4994,4825.8,4759.4,4650,4642.1,4573.5,4506.9,4598.1,4645.9,4607.5,4525.4,4547.5,4526.4,4584.8,4592.6,4601.8,4588.8,4479.9,4553.9,4609.4,4629.6,4664.1,4669,4648,4648.3,4573.5,4619.3,4627.9,4629.6,4616.1,4618.1,4672,4670.2,4646.4,4656,4631.8,4599.6,4610.8,4592.2,4509.8,4421.5,4397,4589.7,4687.5,4666.5,4666.1,4663.1,4666.6,4591.5,4536.9,4481.8,4454.2,4595.8,4526.8,4491.2,4535.7,4459.9,4461.8,4428.1,4437.5,4423.9,4433.4,4412,4457.1,4450.6,4395.4,4448.6,4501.2,4497.9,4493.5,4522.3,4413.2,4383.6,4319,4410.3,4368.8,4395.3
ATUL,7285.1,7497.9,7486.25,7261.1,7211.3,7338,7333.25,7399.95,7405.5,7023.15,7032.75,7089.9,7097.35,7065.1,6852.05,6959.95,6909.7,6983.25,6878.2,6805.1,6920.35,6848.75,6917.6,6795.85,6614.65,6736.9,6755.5,6752.55,6692.2,6729.95,6726.4,6779.95,6748.8,6547.1,6334.8,6232.05,6263.2,6330.4,6285.7,6178.6,6250.2,6202.05,6181.8,6101.75,6020.75,5820.4,5669.3,5590.7,5408.75,5402.85,5394.9,5564.3,5564.35,5494.85,5456.5,5274.4,5348.85,5309.35,5515.95,5523.5,5672.4,5635.3,5697.05,5687.6,5584.65,5517.6,5541.15,5684.2,5673.4,5676.6,5774.55,5989.6,5809.45,5772.85,5797.9,6136.6,5809.75,5827.15,5618.25,5365.25,5166.8,5183.25,5196.6,5727.35,5627,5715.5,5681,5974,6030.5,6213,6232.5,6414.5,6500,6760.5,6746,7041.5,6906.5,6859,6862,6832,6771.5,6802.5,6869,6797.5,6828,6787,6841,6893,6940,7197.5,7203,7127,7032,7129.5,7082.5,7136.5,7073,7105,7168.5,7262,7378,7463,7331,7128.5,7074,7003.5,7253.5,7185,7047.5,7007.5,6873.5,6925.5,6971,7357,7325,7415,7474.5,7408,7464.5,7555.5,7636,7696,7626.5,7570.5,7505,7385,7554,7459.5,7389,7278,6941.5,6832.5,6770.5,6695.5,6599.5,6667,6706,6719,6734.5,6629,6491.5,6579.5,6679,6659,6630.5,6628.5,6613,6450,6446,6349,6369.5,6420,6402.5,6345,6497.5,6506.5,6261,6311.5,6278.5,6322,6372,6405,6398,6299,6329.5,6350,6419,6425,6392,6445.5,6467,6543,6545,6341,6257,6259,6264,6224.5,6032,6028.5,6059,6186.5,6134,6056,6099,6012.5,5988.5,6032,5994.5,5815.5,5766.5,5828,5952,5922,5997,5936.5,5898.5,5879.5,5914,5891,5815,5762.5,5906.5,5895.5,5760.5,5691,5715,5757,5862,5886,5916.5,6016.5,6146,6139.5,6060,5971,5920.5
APOLLOHOSP,7193.85,7258.3,7340.8,7227.1,7259.45,7259.2,7218.75,7237.4,7297.55,7251.7,7265.1,7240,7261.15,7246.3,7314.25,7296.35,7369.65,7421.65,7298.35,7429.15,7436.75,7142.65,7091.55,7036.75,6839.6,6706.85,6691.85,6789.65,6828.1,6780.85,6919.15,6892.9,6920.85,6745.05,6695.45,6708.95,6784.3,6824.65,6810.5,6798.65,6792.2,6944.65,6874.25,6790.55,6761.25,6317.35,6374.55,6372.2,6270.5,6300.2,6376.85,6422.65,6390.95,6317.55,6251.4,6251.35,6185.2,6052.6,6170.6,6188.15,6214.4,6274.1,6216.1,6149.6,6134.8,6143.75,6105.65,6246.8,6427.55,6474.35,6611.55,6615.8,6644.7,6519.8,6492.05,6616.2,6632.3,6732.15,6671.35,6714.55,6683.3,6755.6,6834.1,6780.95,6905,7005.5,7073.5,7142.5,7088.5,7142,7159.5,6953,7045,6992.5,6977,6954.5,6974,7009,6983,6851.5,6722,6926,6917.5,6916.5,7072.5,7015,6974.5,6912,6984,6954.5,7064.5,7096.5,7073.5,6956.5,6923,6880.5,6915.5,6812.5,6855,6876,6942.5,6932,6918.5,6927.5,6996.5,6994.5,7114,7006.5,6933.5,7009.5,7063.5,7007.5,7006,7042,7101.5,7308.5,7242,7496,7441,7565,7553.5,7616,7565,7469,7359,7189.5,7220,7360.5,7352.5,7350.5,7303.5,7254.5,7246.5,7373.5,7363.5,7468.5,7356.5,7456,7450,7498,7351.5,7308,7274,7189.5,7170,7084.5,7259,7236.5,7808.5,7821.5,7822.5,7823.5,7883,7926.5,7922.5,7851,7793.5,7728,7610,7671.5,7682,7736,7900,7804.5,7786.5,7825.5,7929,7879.5,7874.5,7816.5,7852.5,7888,7850.5,7806.5,7739,7684,7643.5,7624,7510,7444,7409,7441,7449.5,7662,7700,7662,7695,7681,7671,7759,7826,7833.5,7901.5,8010,8012,7968.5,7837.5,7845.5,7880.5,7858.5,7790,7681,7824.5,7810.5,7782,7642,7529.5,7501,7498,7440.5,7420.5,7487.5,7385.5,7459,7423,7391,7354.5
CGCL,208.84,205.82,206.43,202.62,203.63,200.29,196.65,196.16,193.46,188.84,188.58,187.68,185.4,189.2,185.75,186.63,187.34,191.36,191.56,182.81,185.64,189.26,187.18,182.92,174.98,181.25,174.62,180.16,179.5,180.96,178.4,179.55,181.76,200.6,186.79,175.59,180.13,176.59,178.13,178.52,176.66,178.58,176.99,174.67,176.74,172.43,164.48,165.93,161.79,166.68,160.47,181.13,176.98,173.55,171.17,166.75,164.67,159.72,161.67,161.14,163.81,166.35,163.74,159.61,162.13,159.85,159.08,158.98,158.8,162.91,165.74,166.74,168.47,167.98,194.86,164.9,170.21,171.46,169.76,168.46,163.56,151.92,158.63,154.27,155.84,160.94,163.2,166.76,167.51,168.33,166.98,166.11,160.65,165.53,165.11,161.56,163.44,169.35,165.5,162.68,160.39,162.85,167.26,167.67,168.91,167.46,167.44,164.65,162.46,161.9,158.27,158.72,158.95,158.41,158.41,155.78,151.69,152.01,151.48,151.06,154,152.04,181.34,178.98,179.95,174.74,171.13,171.35,173.18,169.44,164.11,167.54,167.85,176.52,174.34,170.73,170.2,172.7,167.82,166.75,166.44,166.05,165.27,169.5,168.08,177.67,176.2,176.96,176.89,181.42,182.7,183.76,181.93,182.8,181.48,187.61,183.04,179.18,181.18,186.08,186.29,175.36,190.12,186.75,187.04,187.88,182.17,183.5,182.78,185.71,185.86,190.93,188.08,189.76,187.9,187.96,189.39,190.76,185.69,185.36,188.96,188.38,188.86,185.4,184.48,185.08,186.85,187.99,184.05,186.04,189.12,188.47,189.48,185.41,190.66,193.35,193.2,192.61,188.54,185.26,187.23,185.18,188.76,189.34,189.8,188.4,189.21,189.84,189.76,187.76,185.79,193.86,193.16,192.1,193.16,193.49,199.56,204.96,203.92,206.48,209.08,206.75,203.03,203.3,197.05,197.5,196.49,198.97,197.46,199.65,197.59,198.35,196.54,195.64,195.02,193.72,190.67
INFY,23.16,23.24,23.36,23.25,23.4,23.35,23.13,22.65,23.42,22.73,22.78,22.77,22.64,22.48,22.1,21.92,22.62,22.63,22.75,22.61,22.78,22.7,22.69,22.51,22.89,21.57,21.19,21.15,21.61,21.78,21.68,21.54,21.53,21.7,21.82,21.95,21.99,22.38,22.31,22.24,21.83,21.87,21.97,21.75,21.74,21.57,21.41,21.21,21.35,21.17,20.83,20.77,20.77,20.5,20.1,19.83,19.71,20.06,19.75,19.86,19.44,18.97,18.5,18.29,18.4,18.57,18.45,18.57,18.06,18.32,18.59,18.83,18.66,18.67,18.17,18.25,18.2,18.39,17.35,16.58,16.78,16.42,17.66,16.98,16.88,17.01,17.03,16.58,16.14,16.58,16.86,17.23,17.36,17.4,17.33,17.57,17.6,17.6,17.88,17.85,17.77,17.71,17.49,17.49,18.65,18.38,18.46,18.72,18.31,18.33,18.24,18.16,18.04,18.11,18.49,18.36,18.46,18.19,18.19,18.04,17.85,17.93,18.2,18.29,18.51,18.61,18.56,18.42,18.75,18.67,18.43,17.68,18.1,18.3,18.51,18.6,18.52,18.53,18.9,18.88,18.96,18.82,18.89,18.82,18.1,18.19,18.01,18.22,18.5,18.47,18.21,18.19,18.26,18.45,17.68,17.37,17.16,17.21,16.95,16.72,16.41,16.48,16.2,16.07,16.02,15.99,15.98,16.07,16.38,16.36,16.56,16.41,16.6,17.01,17.05,17.34,17.33,17.22,17.36,17,16.82,16.89,16.64,16.59,16.38,16.79,17.01,16.98,17.07,16.96,16.92,17.06,17.68,17.57,16.97,17.15,16.88,17.03,16.54,16.52,16.32,16.27,16.37,16.15,16.23,16.69,16.39,16.74,17.06,16.58,16.78,16.48,16.44,16.07,16.33,16.91,17.41,17.47,17.53,17.48,17.04,16.89,16.88,16.64,16.57,16.41,16.3,16.42,16.18,16.5,16.76,17.01,17.09,16.96,16.65,16.77,16.95
INFY,23.16,23.24,23.36,23.25,23.4,23.35,23.13,22.65,23.42,22.73,22.78,22.77,22.64,22.48,22.1,21.92,22.62,22.63,22.75,22.61,22.78,22.7,22.69,22.51,22.89,21.57,21.19,21.15,21.61,21.78,21.68,21.54,21.53,21.7,21.82,21.95,21.99,22.38,22.31,22.24,21.83,21.87,21.97,21.75,21.74,21.57,21.41,21.21,21.35,21.17,20.83,20.77,20.77,20.5,20.1,19.83,19.71,20.06,19.75,19.86,19.44,18.97,18.5,18.29,18.4,18.57,18.45,18.57,18.06,18.32,18.59,18.83,18.66,18.67,18.17,18.25,18.2,18.39,17.35,16.58,16.78,16.42,17.66,16.98,16.88,17.01,17.03,16.58,16.14,16.58,16.86,17.23,17.36,17.4,17.33,17.57,17.6,17.6,17.88,17.85,17.77,17.71,17.49,17.49,18.65,18.38,18.46,18.72,18.31,18.33,18.24,18.16,18.04,18.11,18.49,18.36,18.46,18.19,18.19,18.04,17.85,17.93,18.2,18.29,18.51,18.61,18.56,18.42,18.75,18.67,18.43,17.68,18.1,18.3,18.51,18.6,18.52,18.53,18.9,18.88,18.96,18.82,18.89,18.82,18.1,18.19,18.01,18.22,18.5,18.47,18.21,18.19,18.26,18.45,17.68,17.37,17.16,17.21,16.95,16.72,16.41,16.48,16.2,16.07,16.02,15.99,15.98,16.07,16.38,16.36,16.56,16.41,16.6,17.01,17.05,17.34,17.33,17.22,17.36,17,16.82,16.89,16.64,16.59,16.38,16.79,17.01,16.98,17.07,16.96,16.92,17.06,17.68,17.57,16.97,17.15,16.88,17.03,16.54,16.52,16.32,16.27,16.37,16.15,16.23,16.69,16.39,16.74,17.06,16.58,16.78,16.48,16.44,16.07,16.33,16.91,17.41,17.47,17.53,17.48,17.04,16.89,16.88,16.64,16.57,16.41,16.3,16.42,16.18,16.5,16.76,17.01,17.09,16.96,16.65,16.77,16.95
IDBI,85.07,84.54,84.15,83.03,81.44,81.57,79.42,78.51,77.86,76.03,76.2,76.05,76.67,76.49,75.9,76.49,76.82,76.63,77.52,73.84,75.73,74.58,73.27,69.43,66.24,77.9,73.77,79.63,84.01,86.14,82.68,79.6,79.95,76.79,80.31,77.69,77.8,79.2,81.12,77.97,79.31,81.21,80.25,79.54,76.73,73.83,74.33,74.22,72.12,72.1,71.39,73.16,74.23,73.09,71.78,71.9,71.02,69.24,67.49,68,70.77,72.34,72.79,74.18,72.74,72.65,72.1,72.93,74.8,75.26,81.37,80.92,78.62,77.49,77.1,77.7,77.73,78.4,80.59,78.39,73.54,76.97,78.79,79.49,80.66,81.54,82.1,83.12,85.39,83.98,83.7,80.43,82.72,83.07,79.83,79.87,80.86,77.79,77.89,76.87,76.3,81.79,81.79,85.61,86.29,86,89.64,90.93,94.52,93.33,93.94,92.04,91.27,93.37,94.15,96.81,101.27,98.45,100.36,101.12,100.93,101.32,100.14,100.04,97.58,94.82,94.42,92.48,92,89.26,91,91.07,91.68,94.54,95.44,101.32,103.43,104.85,102.95,101.4,101.12,101.38,99.79,99.88,99.9,99,100.26,98.14,100.63,99.67,98.57,97.19,95.26,97.38,96.75,93.23,92.3,93.02,94.17,92.67,90.19,91.38,90.67,89.59,89.49,90.29,89.88,88.38,87.84,87.35,88.23,89.55,90.16,97.58,95,94.51,91.87,89.91,85.67,87.05,89.19,90.62,88.86,88.87,92.27,92.26,94.76,92.85,93.01,93.47,93.29,92.95,92.47,93.76,93.2,93.23,92.01,90.89,89.57,89.35,91.42,92.35,92.6,92.86,92.29,91.25,91.4,93.46,93.23,91.74,93.15,92.31,91.72,94.1,94.3,94.1,93.93,95.77,102.18,101.91,97.9,103.8,101.51,99.26,97.26,100.42,98.99,98.81,99.97,98.22,101.04,102.28,102.52,104.62,102.8,100.24,98.93
ICICIBANK,1322.3,1330.45,1327.5,1329.25,1344.9,1346.1,1333.75,1314.15,1286.9,1288.4,1296.8,1297.25,1297.35,1307.55,1294.65,1281.65,1283.65,1290.6,1265.05,1264.1,1279.25,1263.75,1262.4,1249.85,1229.75,1240.3,1238.25,1249.1,1225.45,1232.95,1196.15,1200.45,1201.75,1209.2,1227.95,1246.9,1251.65,1255.6,1252.8,1253,1268.2,1267.7,1272.4,1256.9,1262.6,1252.75,1251.8,1248.9,1260.1,1251.15,1243.05,1261.65,1249.95,1232.95,1218.35,1224.15,1222.45,1204.1,1206.2,1210.4,1215.7,1218.05,1214.55,1214.85,1245.4,1243.95,1250.05,1269,1309.85,1313.1,1321.7,1343.1,1358.15,1343.7,1335.9,1336.65,1348.35,1318.45,1331.25,1329.55,1335.3,1287.55,1299.9,1300.8,1311.65,1350.2,1356.4,1406.7,1409.8,1416.5,1424.4,1402.7,1404.8,1428.8,1429.8,1427,1432.4,1429.4,1431.6,1435.4,1435.5,1388.9,1448.5,1430.6,1426.2,1450.8,1454,1449,1438.2,1444.7,1442.1,1449.8,1460.6,1446.4,1453.8,1456.5,1445.8,1450.5,1437.9,1431,1454.8,1459.7,1434.8,1422.9,1431,1425.2,1416.1,1426.9,1423.2,1412.6,1411.3,1427.1,1420.1,1424.1,1425.8,1439.1,1462.2,1445.8,1432,1427.8,1425.9,1442.8,1435.7,1442,1431.9,1424.1,1421.9,1423,1430.8,1426.4,1418.7,1425.8,1465.8,1473.6,1488.6,1483.4,1477.1,1488.4,1486.2,1482.4,1481.4,1471.6,1463.2,1444.4,1443.6,1440.3,1435.9,1436.6,1422,1420.8,1427.3,1434.6,1436.3,1430.6,1446,1436.4,1433.2,1416.6,1399.1,1397.8,1411,1394.2,1397,1405.5,1402.8,1402.7,1403.7,1403.9,1401.6,1417.7,1419.4,1421.6,1419.2,1421.7,1402.2,1401.5,1394.3,1382.7,1375.8,1359.6,1348.1,1348,1372,1365.2,1363.4,1375.9,1370.3,1376.2,1380.3,1379.4,1384.1,1398.4,1417.3,1436.6,1390.3,1382,1363.7,1377.7,1377.6,1363.1,1370.4,1362.4,1345.3,1346.4,1336.9,1320.4,1343,1348,1358.3,1358.9,1385.9,1373,1379,1373.4,1383.1,1383,1369.5
ICICIBANK,1322.3,1330.45,1327.5,1329.25,1344.9,1346.1,1333.75,1314.15,1286.9,1288.4,1296.8,1297.25,1297.35,1307.55,1294.65,1281.65,1283.65,1290.6,1265.05,1264.1,1279.25,1263.75,1262.4,1249.85,1229.75,1240.3,1238.25,1249.1,1225.45,1232.95,1196.15,1200.45,1201.75,1209.2,1227.95,1246.9,1251.65,1255.6,1252.8,1253,1268.2,1267.7,1272.4,1256.9,1262.6,1252.75,1251.8,1248.9,1260.1,1251.15,1243.05,1261.65,1249.95,1232.95,1218.35,1224.15,1222.45,1204.1,1206.2,1210.4,1215.7,1218.05,1214.55,1214.85,1245.4,1243.95,1250.05,1269,1309.85,1313.1,1321.7,1343.1,1358.15,1343.7,1335.9,1336.65,1348.35,1318.45,1331.25,1329.55,1335.3,1287.55,1299.9,1300.8,1311.65,1350.2,1356.4,1406.7,1409.8,1416.5,1424.4,1402.7,1404.8,1428.8,1429.8,1427,1432.4,1429.4,1431.6,1435.4,1435.5,1388.9,1448.5,1430.6,1426.2,1450.8,1454,1449,1438.2,1444.7,1442.1,1449.8,1460.6,1446.4,1453.8,1456.5,1445.8,1450.5,1437.9,1431,1454.8,1459.7,1434.8,1422.9,1431,1425.2,1416.1,1426.9,1423.2,1412.6,1411.3,1427.1,1420.1,1424.1,1425.8,1439.1,1462.2,1445.8,1432,1427.8,1425.9,1442.8,1435.7,1442,1431.9,1424.1,1421.9,1423,1430.8,1426.4,1418.7,1425.8,1465.8,1473.6,1488.6,1483.4,1477.1,1488.4,1486.2,1482.4,1481.4,1471.6,1463.2,1444.4,1443.6,1440.3,1435.9,1436.6,1422,1420.8,1427.3,1434.6,1436.3,1430.6,1446,1436.4,1433.2,1416.6,1399.1,1397.8,1411,1394.2,1397,1405.5,1402.8,1402.7,1403.7,1403.9,1401.6,1417.7,1419.4,1421.6,1419.2,1421.7,1402.2,1401.5,1394.3,1382.7,1375.8,1359.6,1348.1,1348,1372,1365.2,1363.4,1375.9,1370.3,1376.2,1380.3,1379.4,1384.1,1398.4,1417.3,1436.6,1390.3,1382,1363.7,1377.7,1377.6,1363.1,1370.4,1362.4,1345.3,1346.4,1336.9,1320.4,1343,1348,1358.3,1358.9,1385.9,1373,1379,1373.4,1383.1,1383,1369.5
POLICYBZR,2131.15,2172.65,2165,2140,2104.05,2108.75,2133.45,2147.65,2144.15,2092.15,2116.4,2058.5,2037.2,2052.75,2107.85,2108.85,2119.2,2203.25,2215.85,2120,2079.55,2002.85,1919.55,1862.95,1697.15,1743.85,1763.65,1813.3,1724.4,1749.8,1651.45,1610.7,1686.8,1694.7,1694.05,1644,1710.95,1656.1,1726.8,1672.15,1706.65,1753.75,1701.75,1725.4,1661.8,1539.3,1592.75,1633.75,1574,1494.35,1526.1,1511.8,1509,1562.75,1554.6,1505.5,1500.8,1463.6,1451.85,1413.85,1409.65,1406.7,1397.8,1425.4,1468.95,1405.7,1331.9,1454,1555.75,1559.2,1603,1677.55,1609.85,1611.15,1647.15,1589.75,1514.6,1581.75,1566.3,1504.2,1445.65,1531.95,1469.15,1533.15,1619.6,1649.6,1653,1685.7,1694,1664.8,1667.2,1594.2,1617.3,1600.6,1625.3,1593.5,1669.4,1588.3,1640.2,1609.3,1619.9,1698,1714.3,1754.9,1777.7,1756.2,1694.5,1649.7,1726.7,1763.7,1777.6,1788.4,1783.3,1746.5,1784.3,1761.6,1757.7,1739.9,1841.4,1886.7,1916.7,1904.3,1872.5,1887,1871.5,1890.4,1908.8,1950.1,1893.8,1865.6,1901.3,1901.3,1868.8,1839.8,1834.1,1819.9,1823.9,1832.9,1821.5,1809,1794,1824.8,1854.2,1854.5,1832.1,1793.8,1831.2,1860.4,1812.5,1790.4,1762.4,1801.9,1820.8,1820.7,1791,1781.4,1782.7,1790.1,1821.4,1812.1,1780.9,1780.9,1748,1735.5,1773.9,1769.4,1860.6,1827.7,1852,1834.2,1866.6,1913.9,1921.8,1907.9,1911.2,1901.9,1835.1,1805.4,1770.8,1816.4,1826.3,1830.2,1864.4,1822.5,1786.4,1807.4,1829.4,1811.3,1803.8,1806.9,1822,1795,1789.6,1809.6,1796.6,1801.6,1735.2,1751.2,1677.1,1686.5,1702,1675.8,1700.5,1725.4,1765,1764.2,1735.7,1745.4,1719.3,1708.6,1674.1,1691,1646.9,1643.2,1636.4,1669.5,1685.7,1749.4,1775,1723.4,1844.5,1785.4,1810.2,1823.1,1757.4,1783.8,1798.5,1796.4,1786.3,1734.7,1738.6,1815.7,1800.3,1850.7,1843.9,1810.8,1781.3
AUBANK,581.2,591.3,590.1,591.05,584.55,578.15,563.15,558.35,548.7,537.6,549.2,556.15,548.3,552.2,577.2,559.1,568.55,571,573.55,560.25,567.9,566.45,570.05,575.15,560.3,575.1,586.95,603.4,597.6,606,606.7,604.4,582.4,594.65,563.45,588.7,595.95,596.15,600.95,608.9,599.85,595.6,586.25,592.1,579.75,570.7,554.4,553.05,534.9,522.05,502.4,525.65,535.05,537.6,533,524.25,556.7,565.7,557.6,548.35,546.45,553.2,544.3,538.85,522.1,507.2,502.85,492.05,504,525.8,525.25,542.8,550.05,557.9,573.75,554.4,534.6,529.9,539.5,563.45,552.1,541.7,545.6,554.3,557.1,576,582.35,586.55,623.6,613.8,665.45,681.05,675.15,688.4,706.05,678.6,676.4,678.6,671.75,687.6,689,687,703.4,699.75,690.5,690.1,684.85,686.65,687.5,692.9,689.15,696.2,698.9,701.2,706.45,698.25,693.05,718.65,728.3,725.2,720.05,749.55,772,765.4,773.95,778.7,768.6,781.45,773.15,794.5,790.1,795.35,796.55,800.7,807.05,819.7,809,817.5,838.35,818.25,811.85,819.5,813.85,819.85,825.75,828.2,821,804.95,810.05,797.75,796.95,794.9,752.9,725.8,736.75,745.45,733.4,727.35,739.95,746.3,741.5,741.05,752.25,742.65,735.2,743.25,739,734.25,724.8,738,750.6,761.55,758.5,759.15,752.2,742.05,749.6,745.25,729.25,718.05,721.55,708.3,713.95,696.25,694.3,699.75,697.45,713.8,710.95,706.65,713.4,711.2,708.75,719.65,718.7,706.05,731.65,736.15,741.6,743.2,738.4,731.4,724.55,741.9,762.95,764,767.7,760,763.25,767.1,772.65,802.1,798.5,792.45,865.2,861.35,870.7,860.35,864.2,879.9,882.45,878.3,877.85,866.95,880.3,881,908.7,914.6,889.4,882.05,886.7,890.6,912.7,920.15,925.65,919.3,915.35
IRB,59.4,58.75,58.9,58.14,59.11,58.34,57.98,57.17,56.38,55.09,55.13,54.59,55.87,55.23,55.63,57.24,59.54,60.09,60.31,57.27,58.37,57.27,55.51,52.91,49.82,51.27,51.13,52.54,54.89,54.9,53.08,52.33,52.94,51.94,49.55,50.24,52.27,53.65,57.32,53.14,54.26,54.44,53.97,53.21,51.73,50.06,49.62,49.47,47.39,47.7,46.11,47.08,47.81,47.46,46.77,46.38,45.24,43.26,42.95,42.57,44.63,44.99,44.51,43.65,43.39,43.67,42.8,42.74,43.86,45.5,45.88,46.8,47.09,46.23,45.22,46.04,45.16,46.01,46.85,47.59,45.52,43.19,45.72,45.59,45.01,46.3,46.69,46.91,48.06,48.55,48.6,48.48,46.91,47.26,47.01,45.6,45.66,45.67,44.05,45.12,44.86,45.18,47.81,47.87,49.32,51.05,51.21,50.67,49.71,51.35,51.25,50.9,51.03,51.16,51.78,51.44,51.27,51.61,51.09,51.1,50.58,51.65,53.16,52.98,52.16,50.55,50.09,50.01,49.3,48.55,48.06,48.63,49.5,48.85,49.78,50.24,49.71,49.61,49.67,49.62,49.5,49.49,49.08,49.45,48.52,48.27,47.6,47.95,48.59,48.76,48.38,48.06,48.52,48.36,48.6,47.46,46.49,45.43,46.56,46.04,45.07,44.33,45.24,45,44.72,44.8,43.52,44.25,44.67,44.79,45.37,44.96,45.12,44.6,44.61,43.78,45.05,44.21,42.36,42.9,43.28,42.8,43,42.71,42.32,42.25,42.27,42.32,42.45,42.68,43.27,43.41,44.03,44.09,43.59,43.46,43.12,42.41,42,41.01,40.84,41.19,41.47,42.01,41.9,41.49,41.79,42.31,43.41,42.73,42.17,42.14,43.08,42.82,43.07,43.23,43.39,43.52,44.63,44.66,44.75,44.61,44.79,45.19,44.66,44.87,44.49,43.42,43.24,43.29,42.35,42.96,44.54,44.11,43.96,43.97,43.67
JUBLPHARMA,1165.05,1141.15,1149.4,1124.8,1114.35,1082.15,1091.6,1089.65,1091.85,1061.6,1064.7,1097.4,1069.8,1079.2,1097.6,1105.2,1079.9,1084.9,1091.85,1024.45,1024.5,1039.75,1002.95,976.25,924.4,962.3,944.25,922.55,941.6,982.15,943.85,938.05,958.35,922.2,902.2,881.95,933.9,957.2,973.95,951.4,956.45,1055.2,1053.75,1000.05,999.5,995.3,998.5,960.4,944.95,995.45,1002.55,968.45,991.05,966.95,937.65,938.5,909.65,902.7,899.2,920.2,895.85,919.95,910.1,882.8,890.85,865,866.45,858.5,890.45,901.05,898.95,902.85,894.4,871.35,861.4,888.7,895.9,917,909.65,970.55,929.2,883.35,880.8,828.1,918.3,919.9,915.95,918.95,915.95,917.25,923.85,952.65,910,907.4,894.7,897.95,906.95,908,872.25,881.75,881.05,867.85,879.15,907.05,904.4,905.6,945.6,960.1,989.3,993.8,1069.15,1074,1121.45,1133.1,1132,1155,1173.8,1169.7,1174.7,1160,1142.3,1140,1143.9,1146.2,1146.4,1125.6,1094.2,1126.4,1120.4,1123.3,1126.7,1107.9,1121.5,1120.2,1183.9,1180,1173.9,1210.6,1199.5,1197.8,1201.5,1194,1200.3,1165.4,1148.9,1171.8,1165.7,1194,1202.6,1194.5,1200.8,1232,1222.4,1210.3,1196.5,1175,1178.6,1174.2,1152.9,1236.3,1194.1,1158.4,1147,1119.1,1104.5,1103.3,1100.2,1103.3,1077.2,1077.5,1056,1053.7,1080.7,1084.1,1066.8,1083,1077.2,1042.3,1037.3,1023.1,1041.3,1039,1052.2,1064.8,1070.4,1106,1109.6,1139.6,1124.6,1122.3,1121.9,1120.4,1110.9,1115.1,1100.2,1091.1,1084.8,1080.3,1071.4,1042.9,1061.4,1079.4,1113,1119.4,1096.7,1098.2,1086.1,1098,1124.2,1097.5,1078.3,1076.2,1076,1079.8,1096.3,1143.7,1127.1,1118.6,1124.2,1122,1136.8,1118.4,1101,1169.8,1181.2,1160.9,1127.2,1138.4,1117.7,1139.8,1126,1131.4,1158.9,1135.2,1108,1080.1,1057.8
USHAMART,409.4,410.85,407.4,398.55,395.85,385,388.1,378.7,375.05,371.85,372.9,374.15,362.4,383.65,377.9,376.3,383.8,379.1,367.55,368.1,379.8,369.45,361.75,344.9,342.15,353.9,348,357.95,350.3,358.15,358.4,346.15,337.55,335.1,322.5,331.2,340.95,350.45,341.9,322.05,319.8,330.8,325.35,327.95,312.9,298.1,299.3,302,302.6,305.2,292.05,290.3,300.05,305.5,308.3,292.4,294.5,295.75,300.45,312.05,321.05,331.1,332.9,322.65,318.9,315.65,306,316.2,325.2,328.15,339.9,339.65,338.05,347.4,341.3,337.35,334,332.75,330.25,323.95,300.35,299.95,298.15,306.1,313.2,320.6,311.15,312.7,311.65,305.7,305.65,298.2,293.6,294,289.25,303.25,299.45,298.55,305.7,305.7,296.35,310.45,308.35,311.65,311.8,311.6,334.85,334.1,323.55,324.55,325.2,317.15,316.8,312.1,310.25,310,307.9,312.3,307.15,306.4,306.15,316.95,308.45,313.75,309.8,307.45,308.15,310.85,311.95,311,315,310.15,332.05,336.3,345.8,355.55,366.6,364.65,362.95,371.85,370.3,374.75,375.05,368.05,366.45,370.45,389.6,390.35,381.65,386.35,381.4,383.3,380.3,381.1,375.95,367.7,365,378.5,378.1,377.65,368.15,367.35,366.5,357.65,350.85,340.3,339.5,350.2,347.65,354.15,366.8,371.15,364.1,368.15,377,388.1,386.55,384.35,381.5,388.5,382.75,376,381.25,381.95,382.5,388.7,384.15,383.55,387.25,386.65,407.1,402.15,415.85,426.55,431.85,442.75,445.95,448.7,448.9,476.45,459.35,452.75,462.4,450.85,450.85,446.1,481.6,469.65,458.3,480.4,469.4,468.3,455.3,453.9,460.05,458.15,448.4,455.8,463.35,462.5,459.85,464.85,478.25,474.2,464,472.45,481.3,469.5,467.6,448.15,459.55,449.9,452.45,448.9,438.9,432.3,416.9
BANKBARODA,262.93,262.93,260.77,259.2,257.99,259.08,255.99,250.67,248.31,240.59,246.25,244.95,246.68,244.99,241,240.55,241.22,241.12,241.64,227.96,232.46,232.95,231.04,225.4,217.69,223.72,222.02,228.85,228,232.12,229.61,228.38,229.16,225.21,219.62,221.76,222.59,222.39,213.39,207.99,212.89,220.02,219.71,216.32,215.23,210.78,212.54,210.8,205.16,206.96,206.09,208.89,213.57,210.27,208.63,204.77,203.18,197.07,195.91,195.92,205.22,207.16,205.9,204.03,202.56,202.4,205.52,209.34,213.76,215.65,216.7,224.47,223.07,220.34,230.98,228.53,228.58,231.52,236.78,234.32,229.36,235.84,230.21,232.5,234.95,240.79,242.81,249.42,252.45,251.47,252.01,246.79,252.55,253.22,249.93,248.61,249.13,223.91,224.5,217.27,220.09,226.85,232.75,233.57,234.38,236.92,239.98,236.43,241.3,241.23,243.04,241.52,241.51,243.03,243.24,249.55,254.77,253.66,254.61,250.64,246.18,248.02,246.93,242.59,240.66,239.22,240.62,238.04,236.51,231.66,234.15,233.85,237.82,239.06,239.34,241.33,248.78,247.54,243.05,242.32,240.78,241.09,239.76,241.13,238.84,237.44,240.92,244.32,249.08,246.52,244.71,243.39,239.48,243.07,246.86,243.45,240.34,242.26,239.67,237.87,235.13,241.17,240.65,241.75,242.05,239.22,243.97,243.08,241.81,242.77,242.77,247.05,244.88,243.36,240.23,241.08,235.14,233.24,232.83,234.42,236.67,238.42,233.94,234.26,234.64,234.49,238.01,238.27,237.48,239.05,240.58,245.89,248.95,252.08,251.14,253.23,254.37,252.82,248.45,253.99,258.54,259.6,263.95,266.6,261.85,261.9,264.15,266.95,268.1,263.95,268.4,266.15,264.5,271.45,270.2,266.9,266.2,273.65,276.95,274.6,272.75,278.4,291.2,288.1,286.35,289.05,287.7,285.85,285,283.25,286.75,287.95,288.45,293.3,288.25,284.15,281.9
CHOLAFIN,1282.25,1336.3,1348.95,1343.05,1304.85,1285.7,1246.8,1242.75,1213.75,1189.55,1171.1,1185.45,1189.35,1193.85,1212.4,1185.95,1184.35,1271.5,1320.25,1294.2,1276,1275.25,1288.2,1255.05,1222.55,1270.7,1253.85,1282.1,1257.4,1246.9,1240.5,1257.1,1246.05,1223.05,1175.35,1241.7,1296.55,1279.4,1285.85,1337.65,1394.9,1388,1381.9,1380.15,1347.75,1310.3,1351.85,1390.8,1376,1356.95,1350.4,1375.4,1395.25,1384.15,1377.25,1367.8,1438.65,1400.75,1419.75,1449.6,1446.9,1458.6,1457.35,1419.55,1448.75,1451.5,1444.7,1458.75,1515.25,1513.25,1493.2,1538.5,1529.3,1529.05,1522.25,1531.7,1519.95,1468.25,1460.25,1445.45,1453.3,1386.1,1463.3,1430.6,1475.7,1560.3,1611.9,1587.3,1659.8,1566.4,1566.8,1547.9,1543.5,1525.8,1484.5,1492.2,1487.8,1551.5,1530.6,1574.5,1531.5,1513.6,1579.2,1578.8,1596.6,1609.2,1619.3,1634.4,1609.3,1656,1626.9,1628,1644.8,1665.2,1647,1607.8,1601,1581,1566.3,1512.7,1511.6,1593.2,1644.6,1637.7,1608.2,1581.7,1553.8,1566.6,1555.2,1586.8,1544.4,1557.5,1583.6,1598.5,1608.8,1627,1654.1,1628,1599.8,1554.6,1527.1,1526.7,1514.3,1521.7,1563.1,1546.8,1532.5,1528.4,1557,1559,1564.3,1554.6,1573.8,1565.4,1556.1,1551.4,1503.8,1490.3,1484.8,1478.1,1443.2,1422.5,1472.1,1472.1,1454.9,1488,1451.1,1483,1450.7,1460.5,1461.5,1522.6,1527.9,1522.9,1518.3,1524.1,1509.4,1476.2,1439.8,1420.7,1453.8,1431.4,1439.8,1461.2,1490.9,1494,1507.1,1522.4,1495.7,1512.3,1517.7,1583.1,1573.4,1586.6,1590.9,1630,1623.8,1630.2,1592.8,1569.9,1591.7,1610.8,1605.3,1570.9,1634.1,1631.6,1607.3,1621.4,1614.2,1647.2,1645.7,1698.4,1668.1,1654.3,1673.3,1670.3,1684.7,1733.6,1732.4,1723.2,1710.4,1711.8,1696.8,1718.5,1745.9,1683.4,1703.9,1754.4,1741.8,1718.8,1710.6,1714.6,1699.7,1695.3,1678.1,1703.2,1659.7
RECLTD,563.7,570.15,569.75,559.55,556.95,559.8,550.55,537.2,529.1,513.25,512.4,507.4,519.1,507.45,496.5,500.7,505.55,518.45,538.05,512.55,515.45,503.6,491.2,459.35,446.75,476.15,478.65,485.15,482.35,490.75,476.45,462.05,463.75,446.25,428.5,419.65,434.85,440.35,449.85,405.5,427.35,440.25,434.15,441.2,423.45,409.95,408.05,409.65,391.65,389.1,385.3,395.65,409.45,403.55,391.7,383.6,378.5,360.3,377.8,386.9,402.2,413.15,406.2,394.2,402.6,402.2,406.65,412.95,421.55,429.5,429.05,428.95,444.45,442.75,425.6,433.4,429.2,416.9,424.55,425.45,403.4,384.35,395.85,389.45,402.25,423.3,424.8,428.6,442.6,440.4,440.8,439.95,422.2,433.05,430.4,420.1,419.95,423.3,404.7,410.95,392.4,384.25,412.65,401.75,389.5,394.35,406.45,407.05,393.6,400.2,401.8,402.5,406.8,405.15,403.25,408.25,402.3,403.9,400.45,400.9,403,415,426.2,423.05,419.3,405.1,402.7,401.5,399.15,392.5,383.65,394.45,397.3,398.6,398.5,403.55,402.9,402.4,400.45,395.5,393.15,393.65,391.6,395.1,391.55,397.55,401.05,398.85,401.35,400.4,401.2,400.9,398.65,393.3,400,404.9,400.75,392.6,400.1,399.55,395.2,388.7,393.55,394.5,389.4,384.95,381.35,387.3,385.45,387.15,381.55,378.35,382.3,380.85,380.6,375.6,375.05,363.55,354.9,350,360.9,364.75,367.8,364.3,366.15,369,368.1,370.95,374.65,373.3,378.45,380.5,384.4,384.4,384.5,384,386.7,382,375.25,367.4,372,372.85,377.55,380.35,378.05,377.75,372.5,371.6,372.95,371.1,370.3,375.8,377.5,374.95,374.7,377.15,374.9,372.6,373.7,368.95,385.55,378.3,374.85,379.2,370.65,362.7,364.95,362.4,362.05,362.25,359.05,358.05,361.4,359.05,359.45,361.4,358.2
UCOBANK,49.6,48.73,48.39,48.62,46.89,47.06,46.41,45.36,45.24,44.18,43.57,43.8,43.26,43.01,42.39,43.87,43.86,44.08,44.96,43.01,43.5,43.23,42.05,40.92,38.56,45.27,42.41,42.94,43.07,44.56,44.09,43.15,43.5,42.13,42.86,42.67,42.74,42.85,43.51,41.62,42.11,42.94,42.45,41.99,41.24,40.08,39.96,40.2,39.25,38.66,37.4,38.58,39.36,38.58,38.06,38.06,37.65,36.37,34.84,35.79,36.76,37.26,37.44,36.3,36.11,35.68,35.2,35.1,36.13,37.35,37.09,37.74,38.18,36.54,35.98,36.7,35.7,31.2,30.04,30.38,29.81,28.06,28.89,28.69,28.94,29.53,30.25,30.43,31.27,31.49,31.17,31,30.45,30.78,32.07,31.05,31.53,31.42,30.74,30.44,30.31,29.65,30.98,31.12,31.31,30.97,30.98,32.19,31.35,31,30.82,31.04,31.04,31,31.25,31.28,33.05,34.27,33.93,33.91,33.89,32.94,33.17,33.1,32.72,31.75,31.31,31.3,31.36,30.98,29.97,29.95,29.23,29.72,30.14,30.32,31.53,32.4,32.93,32.71,32.39,32.48,32.24,31.9,31.87,31.93,31.63,31.61,31.97,32.56,32.37,32.13,31.74,31.64,30.96,30.9,30.36,30.14,30.21,30.15,29.79,29.14,28.99,28.94,28.36,28.14,28,28.05,28.33,28.04,28.07,28.47,29.18,29.27,29.23,28.91,28.83,28.43,28.19,28.2,28.57,28.86,28.77,28.38,28.62,28.66,28.55,29.05,29.31,28.99,29.44,29.87,30.49,30.33,31.05,30.7,30.69,30.5,30.1,29.44,29.86,30.49,30.62,30.77,31.3,31.14,30.8,30.75,31.8,31.79,30.81,31.6,31.42,30.89,31.94,32.3,32.24,31.66,32.32,32.77,32.81,32.46,33.21,33.58,32.69,31.95,32.52,32.27,31.44,31.13,30.8,30.72,31.28,31.55,31.85,31.05,30.7
PVRINOX,1480.1,1492.3,1486.6,1459.65,1455.2,1474.35,1494.6,1408.45,1421.25,1382.1,1361,1373.85,1336.85,1338.65,1310,1304.9,1317.25,1320.2,1302.15,1250.7,1222.7,1177.7,1161.6,1135.5,1077.95,1086.25,1084.55,1083.2,1102.2,1092.45,1077.4,1068.7,1092.8,1064.1,1035.75,1053.95,1083.9,1068.8,1090.5,1112,1106.7,1132.4,1121.35,1088.35,1075.75,1052.05,1054.3,1060.45,1018.25,1006.55,988.25,990.4,1009.2,1012,999.1,984.4,916.25,903.95,895.2,928.1,953.05,980.8,962.75,941.4,939.55,916.75,899.8,961.7,977.75,960.2,974.4,976.85,947.7,926.25,932.95,912.55,962.6,968.1,959.55,899.95,848.7,883.7,869.5,915.7,945.8,952.75,961.95,970.7,968.45,982.55,1012.1,980,982.95,964.05,942.4,955.6,950.1,937.55,935.9,932.5,921.45,962.8,946.85,965.65,991.15,1017.4,990.7,970.3,956.95,954.15,972.8,988.95,992.6,1015,1000.65,985.25,1014.15,1042.8,1060.35,1039.2,1020,1012.1,1008.2,999.5,983.45,954.55,967.5,951.8,952.5,961.05,940.65,951.9,964.1,966.55,965.2,968.15,970.1,964.65,960.1,978.15,977,974.3,971.75,1001.8,1011.9,989.5,981.25,989.55,979.35,976.15,1019.4,1032.45,1018.65,1019.85,1010.9,1000.1,978.7,988.15,987.65,999.8,998.05,1017.85,1036.2,1035.5,1067.45,1071.25,1073.5,1090.1,1078.7,1079,1055.65,1096.2,1086.95,1122.55,1131.2,1108.9,1139.25,1120.95,1119.9,1119.3,1119.4,1121.8,1130.8,1146.3,1111.8,1129.4,1121.2,1135.7,1120.8,1113.6,1146.1,1135.2,1127.8,1115.9,1108,1115.2,1114,1109.7,1108.5,1100.9,1075,1099,1127.3,1109.8,1093.2,1091.3,1093.4,1090,1099.9,1105.4,1101.9,1098.1,1092.6,1157.9,1154.9,1156.5,1161,1179.2,1184.4,1233.1,1241,1206.6,1205.9,1162,1142.9,1153.2,1128.8,1127.9,1099.4,1092.3,1083.3,1107.2,1113,1114.7,1099.5,1095.3,1078.7
HINDPETRO,399.7,404.9,410.1,411.7,415.05,407.1,407.1,398.05,407.4,399.5,403.6,412.85,419.3,410.7,405.8,408.75,412.35,412.7,413.05,388.95,386.2,391.35,384.8,388.45,364.4,373.25,363.25,358.2,358.9,360.35,369.95,370.1,362.1,352.85,345.95,349.5,345.25,351.6,358.25,324.9,333.7,342.9,343.1,342.5,338.3,330,323.95,320.15,312.35,318.1,319.95,324.6,331.7,323,319.3,309.85,307,293.75,297.8,315.2,326.15,339.15,332.45,325.8,329.7,327.35,323.7,325,324,328,336.55,356.95,361.9,361.45,351.9,359.55,360.35,361.7,362.15,362.45,358.35,352.8,369.15,379.3,382.2,379.1,390.05,387.7,394.85,398.45,388.8,390.45,380.7,392.2,391.1,378.7,385.05,409.85,396.8,396.95,388.1,386.25,388.8,388.9,396.6,402.7,410.05,404.9,397.4,404.9,401.25,408.1,414.6,412.15,418.1,414.75,411.05,408.2,402,406.6,401,407.05,408.45,405.1,414.85,392.55,386.25,395.35,393.25,393.95,390,392.25,393.25,406.25,408.15,420.3,439,438.05,440.45,436.55,436.6,444.6,447.9,452.7,445.45,441.25,435.9,429.9,433.45,446.1,440,430.6,431.7,429.25,434.5,434.9,421.8,421.9,425.8,426.25,418.45,403.8,408.65,402.45,401.4,402.4,409.5,410.35,408.05,411.1,394.35,387.05,395.6,390.8,393.15,390.75,390.25,382.95,381.75,375.9,385.25,384.6,387.25,384.6,383.6,393.9,389.9,392.45,397.8,398.75,399.85,402,405.65,408.6,413.05,412.75,424.3,424.9,423.5,422.25,441.75,443.4,434.4,446.3,456.3,454.25,457.3,458,452.5,451.35,442.65,448.65,451.95,448.6,452.95,455.4,440.7,438.45,453.75,452.15,468.85,469.75,476,484.1,484.85,473.15,479.55,482,487.9,484.9,486.05,481.25,486.5,483.55,477.15,477.9,471.9
RELIANCE,1295.15,1284.85,1278.2,1262.9,1272.85,1268.3,1245.3,1253.25,1230.45,1205.3,1222.3,1222.75,1216.55,1221.05,1210.7,1215.45,1221.25,1241.8,1251.15,1218,1240.85,1265.5,1254.75,1241.9,1239.85,1238.75,1252.2,1266.45,1302.35,1305.45,1273.7,1277.1,1263.65,1246.3,1229.35,1234.4,1235.5,1253.05,1265.1,1245.9,1285.2,1278.2,1281.55,1266.7,1253.65,1234.85,1216.55,1216.1,1217.25,1224.9,1225.4,1227.45,1233,1228.15,1214.55,1204,1207.1,1200.1,1171.25,1161.9,1175.6,1209.6,1249.8,1238.4,1247.3,1257.05,1247.9,1238.85,1238.8,1247.15,1269.15,1276.35,1302.1,1285.45,1273.05,1278.2,1275.1,1252.6,1251.15,1248.7,1204.7,1165.7,1182.2,1185.35,1218.95,1240.1,1239.3,1274.5,1295.5,1291.2,1300,1301.6,1300.4,1368.8,1399.7,1405,1422.4,1431.3,1420.9,1406,1407,1377.2,1436.5,1415.7,1424.4,1454.2,1456.4,1440.8,1424.6,1429.2,1409.4,1426.8,1434.8,1422.1,1412.9,1417.8,1420.9,1413.7,1405.5,1423.5,1442.4,1443.5,1448.8,1438.5,1448.9,1441.6,1427.9,1437.8,1431.2,1430.1,1433.3,1466.2,1456.8,1450.8,1467.3,1495.3,1515.4,1500.6,1528.4,1518.8,1517.8,1527.3,1541.5,1537.6,1519,1517.2,1495.2,1483.7,1485.4,1485.6,1476.4,1476,1428.6,1412.8,1424.6,1402.9,1391.7,1387.6,1417.1,1410.1,1390.2,1393.7,1411.5,1391.7,1392.8,1389.4,1367.8,1386.2,1380.4,1382.6,1373.8,1381.7,1420.1,1413,1424.8,1409.2,1412.6,1384.9,1385.9,1357.2,1353.9,1366.5,1372.6,1359.3,1375,1378.5,1376.2,1377,1383.3,1395,1399.3,1405.3,1413.8,1415,1407.4,1390.6,1389.8,1383,1372.4,1377.6,1372.8,1364,1368.7,1363.4,1375,1384.8,1367.4,1377.8,1381.7,1375,1375.9,1374.3,1398.3,1416.8,1466.8,1465.2,1448.4,1451.6,1484.1,1486.9,1504.2,1488.5,1486.4,1484.7,1473.1,1496.1,1478,1489.3,1493.4,1511.5,1510.9,1518.9,1518.3,1519.4,1518.9,1549.1,1546.6
RELIANCE,1295.15,1284.85,1278.2,1262.9,1272.85,1268.3,1245.3,1253.25,1230.45,1205.3,1222.3,1222.75,1216.55,1221.05,1210.7,1215.45,1221.25,1241.8,1251.15,1218,1240.85,1265.5,1254.75,1241.9,1239.85,1238.75,1252.2,1266.45,1302.35,1305.45,1273.7,1277.1,1263.65,1246.3,1229.35,1234.4,1235.5,1253.05,1265.1,1245.9,1285.2,1278.2,1281.55,1266.7,1253.65,1234.85,1216.55,1216.1,1217.25,1224.9,1225.4,1227.45,1233,1228.15,1214.55,1204,1207.1,1200.1,1171.25,1161.9,1175.6,1209.6,1249.8,1238.4,1247.3,1257.05,1247.9,1238.85,1238.8,1247.15,1269.15,1276.35,1302.1,1285.45,1273.05,1278.2,1275.1,1252.6,1251.15,1248.7,1204.7,1165.7,1182.2,1185.35,1218.95,1240.1,1239.3,1274.5,1295.5,1291.2,1300,1301.6,1300.4,1368.8,1399.7,1405,1422.4,1431.3,1420.9,1406,1407,1377.2,1436.5,1415.7,1424.4,1454.2,1456.4,1440.8,1424.6,1429.2,1409.4,1426.8,1434.8,1422.1,1412.9,1417.8,1420.9,1413.7,1405.5,1423.5,1442.4,1443.5,1448.8,1438.5,1448.9,1441.6,1427.9,1437.8,1431.2,1430.1,1433.3,1466.2,1456.8,1450.8,1467.3,1495.3,1515.4,1500.6,1528.4,1518.8,1517.8,1527.3,1541.5,1537.6,1519,1517.2,1495.2,1483.7,1485.4,1485.6,1476.4,1476,1428.6,1412.8,1424.6,1402.9,1391.7,1387.6,1417.1,1410.1,1390.2,1393.7,1411.5,1391.7,1392.8,1389.4,1367.8,1386.2,1380.4,1382.6,1373.8,1381.7,1420.1,1413,1424.8,1409.2,1412.6,1384.9,1385.9,1357.2,1353.9,1366.5,1372.6,1359.3,1375,1378.5,1376.2,1377,1383.3,1395,1399.3,1405.3,1413.8,1415,1407.4,1390.6,1389.8,1383,1372.4,1377.6,1372.8,1364,1368.7,1363.4,1375,1384.8,1367.4,1377.8,1381.7,1375,1375.9,1374.3,1398.3,1416.8,1466.8,1465.2,1448.4,1451.6,1484.1,1486.9,1504.2,1488.5,1486.4,1484.7,1473.1,1496.1,1478,1489.3,1493.4,1511.5,1510.9,1518.9,1518.3,1519.4,1518.9,1549.1,1546.6
IRCTC,833.7,835,855.45,839.9,835.45,842.5,826.8,813,805.55,784.25,788.2,788.8,782.4,779.25,768.95,786.9,788.9,794.5,796.3,770.35,775.4,769.9,763.8,779.15,746.85,757.75,759.55,763.2,779.2,791.1,782.7,770.65,795.2,787.5,747.7,750.05,762.4,779,822.3,772.65,781.9,791.9,783.8,774.1,773.7,750.95,759.15,746.35,732.6,725.45,719.2,728.3,735.5,731.1,720.35,710.35,694.35,670.95,676.6,673.85,695.15,702.35,700.65,689.7,691.15,698.2,689.05,690.6,705.9,717.65,714.85,722.2,726.95,717.15,704.45,718.05,727.5,724.25,727.45,738.25,714.1,697.4,713.95,715.2,730.7,754.5,760.6,769.4,774.65,774.85,784.95,777.05,751.85,764.05,762.35,751.5,748.65,765.45,736.75,741.5,727.95,722.55,763.45,764,777.9,785.7,809.05,804.6,785.75,790.2,778.85,783.05,792.9,793.15,776.35,774.7,756,766.35,771.5,777.25,781.25,779.65,787.9,788.9,783,771.3,770.65,770.1,768.7,759.7,746.8,756.6,757.85,762,767.55,773.05,785.25,781.5,775.5,775.5,778.5,781.15,784.35,785.2,786.05,784.2,773.7,770.3,773.95,776.6,774.75,765.3,770.45,760.6,761.95,757.15,746.25,730.1,735.8,736.15,726.05,719.2,729.9,726.25,729.65,727.15,718.95,723.3,720.55,727.35,724.8,721.9,726.4,731.2,725.7,725,721.85,717.25,699.65,691.95,703.95,712,712.85,711.1,714.05,713.1,713.2,718.55,719.7,722.2,725.25,727.2,730.95,735.4,736.6,727.1,722.6,715.45,714.9,703.1,699.75,700.4,706.15,707.5,710.25,716.9,703.15,709.8,715.7,709.6,704.15,716.15,718.9,719.3,721,718,719,714.8,724.1,721.7,730.65,728.15,718.7,723.45,718.5,703.35,704.15,704.35,710.7,715.85,709.9,705.3,713.05,703.8,705,703,690.4
KOTAKBANK,1786.25,1794.7,1794.7,1768.7,1805.65,1804.45,1784.05,1780,1762.1,1743.55,1745.35,1749.05,1752.8,1759.9,1740.7,1786.05,1788.4,1837.15,1838.65,1779.65,1772.05,1768.65,1790.2,1756.2,1738.4,1750.6,1789.6,1805.55,1758.6,1920.5,1893.3,1917.5,1894.85,1886.2,1881.4,1887.75,1920.35,1901.5,1901.3,1884.5,1928.5,1911.75,1915.95,1929.25,1960.15,1918.6,1943.95,1972.8,1952.4,1945.3,1963.35,1985,1970.55,1953.05,1966.1,1967.25,1947.55,1902.95,1914.6,1907.8,1933.1,1921.7,1935.4,1921.75,1935.2,1982.55,1985.1,1993.1,2034,2021.55,2035.65,2079,2176.15,2170,2144.9,2128.65,2171.2,2145.9,2154.6,2132.6,2131.95,2037.85,2055.15,2052.7,2111.2,2120.2,2123.4,2188.1,2241.4,2268.8,2227,2223,2204.4,2225.6,2205,2208.1,2185.2,2084.9,2074,2094.9,2112.6,2103.1,2145,2115.6,2092.4,2106.4,2108.2,2111.2,2090.1,2071.3,2065.8,2100.8,2089.3,2077.4,2074.3,2081.6,2074.7,2063.6,2044.5,2046.3,2039.9,2073.4,2138.2,2151.1,2145.3,2126.8,2107.4,2139,2136.8,2132.4,2146.4,2169.8,2184.1,2223.6,2198.3,2203.9,2207.9,2163.5,2183.6,2169.1,2126.6,2129.8,2149.8,2224.5,2229.3,2203.8,2220.6,2203.8,2188.1,2179.4,2170.8,2140.5,2165.2,2160.2,2170.4,2142.1,2124.6,1966.6,1972.7,1959.7,1978.6,1992.4,1997,2003,2002.4,1992.1,1952.7,1975.9,1959,1987.7,1978.2,2001.4,2029.9,2017.5,2017.8,1986.6,1983.3,1965.7,1944.7,1960.3,1968.6,1942.5,1960.2,1949.7,1945.5,1950.1,1960.4,1973.3,1972.3,1972.3,1970.8,2021.7,2050.3,2054.6,2031,2021.7,2047.7,2031.3,2013.5,1994.8,1991.6,1992.7,2063.3,2100.5,2146,2126.9,2117.8,2144.6,2150.1,2152.1,2151.8,2149.6,2205.4,2205.8,2213.8,2197,2225.6,2187,2148.6,2160.8,2150.5,2137.2,2102.2,2113.5,2096.6,2083.2,2088.3,2092.7,2086.9,2084.5,2075.2,2079.7,2102.9,2093.1,2105.9,2098.7,2087.8
KOTAKBANK,1786.25,1794.7,1794.7,1768.7,1805.65,1804.45,1784.05,1780,1762.1,1743.55,1745.35,1749.05,1752.8,1759.9,1740.7,1786.05,1788.4,1837.15,1838.65,1779.65,1772.05,1768.65,1790.2,1756.2,1738.4,1750.6,1789.6,1805.55,1758.6,1920.5,1893.3,1917.5,1894.85,1886.2,1881.4,1887.75,1920.35,1901.5,1901.3,1884.5,1928.5,1911.75,1915.95,1929.25,1960.15,1918.6,1943.95,1972.8,1952.4,1945.3,1963.35,1985,1970.55,1953.05,1966.1,1967.25,1947.55,1902.95,1914.6,1907.8,1933.1,1921.7,1935.4,1921.75,1935.2,1982.55,1985.1,1993.1,2034,2021.55,2035.65,2079,2176.15,2170,2144.9,2128.65,2171.2,2145.9,2154.6,2132.6,2131.95,2037.85,2055.15,2052.7,2111.2,2120.2,2123.4,2188.1,2241.4,2268.8,2227,2223,2204.4,2225.6,2205,2208.1,2185.2,2084.9,2074,2094.9,2112.6,2103.1,2145,2115.6,2092.4,2106.4,2108.2,2111.2,2090.1,2071.3,2065.8,2100.8,2089.3,2077.4,2074.3,2081.6,2074.7,2063.6,2044.5,2046.3,2039.9,2073.4,2138.2,2151.1,2145.3,2126.8,2107.4,2139,2136.8,2132.4,2146.4,2169.8,2184.1,2223.6,2198.3,2203.9,2207.9,2163.5,2183.6,2169.1,2126.6,2129.8,2149.8,2224.5,2229.3,2203.8,2220.6,2203.8,2188.1,2179.4,2170.8,2140.5,2165.2,2160.2,2170.4,2142.1,2124.6,1966.6,1972.7,1959.7,1978.6,1992.4,1997,2003,2002.4,1992.1,1952.7,1975.9,1959,1987.7,1978.2,2001.4,2029.9,2017.5,2017.8,1986.6,1983.3,1965.7,1944.7,1960.3,1968.6,1942.5,1960.2,1949.7,1945.5,1950.1,1960.4,1973.3,1972.3,1972.3,1970.8,2021.7,2050.3,2054.6,2031,2021.7,2047.7,2031.3,2013.5,1994.8,1991.6,1992.7,2063.3,2100.5,2146,2126.9,2117.8,2144.6,2150.1,2152.1,2151.8,2149.6,2205.4,2205.8,2213.8,2197,2225.6,2187,2148.6,2160.8,2150.5,2137.2,2102.2,2113.5,2096.6,2083.2,2088.3,2092.7,2086.9,2084.5,2075.2,2079.7,2102.9,2093.1,2105.9,2098.7,2087.8
LICHSGFIN,630.15,630.45,636.85,632.3,624.35,625.95,604.85,598.95,591.85,582.25,583.25,585.05,588.2,596.6,590.8,598.05,600.3,606.05,609.45,594.3,585.15,582.85,573.45,554.9,533.6,552.4,552.95,565.45,562.7,569.9,560.4,554.8,579.95,573.3,563.9,570.5,574.6,584.35,598.1,557.6,576.5,574.1,576.2,578.2,562.85,544.6,542.85,551.25,533.55,538.5,530.55,541,545.3,544.05,537.25,521.45,513.45,496.9,500.85,503.2,520.55,530.15,532.4,528.45,533.6,523.7,515.6,520.25,539.8,549.8,555.8,571.7,578.3,570.6,561.15,569.5,563.85,561.45,565.65,573.3,561.85,543.75,565.85,556.35,559.65,587.85,593.95,604.45,606.35,608.9,613.7,613.65,592.2,609.45,606.8,600.95,602.25,608.4,585.05,600.3,577.2,574.75,601.5,603,616.5,624.95,621.1,601.65,588.35,595.75,593.3,596.95,603.35,600.85,594.15,596.05,596.45,602.4,608.1,603.35,601.2,613.45,622.15,618.15,620.2,604.6,600,605.5,600.75,604,581.75,594.55,591.3,602.95,610.05,622.05,612.65,618.85,611.35,609.2,609.35,610.8,607.8,605.15,604.15,605.5,604.65,606.9,619,637.05,638.25,628.25,623.65,620.2,619.65,614.7,606.9,590.3,598.25,590.05,586.05,570.25,591.05,579.65,576.1,578.4,570.6,574.3,573.15,574.35,569.25,567.8,579.75,580.1,577.85,563.5,561.1,560.4,547.35,555.2,563.4,556.45,557.1,554.3,554.2,559.65,557.55,560.8,562.7,567.1,571.75,570.05,572,593.2,592.8,587.3,582.6,580.75,571.4,564.95,567.2,565,577.2,578.45,576.85,566.65,562.05,560.5,568.45,572.35,565.8,569.1,569.3,568.25,573.05,573.65,580.75,579.5,584.35,585.9,593.45,570.45,570.95,575.55,574,570.15,571.2,571.7,571.5,572.8,567.9,567.7,571,567.55,563.6,554.8,545.9
IRFC,159.2,156.85,164.91,162.73,159.32,158.94,156.66,153.35,152.84,148.41,147.79,147.86,146.89,146.22,153.35,149.04,150.35,152.04,153.7,145.42,146,143.77,140.46,135.71,128.44,135.55,137.56,142.98,146.19,146.7,142.39,140.25,141.37,140.68,137.05,137.82,141.73,148.23,150.94,136.84,137.84,137.93,136.31,133.43,131.05,126.25,125.35,126.57,121.75,121.78,119.27,124.27,124.78,125.11,123.47,123.26,120.36,112.42,111.13,114.59,117.73,120.59,123.42,119.75,119.3,119.2,117.69,118.7,121.8,128.11,128.52,129.66,132.8,129.41,128.39,124.34,124.42,124.38,127.48,129.16,124.84,122.42,124.41,123.06,124.11,128.27,129.06,129.48,131.43,132.31,134.36,133.42,128.8,127.17,126.93,124.47,124.2,125.01,120.37,121.25,118.94,116.42,125.53,124.76,129.96,130.24,138.61,141.49,136.71,138.08,136.83,136.71,140.18,139.65,140.34,139.96,138.95,142.02,140.81,144.95,145.27,146.41,146.96,145.23,145.45,140.47,138.33,139.94,137.83,136.02,132.35,134.2,136.98,138.62,139.57,139.87,139.99,141.72,141.5,140.31,139.7,139.24,138.54,138.2,137.59,137.13,135.28,134.11,135.29,135.45,134.91,133.84,134.37,130.77,134.85,135.65,132.03,130.92,132.22,131.4,128.34,126.89,129.74,128.36,127.52,127.25,125.28,126.82,125.03,125.65,124.5,124.77,126.8,126.73,125.44,124.98,124.36,121.2,118.58,118.11,120.54,122.99,123.58,121.63,123.46,124.57,124.82,126.18,125.53,126.23,128.18,128.96,129.33,129.29,129.69,128.54,127.29,125.59,124.08,121.91,124.26,123.51,125.54,125.85,125.24,127.08,124.3,125.07,126.5,125.5,124.52,124.88,124.72,123.52,125.07,125.2,125.11,123.73,123.45,122.77,125.09,123.95,123.31,123.1,122.24,120.25,121.36,120.77,121.61,121.59,120.75,121.01,122.5,120.82,120.85,120.08,119.09
PEL,1241.1,1264.85,1269.8,1260.4,1252.3,1252.05,1224.95,1147.65,1122.55,1093.7,1085.25,1090.55,1098.45,1107,1102.4,1104.7,1094.6,1125.45,1095.85,1047.1,1060.2,1047.85,1032.05,987.85,947.9,1026.05,1018.05,1024.85,1031.8,1025.3,1009.85,993.65,1006.4,990.45,914.5,950.15,969.7,976.3,1023.1,1014,1046.45,1049.8,1043.8,1034.9,1010.55,959.35,978.4,964.1,926.55,926.05,920.1,931.75,953.35,934.5,908.35,905.8,905.3,872.4,891.9,887.65,910.2,931.5,918.55,900.95,904.75,900.85,885.95,916.35,962.35,967.35,996.45,1022.85,990.9,978.75,993.5,987.85,989.05,1006.05,1009.35,961.5,954.8,966.65,947.85,967.75,987.35,990.25,995.1,1039.85,1030.45,1021.5,1021.6,981.2,990.75,988.65,967.95,978,1008.25,962.8,1034.6,1011.6,1011.95,1062.3,1075.8,1072.55,1070.55,1104.75,1121.7,1107.7,1139,1090.75,1100.75,1082.9,1099.5,1086,1098.25,1108.2,1126.5,1134,1131.5,1124.2,1173.7,1188.2,1176.6,1176.1,1153.2,1132.6,1150.8,1127.2,1127.9,1100.2,1131.3,1121.3,1127.1,1127,1149.7,1148.4,1144.2,1168.8,1160.4,1162.5,1157.9,1157.1,1161.8,1162.1,1163,1217.5,1293.3,1323.3,1314.9,1339.3,1326.7,1301.7,1287.4,1307.2,1306.5,1278.4,1295.8,1295,1287.6,1251.8,1197.1,1225,1185.4,1174.6,1163.2,1136.2,1162.2,1128,1127.2,1121.9,1183.2,1176.2,1176.3,1164.2,1167.7,1190.5,1135.1,1122.6,1120.2,1086.5,1080.9,1091.7,1077.5,1084,1076.9,1072.2,1068.3,1061.2,1083.7,1141,1145,1166.9,1177.9,1122.2,1124.2
RAYMOND,1612.15,1799.95,1863.05,1807.8,1810.55,1785,1738.8,1725.5,1700.6,1727.3,1782.4,1780.1,1740.25,1731.05,1680.15,1676.5,1694,1777.45,1786.2,1701.85,1751.5,1696.65,1675.1,1601.05,1517.1,1522.55,1592.95,1587.95,1598.15,1605.95,1578.2,1522.3,1487.8,1539.65,1475.95,1462.5,1504.9,1515.85,1511.4,1498.2,1487.15,1507.45,1522.95,1526.4,1494.7,1444.05,1416.55,1417.05,1383.2,1363.55,1341.75,1401.2,1397.6,1381.1,1393.05,1398.3,1359.1,1293.35,1262.8,1279.15,1310.75,1357.75,1330.05,1282.15,1260.95,1251.9,1224.1,1231.15,1428.3,1416.4,1409.3,1481.9,1499.1,1449.4,1428.5,1437.5,1402.95,1373.75,1413.3,1499.2,1484.55,1436.95,1458.35,1493.25,1493.15,1522.2,1512.5,1524,1536,1576.9,1550.5,1537.5,1500.6,1512.3,1496.4,1527.3,1549.8,1574.5,1532.2,1574.4,1540.4,1456.2,1572.7,1564.3,551.2,578.7,607.6,637.9,669.7,689.2,664.3,634.7,627.4,633.7,619.2,614.5,629.9,621.1,610.45,615.1,617.75,617.15,619.8,617.55,607.95,603.2,591.45,592.95,592.65,601.9,586.15,587.5,601.1,599.5,600.45,598.95,624.35,709.4,757,758,724.45,712.9,703,707.4,697.9,693.4,697.7,686.7,696.55,708.4,696.7,718.8,738.5,722.1,712.5,719.5,703.1,686.1,687.95,683.6,668.6,656.95,639.3,630.8,643.25,632.1,618.85,611.9,614.35,609.85,611.95,612.3,654.75,652.15,633,621.15,628,618.8,606.05,599.6,603.15,610,615.05,610.7,611.7,607.65,611.8,622.95,618.9,614.65,622.25,628.3,622.6,624.75,620.55,618.6,624.7,618.9,616.4,607.15,575.25,573.75,582.55,588.3,581.25,583.2,577.3,577.45,579.55,573.3,570.15,578.9,585.25,576.45,573.2,581.85,578.9,576.25,590.75,576.15,587.05,580.9,574.05,575.4,571.5,563.45,557.05,551.25,545.65,537.65,531.65,522.35,514.3,500.9,507.35,509.1,496
HDFCAMC,2234.57,2228.25,2271.93,2271.3,2269.43,2258.38,2207.5,2184.07,2197.1,2131.4,2124.82,2108.3,2134.73,2131.55,2132.7,2099.53,2081.28,2140.98,2112.32,2052.48,2035.85,2031.23,1975.2,1922.4,1917.28,1932.53,2023.75,2045.35,2015.43,2020.2,2014.85,1975.55,2000.85,1938.9,1857.1,1844.33,1892.85,1884.68,1934.95,1905.45,1934.18,1996.43,1967.83,1961.18,1936.2,1842.23,1851.83,1877.93,1876.23,1865.28,1868.93,1895.88,1939.8,1896.55,1891.73,1882.63,1844.4,1814.15,1856.33,1847.5,1932.15,1921.03,1917.1,1875.05,1889.65,1883.83,1862.55,1871.83,1913.8,1987.88,1983.9,1997.28,2050.23,2056.15,2035.68,2036.65,2006.95,1988.28,2037.68,2021.75,1953.15,1866.05,1918.18,1899.98,1993.63,2066.55,2065,2109,2229.9,2254.8,2279.75,2273.7,2191.25,2214.65,2208,2187.2,2191.45,2232.5,2169,2214.7,2143.9,2135.8,2264.55,2248.3,2284.45,2351.2,2368.65,2406.35,2382.7,2407.75,2392.3,2407.05,2415.4,2404.2,2413.7,2422.45,2391.5,2410.6,2394.75,2369.8,2442.9,2543.75,2608.6,2560.45,2561.95,2515.6,2484.6,2485.15,2491.95,2471.5,2438.75,2479.3,2469.25,2531.7,2546.15,2537.5,2574.25,2595.9,2571.5,2538,2522.5,2516.75,2499.5,2554.5,2570.5,2603.75,2558,2545.75,2641.75,2676.75,2755,2795,2811,2796.25,2799.5,2781.5,2775.75,2781.75,2813.75,2835,2825,2807.5,2842.5,2836.75,2840.5,2832.25,2781,2750.5,2733,2740.75,2745.5,2858.5,2859.5,2854.75,2897,2914,2946,2879.75,2791,2731.5,2789.75,2765.25,2798.75,2784.75,2786.25,2856.25,2826.25,2902.25,2899.5,2899.25,2872,2889.75,2904,2925,2928.25,2913.75,2941.75,2895,2875.5,2810.5,2811.5,2766.25,2777.75,2795.5,2830.5,2778.25,2737.75,2739.5,2760,2834.5,2797,2882,2901.75,2857.75,2858,2853.75,2806,2771.75,2779.5,2823.25,2699,2682.25,2689.5,2702.25,2701.25,2694.25,2716.25,2748,2740,2742.75,2738.75,2706.5,2719.25,2698.25,2696,2699.5,2696.75
LT,3947.3,3923.15,3916.75,3859.9,3887,3877.85,3807.2,3758.15,3716.35,3629.85,3640.5,3639.75,3629.5,3608.1,3578.95,3607.65,3667.5,3713.5,3659.9,3603.2,3643.3,3596.35,3527.9,3536.15,3464.3,3462.6,3501.4,3507.9,3568.65,3593,3541.1,3518.2,3503.25,3458.2,3457.65,3413.9,3449.7,3420.95,3567.4,3289.2,3439.15,3383.2,3352.75,3336.9,3328.65,3239.65,3289.65,3263.65,3237.65,3221.85,3220.15,3275.9,3275.8,3315.1,3257.7,3225.9,3209.5,3163.85,3197.3,3213,3239.65,3259.9,3244.7,3177.7,3195.45,3193.65,3187.3,3173.45,3270.7,3319.55,3351.05,3415.95,3481.85,3469.6,3444.8,3501.6,3492.3,3436.8,3419.9,3420.15,3260.15,3068.5,3161.1,3054.15,3115.95,3257.6,3227.7,3247.3,3280.5,3257.8,3301,3300.6,3272.1,3327.3,3322.3,3341,3334.9,3330.2,3334,3321.4,3323.9,3443.9,3587.2,3567,3573.1,3618.2,3604.7,3600.2,3567.8,3589,3551.4,3599.9,3648.7,3640,3646.3,3655.3,3675.1,3679.6,3644.8,3626.5,3642.6,3656.3,3678.9,3679.8,3684.8,3603.9,3587.4,3628.7,3622.3,3601.5,3621.1,3662,3583.7,3604.8,3619.8,3659.6,3679.2,3669.8,3666.7,3596.8,3582.9,3594.6,3581.4,3606.4,3579.7,3574.7,3540.6,3495.9,3494,3503.8,3474,3464.8,3502.8,3464.6,3484.9,3477.5,3442.9,3422.2,3495.6,3665.1,3636.5,3587.3,3631.1,3652.6,3628.4,3641.6,3607.6,3668.4,3686.1,3693.7,3677,3635.1,3613,3592.3,3612.6,3595.8,3603.1,3541.3,3560.1,3601,3598.4,3574.9,3600.8,3592.6,3553.6,3529.6,3525,3550,3539.7,3579.8,3586.2,3667.8,3685.5,3686,3675.4,3644.5,3657.6,3673.8,3644.4,3729.5,3688.4,3659,3670.3,3733.1,3737,3729.7,3729.8,3769.2,3784,3769.5,3744.3,3828.7,3861.8,3839.4,3872.7,3888.2,3918.7,3904.9,3923.8,3972.8,3958.1,3987.5,4030.9,3980.5,3924.4,3881.6,3882.5,3918.5,3955,3954.6,4002.5,4004.4,4027.7,3999.6,4019.6,4037.4,4024.9
LT,3947.3,3923.15,3916.75,3859.9,3887,3877.85,3807.2,3758.15,3716.35,3629.85,3640.5,3639.75,3629.5,3608.1,3578.95,3607.65,3667.5,3713.5,3659.9,3603.2,3643.3,3596.35,3527.9,3536.15,3464.3,3462.6,3501.4,3507.9,3568.65,3593,3541.1,3518.2,3503.25,3458.2,3457.65,3413.9,3449.7,3420.95,3567.4,3289.2,3439.15,3383.2,3352.75,3336.9,3328.65,3239.65,3289.65,3263.65,3237.65,3221.85,3220.15,3275.9,3275.8,3315.1,3257.7,3225.9,3209.5,3163.85,3197.3,3213,3239.65,3259.9,3244.7,3177.7,3195.45,3193.65,3187.3,3173.45,3270.7,3319.55,3351.05,3415.95,3481.85,3469.6,3444.8,3501.6,3492.3,3436.8,3419.9,3420.15,3260.15,3068.5,3161.1,3054.15,3115.95,3257.6,3227.7,3247.3,3280.5,3257.8,3301,3300.6,3272.1,3327.3,3322.3,3341,3334.9,3330.2,3334,3321.4,3323.9,3443.9,3587.2,3567,3573.1,3618.2,3604.7,3600.2,3567.8,3589,3551.4,3599.9,3648.7,3640,3646.3,3655.3,3675.1,3679.6,3644.8,3626.5,3642.6,3656.3,3678.9,3679.8,3684.8,3603.9,3587.4,3628.7,3622.3,3601.5,3621.1,3662,3583.7,3604.8,3619.8,3659.6,3679.2,3669.8,3666.7,3596.8,3582.9,3594.6,3581.4,3606.4,3579.7,3574.7,3540.6,3495.9,3494,3503.8,3474,3464.8,3502.8,3464.6,3484.9,3477.5,3442.9,3422.2,3495.6,3665.1,3636.5,3587.3,3631.1,3652.6,3628.4,3641.6,3607.6,3668.4,3686.1,3693.7,3677,3635.1,3613,3592.3,3612.6,3595.8,3603.1,3541.3,3560.1,3601,3598.4,3574.9,3600.8,3592.6,3553.6,3529.6,3525,3550,3539.7,3579.8,3586.2,3667.8,3685.5,3686,3675.4,3644.5,3657.6,3673.8,3644.4,3729.5,3688.4,3659,3670.3,3733.1,3737,3729.7,3729.8,3769.2,3784,3769.5,3744.3,3828.7,3861.8,3839.4,3872.7,3888.2,3918.7,3904.9,3923.8,3972.8,3958.1,3987.5,4030.9,3980.5,3924.4,3881.6,3882.5,3918.5,3955,3954.6,4002.5,4004.4,4027.7,3999.6,4019.6,4037.4,4024.9
ZENTEC,1997.6,2064.15,2088.6,2112,2167.95,2326.8,2400.65,2380.95,2424,2493.05,2577,2564.95,2464.5,2404.25,2429.5,2445.65,2480.2,2501.2,2533.45,2455.35,2497.85,2468.85,2539.05,2458.45,2266.75,2185.85,2150.25,2236.9,2190.15,2206.15,2144.9,1974.2,1906.7,1849.75,1742.75,1591.7,1695.3,1685.2,1741.1,1639.85,1646.15,1675.15,1640.85,1662.4,1616.95,1482.25,1448.05,1450.75,1350,1080,972,1069.2,1114.45,1087.8,1093.8,1098.4,1109.9,1045.3,1040.95,1076.4,1133.45,1181.1,1255.45,1192.25,1190.7,1206.1,1214.55,1239,1252.25,1268.25,1292.9,1422.15,1522.1,1467.45,1442.85,1457.2,1478.55,1430.95,1444.5,1453.6,1449.65,1377.2,1428.85,1448.9,1462,1495.8,1513.9,1497.7,1475,1460,1439,1415.6,1416.1,1455.6,1471.2,1416.4,1389.5,1378.2,1361.6,1384.8,1339.5,1406.4,1476.7,1550.5,1628,1709.4,1794.8,1884.5,1901.2,1881.7,1888.8,1892,1877.8,1917.8,2013.6,2114.2,2139.8,2117.7,2147.4,2229.6,2193,2083.4,2013.7,2031.6,1953.1,1904,1975.1,1973,1949.2,1937.6,1894.1,1899.7,1994.6,1936,1895,1897.9,1923.9,1981.3,1978,1952.5,1925.4,1932.7,1938.3,1953.6,1953.8,1895.8,1858.2,1824.8,1837.8,1833.8,1861.1,1880.1,1905.9,1898.3,1900.1,1866.5,1779.6,1690.7,1606.2,1525.9,1464.1,1533.2,1496.7,1474.4,1427.9,1434.7,1404.7,1430.7,1402.4,1421.5,1406.6,1429.3,1421.6,1420.1,1421.6,1492.6,1539.6,1504.1,1459.7,1459.6,1505,1502.9,1482.5,1475.5,1479.2,1458.5,1437.9,1502.6,1458.8,1481.5,1498.5,1470.6,1544.1,1621.3,1604.2,1605.4,1603.5,1533.2,1520.3,1500.8,1426.4,1432.8,1467,1487.5,1455.6,1436.6,1423.6,1414.3,1419,1393.7,1362.6,1367.4,1349.7,1376.6,1373.1,1400.2,1386.4,1396.5,1339.8,1340.8,1362.1,1376.9,1357.2,1413.3,1407,1377.2,1358.8,1361.3,1384.5,1390.3,1367.6,1434.4,1449.4,1399.4,1401.7,1445.8,1412.6
ASAHIINDIA,751.1,791.2,773.25,765.2,764,763.25,745.5,750.4,760.1,757,752.55,746.35,747.2,747.2,758.35,762.7,754.95,752.65,730.25,692.9,700.3,693.85,692.45,673.3,646.7,642.95,655.55,660.2,649.95,655.05,640.05,642.05,652.6,650.5,626.25,621.15,636.5,648.85,676.4,665.45,666.65,663.05,668,665.6,664.9,644.05,629.15,641.4,633.85,649.4,667.4,683.65,714,673.3,683.3,677.6,657.15,615.7,603.75,603.45,616.75,634.1,632.55,607.05,604.15,595,584.8,598.7,611.15,621.5,627.8,634.6,629,612.85,602.15,602.05,604.1,618.2,621.4,614.05,621.4,619.25,619.75,662.75,672.15,667.45,666.95,671.25,715.3,705.6,701.85,704.75,727.85,743.65,733.9,733.3,736.7,726.35,751.9,723.35,712.55,742.2,749.15,770.7,758.9,750.8,744.45,735.05,729.05,711,712.55,728.6,742.8,721.8,765.4,748.25,750.95,731.25,730.95,733.4,742.45,738.1,738.9,761.45,748.95,740.75,745.55,750.25,771.3,738.45,711,699.8,691.6,698.75,718.85,733.5,759.15,806.3,830.55,835.1,847.85,815.2,813.7,810.3,813.45,851.7,835.85,843.8,850.7,873.05,842,833.55,841.2,854,848.2,836.3,833.7,831.8,849.1,840.05,814.8,830.2,839.55,828,835.85,826,820.3,818.1,821.8,837,867.9,872.35,873.55,859.9,882.85,884.45,873.45,867.85,836.3,858.95,843.65,836.3,815.4,810.25,834.25,875.7,859.1,862.15,846.9,893.8,887.75,901.35,916.75,878.6,885.15,916.25,913.5,909.65,906.7,875.2,855.7,868.5,895.6,878.6,872.35,867.05,865.5,899.95,899.15,899.85,901.8,913.7,941.3,926.6,938.9,935.15,944.7,953.45,933.15,944.5,939.7,922.9,929.75,956.75,921,934.8,946.1,967.85,969.55,971.15,969.35,998.5,1001.5,987.4,997.35,983.35,1052.65
SCI,86.39,85.73,85.95,86.23,85.86,85.56,85.12,82.24,82.52,81.61,80.55,80.82,81.01,80.76,79.82,79.82,77.44,77.72,77.36,78.11,78.55,76.52,77.22,76.86,76.59,76.69,76.93,77.78,77.03,77.49,77.82,80.36,80.83,81.01,78.76,78.12,77.5,77.72,77.1,76.87,76.34,76.15,77.35,75.99,81.48,77.07,77.77,78.89,78.65,78.91,79.7,80.77,80.85,80.48,81,80.01,79.17,79.17,79.88,80.86,84.16,79.97,78.38,78.61,78.55,79.25,79.07,79.28,78.78,77.97,79.25,78.6,79.97,80.2,79.79,80.2,80.88,81.56,81.38,77.08,75.08,73.58,75.07,75.13,78.14,78.88,78.03,76.65,77.59,76.59,79.47,80.34,78.95,78.42,79.7,80.1,79.9,76.64,76.55,75.18,76.82,76.07,75.5,75.87,76.56,75.82,75.3,76.95,78.47,78.15,77.65,77.45,77.45,76.78,77.66,77.05,77.43,78,77.84,78.17,78.06,78.23,79.24,79.83,79.78,79.43,80.15,78.48,78.31,77.9,78.3,78.57,79.44,79.6,79.76,81.26,81.65,81.4,82.16,82.18,81.78,81.89,82.22,81.66,80.75,80.77,80.41,78.56,80.38,79.86,79.83,77.02,78.14,76.79,76.22,76.02,76.14,76.1,75.63,76.31,77.83,78.45,78.77,79.14,79.38,80.52,80.31,80.78,82.05,80.67,80.66,80.76,81.68,80.98,81.23,81.5,78.93,79.25,78.06,78.02,78.61,77.82,78.97,79.44,78.15,80.91,80.09,79.71,79.82,79.72,80.54,80.04,81.71,81.37,81.06,80.83,82.11,83.25,83.22,82.76,83.18,83.86,83.61,83,82.11,80.59,80.83,81.35,82,82.23,81.36,82.29,81.71,82.8,82.21,81.3,81.67,82.15,80.84,80.09,83.77,83.51,81.43,81.62,81.57,80.25,80.59,80.13,80.74,80.23,79.85,79.67,79.01,79.64,79.03,78.49,79.87
AFCONS,524.7,533.85,524.4,526.25,522.5,539.95,540.1,529.95,515.3,520.25,526.95,533.1,533.2,528.25,520.8,545.3,539.6,534.6,543.25,528.65,526.8,527.9,515.85,498.8,479.85,496.35,511.2,524.2,520.2,523.7,506.05,497.35,496.1,486.75,446.5,460.2,457.65,453.1,472.4,439.35,428.1,464,458.8,466.5,458.05,450.55,454.65,438.65,424.25,431,435.15,447.9,455.9,452.7,447.45,448.2,442.65,413.1,406.5,424.9,420.6,438.05,450.7,461.6,456.35,460.55,450.1,452,449.05,455.8,470,485.45,489.7,477.55,468.45,477.95,487,469.3,472.15,470,456.8,426.4,433,422.5,428.2,442.9,445.1,443.8,444.4,441.95,438,433.65,422.95,422.45,425.65,418.65,420,416.45,414.05,429.7,416.7,419.95,430.7,457.3,458.2,452.35,465.9,466.1,466.15,449.25,447.85,445.3,433.05,431.7,427.7,423.85,423.05,426.7,422.65,421.5,423.95,435.2,447.9,445.45,447.75,446,440.85,444.15,445.05,439.75,424.85,439.8,435.4,438.3,437.85,438.6,442.4,437.45,433.4,430.9,432.95,428.8,423.95,426.3,424.85,428.55,425,422.4,423.15,419.45,416.3,417.15,418.8,427.5,424.55,421.25,414.05,400.1,396.95,399.35,399.25,405.85,405.7,407.55,403.45,408.05,406.65,424.9,422.45,422.75,421.05,427.6,435.1,428.85,427.8,430.95,431.05,433.75,422.1,417.8,425.5,425.95,434.25,439.15,439,438.9,438.55,447.1,454.5,448.75,452.55,455.05,453.95,455,461.65,459.2,455.35,456.6,443.55,438.3,448.1,455.1,454.3,449.85,448.75,452.35,459,465.7,463.35,463.5,454.05,457,459.2,445.5,446.9,447.55,444.5,443.45,440,448.7,453.3,450.65,448.05,449.9,444.95,443.75,442.05,436.7,416.75,422.4,415.05,407.65,402.8,396.1,388.95,398.6,390.55
FIVESTAR,633.2,632.9,634.65,650.3,648.8,704.85,742.75,749.4,747.45,767.25,767.35,768.05,790.85,797.85,801.1,773.8,791.7,797.7,790.45,742.4,721.5,724,719.9,676.85,651.6,643.15,644.4,674.45,664.5,662.75,649.45,673.25,675.2,703.95,709.4,719.7,741.7,750.95,789.3,724.8,738.25,741.45,760.75,770.95,726.95,700.95,699.8,721.8,698.55,685.25,697.8,677.65,679.9,697.15,709.4,713.2,730.95,761.5,719.55,695.95,707.7,693.35,688.45,670.5,650.55,649.55,650.4,671.2,689.7,718.1,726.8,719.7,703.75,701.3,724.6,723.95,697.15,697.25,702.8,688.6,668.55,713.25,698.2,717.4,745.6,750.4,785.55,814.05,843.6,827.85,807.85,796.95,766.95,754.45,705.95,696.5,687.7,673.4,683.3,679.65,672.85,692.15,687.2,681.25,677.75,679.2,672.95,669.2,674.3,688,694.75,707.25,708.05,691.6,682.05,709.25,699.35,681.15,687.35,691.65,730.8,800.8,800.95,800.75,784.8,768.3,758.7,754.75,766.45,744.4,722.2,731.85,746.95,753,759.1,760.5,771.8,763.45,768.45,771.2,771.45,776.15,756.45,746.15,759.15,770.1,780.1,748.65,745.9,743.95,729.65,733.1,723.8,728.75,722.1,690,670.15,649.35,610.55,593.8,598.25,604.9,602.3,583.15,584.45,580.25,576.85,571.95,579.05,585.7,597.1,588.25,581.2,584.1,588.75,576.5,562.7,552.75,545.05,549.2,526.95,533.2,526.65,532.35,532.4,529.85,535.3,530,540.5,541.2,544.45,542.7,539.2,537.8,535.65,522.85,522.6,519.95,510.25,515.8,536.6,536,533.95,536.45,532.6,524,524.35,528.5,524.4,514.9,528.55,533.4,527.6,531.65,535.95,536.95,537,528.6,537.05,605.05,642.75,652.75,660,649.2,624.3,646.1,634.3,625.25,615,642.35,643.9,631.7,623.95,609.7,593.5,619.4,615.45
ICICIPRULI,676.2,681,695.35,691.95,685.75,679.5,670.75,662.55,659.5,653.9,649.6,661.55,668.1,656.15,647,654.85,659.8,662.1,673.6,661.9,662.7,652.95,646.85,644.55,636.45,642.15,633.05,651.4,645.75,641.3,635.55,598.05,594.7,590.5,589.05,600.3,606.8,611.4,616,604.65,606.95,605.25,599.95,600.05,587.85,574.8,579.8,590.85,582.45,575.2,573.2,576,574.8,574,566.4,566.7,559.75,551.6,554.25,547.75,550.05,550.15,549.55,544.65,546.15,544.9,536.6,548.8,552.85,563,578.2,581.4,596.85,592.25,588.75,591.4,564.35,569.05,563.35,562.85,556.8,536.9,557,568.85,552.95,567.15,586.3,595.65,602.9,600.95,607,602.35,595.8,602.6,605.25,614.35,608.95,612.2,592.65,592,582.4,581.2,604,603.65,608.25,613,615.6,623.45,613,618.15,619.75,642.2,650,652.35,658,668.45,662.4,664.15,640.9,643.6,637.9,636.05,637.55,637.55,642.2,631.65,629.5,638.75,640.3,631.45,623.35,633.75,628.35,634.6,634.65,647.3,647.85,657.9,660.75,658.8,639.9,650.95,666.05,664.55,680.35,673.05,660.7,672.5,669.6,650.6,642.9,633.8,634.9,625.1,628.9,622.85,618.7,614.7,616.4,619.15,615.95,601.05,611.5,614.75,619.4,618.7,610.05,609.65,616.8,621.3,626.6,636.4,633.45,632.05,629.2,626.05,629.65,616.3,609.55,599.85,608.8,610.65,609.35,599.8,596.75,593.15,598.15,602.25,598.45,600.8,605.2,603.7,600.1,605,602.55,609.5,600.85,596.65,595,585.5,589.15,595.2,596.6,601.1,600.45,603.5,592.9,593.4,597.7,593.6,598.05,588,587,595.75,596.75,595.3,607.15,601.95,600.75,600.5,601,600.4,591.15,599.25,607.55,603.75,615.35,614.8,624.7,632.95,630.1,629.45,630.6,626.8,613.95,618.4,610.9
SIGNATURE,1273.95,1250.2,1222,1257.25,1237.9,1263.65,1294.3,1294.65,1286.4,1257.1,1251.85,1287.2,1333.4,1354.75,1333.6,1364.75,1353.05,1393.25,1397.4,1348.3,1352.65,1362.75,1308.7,1252.9,1187.9,1144.4,1116.35,1134.15,1128.55,1110.55,1100.8,1073.7,1104.9,1111.1,1091.05,1124.5,1173,1186.9,1206.6,1258.15,1279.15,1307.15,1258.45,1262.55,1325.95,1290.75,1256.4,1222.55,1167.95,1129,1113,1104.45,1104.1,1088.6,1102.05,1095.6,1087,1045.15,1049.2,1044.5,1037,1015.05,1062.2,1057.8,1067.1,1074.8,1081.65,1069.5,1085.9,1104.55,1116.2,1157.95,1157.7,1148.95,1141.25,1136.25,1093.7,1076.15,1105.25,1118.35,1117.05,1053.75,1069.05,1069.5,1088.4,1130.7,1126.4,1127.1,1140.4,1156.8,1182.4,1172.1,1136.9,1144.6,1153.6,1148.1,1133.9,1139.2,1133.6,1140.2,1133.4,1150.4,1195.8,1164.4,1172.7,1175.2,1236.1,1249.9,1258.3,1203.8,1206.4,1195.2,1186.6,1191.6,1213.1,1226.4,1212.2,1229.2,1258.7,1234.5,1246.5,1283.1,1286.1,1293.4,1301.4,1282.7,1288.4,1287.7,1276,1272.6,1277,1243,1238,1241.9,1251.9,1254,1241.9,1237.3,1246.8,1246.9,1236.9,1249.8,1234.3,1240.9,1247.1,1266.9,1255.2,1253.2,1255,1252,1244.5,1246.7,1237.8,1219.6,1221.4,1193.4,1185,1166,1128.8,1129.3,1144.6,1131.3,1159.2,1143,1118,1107.9,1111.4,1110.3,1110.2,1113.6,1100.3,1105,1102.8,1114,1131.2,1121.9,1126.9,1116.7,1104.2,1089.1,1072.6,1087.5,1103.2,1102.1,1108,1100,1109.3,1127.7,1122.1,1117.7,1133,1143.1,1135.8,1143.8,1107.6,1112.6,1106.4,1095.1,1079.2,1055.2,1084.5,1054,1046.3,1052.7,1033.9,1025.8,1000.7,1005.7,1030.2,1039,1000.7,1043.6,1067.2,1068.3,1073.1,1072.6,1064.5,1106.8,1105.2,1086.7,1094.5,1096,1084.3,1099.9,1077.8,1075.5,1058.2,1021.4,1041.9,1065.4,1102.4,1112.4,1110.6,1110.2,1112,1124.8,1116.8
PETRONET,335.1,335.2,341.2,343,340.5,337,340.45,335.05,334.75,336.45,340,340.75,344.75,340.65,344.5,346.2,347.6,327.75,329.45,328.4,330.45,331,326.9,320.35,314.9,325.5,326.3,329,324.8,321.2,325.4,322.7,330.65,322.7,310.8,290.55,301.4,300.6,316.2,305.35,307.95,317.5,310.5,315.45,313.3,302.1,301.4,297.05,286.65,284.9,288.2,298.35,306.85,301.55,304.65,291.5,298.3,283.3,280.25,280.15,286.7,288.65,285.9,278.2,285.35,285.25,281,283.25,286.5,297.5,297.55,301.25,304.2,297.5,296.05,294.15,293.6,297.3,298.95,298.85,283.9,275.85,285.3,286.6,284.9,295.85,300.45,303.95,313.6,313.55,315.45,312.65,309.4,310.3,309.8,313.75,312.4,314.9,307.05,306.55,305.35,307.95,314.3,312.55,316.1,319.8,320.6,320.8,316.8,321.75,320.25,319.9,318.3,316.85,312.85,314,307.3,304.85,305.2,307.45,308.3,305.95,310.65,308.05,309.35,303.6,301,300.6,297.1,297.15,291.1,295.4,296.35,299.2,296.4,299.8,302.4,301.9,299.95,302,300.9,299.75,307.5,305.15,305.6,305.05,299.85,303.8,312.4,310.45,310.9,303.95,304,303.25,306.75,307.65,301.75,301.4,292.85,292.05,288.2,280.75,282.1,276.35,272.6,278,273.25,273.1,279.55,274.95,271.9,273.75,282.9,280.15,278.2,276.95,273.6,268.8,271.6,269.5,277.3,277.45,277.15,274.4,273.2,274.05,273.1,275.7,278.75,277.95,277.75,279.3,280.9,279.65,278.4,275.9,275.95,270.95,270.2,266.9,278.55,278.8,274.5,278.95,280.3,287.55,283.8,282.85,281.45,281.2,276.85,279.65,278.75,275.6,279,278.6,279.05,281.05,280.1,277.85,283.75,282.1,281.25,285.05,280.5,275,278.5,277.65,277.55,280.45,278.9,273.6,276.05,274.85,274.25,274.35,275.15
CENTRALBK,59.36,58.9,58.99,59.41,57.75,58,56.85,55.02,54.88,55.07,54.24,54.23,53.78,53.13,52.52,53.31,53.84,53.96,55.11,53.12,53.12,52.68,51.65,49.94,46.87,55.34,51.32,52.24,52.72,54.37,53.11,52.32,52.06,50.39,51.47,51.07,50.99,51.07,52.05,49.95,50.59,51.53,51.09,50.92,50.07,48.19,48.62,48.68,47.9,47.13,45.81,46.29,47.37,46.78,45.99,46.28,45.34,43.98,42,43.11,44.13,44.36,44.43,42.85,42.16,41.79,41.47,42.27,43.66,44.04,45.15,46.89,44.69,43.13,43.96,42.77,41.31,36.86,36.84,36.17,34.49,35.1,33.86,34.43,35.27,36.11,36.24,37.45,38.52,38.24,38.08,36.9,37.4,37.86,37.06,36.74,36.81,34.84,34.81,34.36,34.15,36.19,36.66,36.96,36.49,36.49,38.21,36.81,36.81,36.82,37.28,37.29,37.33,37.49,37.49,38.94,40.47,40.14,40.22,40.36,39.84,40.34,40.15,40.13,38.46,38.09,37.97,37.97,38.05,36.65,37.37,38.12,38.28,38.88,38.74,39.2,39.66,40.48,39.96,39.61,39.48,39.37,39.11,39.41,39.05,38.48,38.31,38.29,38.53,38.62,38.14,38.12,37.92,37.72,37.63,36.87,36.73,36.88,36.69,36.41,35.93,36,35.73,35.68,35.33,35.77,35.9,36.19,35.97,36.11,36.64,36.64,36.57,36.37,35.82,35.62,34.84,34.5,34.52,35.05,35.37,35.68,35.32,35.18,35.72,35.56,36.2,36.35,36.28,36.67,36.94,37.82,37.67,38.2,37.84,37.91,37.66,37.3,36.21,36.56,37.78,37.63,37.8,37.77,37.67,37.33,37.32,38.12,37.8,36.76,38,37.91,36.92,38.75,39.1,39.44,39.07,39.87,40.4,40.22,39.3,39.48,39.95,39.15,38.11,38.96,38.97,37.68,37.78,37.45,37.91,38.85,38.92,39.43,38.64,38.04,37.81
PFIZER,5057.2,5052.35,5076.3,5082.7,5024.05,4998.4,5021.1,5049.45,5012.4,4669.95,4832.6,4803.85,4875.2,4873.95,5365.75,5281.5,5307.45,5324.15,5223.35,5128.7,5347.8,5381.85,5330.05,5254.45,5090.5,5087.3,4961.55,4959.75,4958.1,4933.95,4944.5,4792.5,4784.65,4713.95,4591.45,4423.3,4486.6,4519.15,4538.2,4504.15,4425.8,4377,4414.95,4357.9,4248.1,4111.15,4120.55,4169.05,4178.25,4152.5,4124.95,4130.65,4110.05,4095.1,4192.75,4125.15,4050.1,4050.75,3940.85,3986.15,4072.45,4111.15,4138.4,4148.35,4091.95,4075.55,4065.35,4076.2,4068.15,4115.35,4117.1,4097.75,4092.15,4010.1,3973.05,4004.5,4036.05,4047.35,4069.9,4017.3,3913.75,4023.7,4034.9,4080.25,4197.9,4201.8,4164.2,4191.4,4254.5,4243.5,4275.9,4248.9,4274.1,4268.4,4292.8,4297.2,4260.1,4243.6,4275.6,4263,4249.9,4249.4,4324,4405,4459.2,4413.2,4468,4949.8,4978.9,5139.4,5147.8,5182.6,5417.6,5511,5585.3,5613.3,5623.5,5693.5,5750.5,5797,5706.5,5608.5,5773.5,5776,5889,5882.5,5873,5860.5,5792.5,5664,5584.5,5639.5,5560,5572.5,5677.5,5698,5677.5,5698.5,5715,5783,5784,5836,5851,5669,5474,5517,5411,5431,5352,5362,5319.5,5334.5,5293.5,5291,5289,5371.5,5300.5,5277,5260.5,5194.5,5054.5,5009,5090.5,5051.5,5020,4993,5060.5,5102,5107,5328,5766.5,5698.5,5655.5,5680.5,5668.5,5466.5,5249,5168,5156,5135,5107.5,5174,5155,5118,5143.5,5153,5140.5,5167.5,5227,5162.5,5140.5,5202.5,5192.5,5107.5,5066.5,5026,5005,4977,4931,4905.5,5036,5151,5222.5,5223.5,5223,5188,5266.5,5333,5529.5,5390,5335,5321.5,5354,5324.5,5351.5,5297.5,5341,5309,5290.5,5269.5,5318,5209,5181.5,5115,5067.5,5075,5140,4997,5015.5,5043.5,5074,5061.5,5010,5002,5028.5,5000.5,4968.5
IREDA,221.81,221.15,225.43,221.03,217.48,216.16,212.51,206.33,209.03,206.32,201.59,200.97,199.18,196.94,218.47,215.25,221.76,222.46,230.55,214.68,218.72,223.38,216.09,201.15,199.88,206.26,203.56,204.19,207.1,207.89,205.44,200.26,196.84,194.88,186.9,186.49,192.14,196.05,202.11,186.53,191.88,192.83,188.58,188.65,184.44,176.49,174.51,177.06,168.16,165.48,160.91,170.2,173.75,177.34,172.01,173.55,166.51,156.02,147.31,144.64,147.26,149.86,149.59,143.95,141.98,141.26,139.85,139.73,145.95,151.87,149.96,154.82,170.04,169.95,162.92,161.66,160.59,160.67,161.42,161.51,156.45,149.6,153.85,151.62,154.2,166.98,176.39,173.41,175.67,178.64,177.73,175.14,167.55,167.89,168.11,167.06,165.72,168.75,160.23,162.37,158.79,156.48,168,167.08,167.79,166.75,173.29,174.23,169.53,172.21,170.7,171.85,173.55,175.24,173.6,176.65,174.73,175.21,172.73,174,176.44,174.87,183.24,182.46,182.34,175.55,167.26,167.93,164.97,165.21,158.75,165.07,165.47,166.17,171.6,170.93,169.5,170.13,170.39,168.23,167.52,166.67,167.13,166.48,165.91,169.64,160,159,159.64,160.03,159.24,157.39,157.3,156.22,156.91,156.21,153.25,150.49,150.49,150.22,147.38,145.69,148.03,146.63,144.36,144.57,142.32,144.86,143.57,144.24,143.86,147.39,148.91,148.78,147.28,147.48,147.7,144.17,141.03,140.5,142.51,144.14,145.7,144.01,145.51,145.55,145.09,147.57,146.63,147.35,152.37,152.94,153.97,155.53,160.87,159.06,155.64,152.68,150.27,146.28,148.78,148.7,152.68,154.09,151.16,152.44,148.64,148.85,150.96,150.07,154.52,154.89,153.13,151.05,153.25,153.14,153.54,153.4,153.37,151.47,155.57,153.74,151.93,153.3,151.01,148.56,149.37,148.71,149.04,150.93,149.29,149.61,150.71,148.08,147.1,146.64,144.41
FINCABLES,1324.6,1304.65,1304.9,1291.05,1270.35,1252.7,1213.3,1214.2,1189.5,1157.95,1152.05,1270.1,1200.35,1194.75,1152.35,1182,1168.05,1177.1,1154.35,1105.15,1120.3,1096,1085.95,1039.05,990.45,1012.3,1008.1,1031,1028.1,1030.95,1020.45,1006.8,1015.1,996.4,1013.35,974.1,984.35,1002.7,1001.5,1000.55,990.2,986.65,983.25,985.8,968.4,916.35,883.3,998.55,934.45,912.25,896.5,928.6,930.25,914.95,902.1,895.7,839.6,816.85,802.4,814.95,828.4,841.35,834.65,809.3,801,796.8,797.55,876.1,868.45,829.3,839,939.05,929.8,895.65,894.85,913.35,886.55,905.95,912.4,878.35,855.55,871.3,856.9,875.6,895.5,896.45,893.05,895.65,894.45,883.7,883,864.7,874.05,875.55,866.55,857.8,913.25,899.05,895.9,889.45,877.9,917.2,919.4,928.95,932.1,961.65,962,937.45,947.1,959.45,967.5,976.7,988.45,982.75,958.25,973.8,959.35,962.65,966.4,969.45,969.4,983.35,991.6,991.1,976.45,959.65,955.9,958.1,961.85,938.15,915.6,938.65,932.65,939.2,940.4,958.6,979.6,981.85,971.35,981.55,978.95,967.4,963.45,962.15,964.25,957.45,950.85,949.8,958.95,948.55,928.9,917.45,921.4,922.45,919.5,898.45,888.55,908.25,895.05,883.45,878,874.15,877.35,862.25,857.8,846.25,845.9,843.9,829.15,812.3,826.95,834.75,837.2,850.9,849.5,839.25,822.05,816.5,820.25,842.15,859.3,856.85,843.2,846.45,833.3,838.15,844.1,843.6,846.6,854.9,844.55,851.4,844.25,830.85,835.45,826.6,826.8,820.25,819.8,802.05,817.45,820.7,827.85,828.05,818.8,812,805.6,803.25,798.25,785.65,790.35,791.5,782.9,787.25,796.1,790.65,785.4,794.5,785.5,795.1,789.25,785.9,796.75,787.4,769.95,766.55,793.55,786.15,788.4,789.3,783.05,793.15,785.15,775.7,767.45,758.1,747.85
NTPC,369.85,369.15,365.5,355.6,357.15,352.9,349.05,341.75,337.4,333.25,333.65,335.3,334.65,335,331.4,333.35,333.65,338,339.85,327.5,328.6,325.4,320.35,308.25,298.2,310.4,321.35,325.5,326.15,336.05,324.3,322.4,323.65,323.65,322.2,318.25,321.25,323,324,311.25,319.1,319.6,312.8,316.95,310.5,305.6,306.25,306.7,300.35,302.35,311.2,314.8,325.15,326.25,320.1,318.7,315.7,311.45,314.4,313.75,326.2,337.9,329.55,329.4,330.3,330.15,331.9,331.65,337.35,341.3,341.75,351.3,366.95,366.95,354.65,360.65,357.6,352.15,351.75,358.9,350.4,349.8,352.95,349.35,360.1,362.5,359.3,364,364.55,360.25,363.8,363.2,356.45,361.5,356.95,354.55,348.45,348.6,341.8,342.05,340,334.75,348.55,341.5,338.55,341.95,343.1,345.15,342.6,346.15,341.4,344.6,343.5,338.55,340.05,339.35,333.9,332.55,328.25,329.25,328.65,332.85,337.1,339.2,338.1,333.7,331.95,333.7,335.2,332.4,330.05,335.2,332.6,329.95,330.85,337.15,338.3,334.9,332.6,333.75,334.6,335.5,337.45,343.2,344,341.45,342.7,342.1,342,342.45,342.65,342.1,341.55,340.85,343.05,338.9,333.2,332.95,334.6,338.8,334.25,330.9,332,333.6,332.1,329.75,334.75,336.15,340.1,339.95,339.35,336.05,335.05,342,338.8,337,337.85,333.2,330.8,327.55,330.7,336.3,334.25,330.05,328.7,326.7,324.1,325.65,331.05,331.7,331.1,335.05,336.4,336.95,338.65,339.2,343,347.6,340.5,337.9,340.95,340.45,340.25,342,339.1,338,333.8,335.85,339.7,341.7,336.65,339.25,341.5,341,341.95,342,342.65,339.6,341.75,339.15,347.5,345.15,336.95,335.2,330.6,326.65,326.1,325.45,326.65,327.15,326.95,328.45,330.2,328.45,326.6,326.6,326.65
KPITTECH,1534.1,1538.8,1548.85,1541.2,1533.1,1534.35,1511.25,1520.65,1513.15,1451.25,1415.55,1433.3,1452.2,1460.6,1470.15,1464.7,1493.1,1484.55,1449.95,1451.7,1473.6,1428.3,1430.15,1369.65,1310.2,1323.95,1342.1,1319.85,1314.65,1334.1,1312.3,1295.2,1344.7,1322.9,1301.5,1259.1,1370.05,1432.95,1409.2,1413.6,1419.8,1431.35,1434.55,1447.8,1437.95,1380.35,1353.15,1340.35,1342.65,1310.4,1329.45,1336.25,1342.05,1310.1,1281.7,1285.5,1251.95,1197.4,1205.05,1214.65,1281.75,1326.8,1305.4,1254,1268.9,1233.9,1206.45,1246,1242.75,1263.1,1281.6,1323.4,1384.55,1342.85,1366.65,1334.15,1307.45,1270.6,1311.95,1211.1,1134,1065.3,1113.2,1078.35,1118.95,1151.8,1149.2,1136.2,1166.1,1165.6,1228.9,1213.6,1221,1231.2,1264.8,1253.6,1233.4,1258.6,1241.4,1283,1273.2,1244.2,1325.1,1346.1,1351.5,1393.2,1364.8,1345.6,1317.7,1331.6,1320.2,1329,1335.5,1329.8,1331.7,1346.3,1337.8,1331.6,1321.1,1318.3,1320.5,1318.7,1353.4,1369.7,1382,1361.3,1352.5,1405.8,1400.6,1421.8,1393,1394.5,1390.3,1306.1,1295.4,1275.9,1267.1,1258.7,1247.3,1241.6,1261.6,1263.8,1268.8,1271.3,1259.6,1253.2,1268.4,1267.2,1291.9,1286.4,1282.1,1273.8,1264.6,1256,1274.1,1253,1227.2,1192.8,1218.4,1268.5,1226.4,1206.5,1217,1210.3,1209,1209.5,1190.8,1199.1,1219.4,1216,1213,1208.5,1199.5,1214.6,1214.1,1196.6,1203,1200.1,1184.4,1190.5,1225.5,1206.1,1216.4,1224.9,1233,1230.9,1240.4,1288.5,1261.3,1252.9,1251.8,1248.2,1296.9,1301.4,1285.2,1262.4,1249.7,1240.6,1255.7,1212.8,1209.8,1097.7,1153.2,1157.7,1156.7,1170.5,1160.8,1162.4,1154.1,1155,1156.6,1165.8,1161.9,1144.8,1146.6,1152.4,1161,1178.7,1207,1190.3,1194.1,1171.5,1166.7,1164,1155.4,1159.2,1153,1192.9,1212.5,1244.3,1238.7,1222.2,1216,1195.1,1203.1,1196.6,1168.9
SUPREMEIND,5012.65,4921.85,4957.75,4847.65,4803.8,4901.4,4969.5,5105.2,5028.55,4839.8,4765.55,4761.8,4756.55,4777.35,4643.05,4700.55,4699.6,4701.95,4615.15,4519.25,4529.7,4607.1,4670.7,4544.85,4289.3,4366.05,4377,4318.5,4204.25,4021.9,3959.05,3883.85,3967.65,3803.2,3546.3,3617.4,3819.6,3773.05,3968.8,3866.2,3991.95,4006.5,3968.75,4020,3928.15,3900,3887.05,3877.75,3765.25,3627.8,3662.6,3713.6,3740.4,3670.05,3694.35,3575.95,3489.45,3329,3532.8,3377.35,3406.15,3399.45,3390.45,3319.45,3333.95,3356.85,3343.75,3421.15,3429.8,3493.75,3427.85,3503.9,3458.15,3415.8,3460.25,3426.25,3331.75,3355.15,3424.3,3278.6,3112.4,3208.05,3133.4,3168.5,3378.5,3398.2,3397.6,3514.8,3522.2,3526,3511.7,3477.8,3635.1,3584.5,3539,3447.7,3502.4,3447.9,3455.2,3480.4,3483.8,3580.1,3588.2,3569.6,3642.7,3681.9,3839.4,3723.8,3826,3822,3914.2,4036.2,4200.4,4253.8,4247.4,4146.2,4206.2,4192.7,4286.5,4353.1,4345.7,4400.6,4406.4,4350.7,4282.2,4349.8,4557.3,4644.4,4616.6,4441.3,4465.8,4482,4472.9,4412,4374.5,4342,4391.4,4375.8,4302.4,4261.6,4265.2,4273.6,4196.1,4194.7,4149.2,4114.2,4112,4240.5,4235.9,4265.8,4216.6,4200.2,4088.1,4133.4,4242.7,4311.7,4295.6,4325.4,4279.2,4306.9,4249.1,4291,4268.4,4183.8,4176.8,4150.5,4354.7,4219.8,4300,4297.7,4496,4598.1,4541.6,4576.4,4637.8,4631.2,4574.4,4506.5,4471.2,4574.8,4591.3,4631,4589.9,4577.7,4462,4378.5,4282.5,4353.3,4532.7,4496,4593.9,4508.5,4475.3,4411.4,4371.9,4326.3,4348.9,4271.1,4234.2,4218.5,4219.6,4190.2,4209.7,4171.7,4226.9,4154.4,4178.8,4237.4,4264.2,4167.8,4197.5,4240.2,4209,4192.9,4190.4,4151,4003.7,4000.9,3814.2,3849.3,3809.3,3812.5,3929.5,3888.6,3845.1,3831.2,3866.5,3874.2,3914.3,3832,3709.8,3625.7,3618.4,3591,3568.7,3475.3,3432.5
GPIL,221.62,230.41,234.13,235.58,233.4,233.3,230.85,222.57,221.67,218.81,214.23,212.24,207.28,207.13,198.96,202.08,213.33,207.68,208.5,201.52,206.72,202.18,197.46,193.71,181.75,185.45,185.41,186.02,187.01,189.37,187.76,183.46,182.18,176.95,170.8,167.87,177.35,176.85,180.23,177.88,182.03,184.04,187.8,186.89,184.94,176.54,175.59,173.23,169.52,175.02,180.75,175.14,171.71,173.08,170.9,167.51,163.47,155.75,151.53,153.82,163.73,182.21,179.04,180.19,176.84,169.43,172.83,175.1,177.24,181.01,181.78,185.01,186.82,182.6,177.29,182.16,180.12,189.45,201.75,206.2,201.44,180.2,189.36,182.6,187.8,194.27,193.69,190.86,192.77,198.48,201.85,202.21,196.4,193.75,185.73,182.34,182.33,186.11,182.32,178.95,176.91,178.03,189.95,198.89,205.48,202.51,201.71,203.88,197.96,194.35,199.37,204.79,200.69,197.19,195.9,195.99,190.48,193.59,191.66,189.91,189.13,187.93,187.93,186.01,190.74,187.2,185.66,185.43,182.71,180.42,177.57,179.76,176.61,181.59,185.39,188.71,189.78,189.39,184.26,184.73,183.69,182.65,183.27,180.75,182.1,184.44,186.82,182.93,188.59,186.22,191.48,192.08,192.78,193.05,192.96,194.02,189.02,188.65,194.14,195.37,194.19,189.05,196.4,199.97,190.49,191.06,187.88,196.57,198.24,204.29,202.76,203.11,216,218.68,223.19,238.61,243.03,238.45,232.27,232.38,239.27,240.36,247.98,244.01,242.37,239.89,239.41,243.14,241.11,244.07,270.13,262.35,264.6,260.47,261.71,263.58,268.34,266.24,259.71,256.51,249.33,244.8,246.64,247.39,245.82,243.28,241.34,243.25,243.54,240.96,244.31,248.47,242.85,249.6,252.34,255.99,259.3,263.48,270.5,268.97,278.44,282.42,283.74,281.85,279.05,269.4,274.65,272.3,275.2,268.4,263.25,276.7,276.1,265,255.7,250,241.7
CUMMINSIND,3509.15,3526.2,3604.5,3611.6,3599.9,3671.4,3543.95,3526.3,3357.65,3312.9,3360.3,3377.2,3364.25,3297.65,3220.95,3274,3230.5,3257.45,3216.9,3176.2,3164.5,3163.9,3108.5,2999.45,2873.35,2940.95,2888.3,2924.95,2935.25,2943.3,2903.8,2883.75,2889.05,2804.05,2775.2,2739.6,2848.9,2852.95,2914.05,2700.7,2853.5,2921.15,2965.1,2871.9,2890.4,2836.3,2810.9,2801.3,2734.8,2721.45,2717,2690.3,2818.6,2836.15,2832.7,2788.15,2811.15,2717.95,2824.8,2861.1,2903.95,2973.1,2899.05,2864.45,2875.25,2818.75,2835.25,2865,2929.65,3002.2,2990.6,2937.75,3056.25,2962.5,3004.95,3004.35,3051.85,3010.1,3051.55,3032.75,2844.95,2711.25,2746,2781.45,2814.95,2920.7,2895.5,2891.2,2914.6,2896.5,2965.9,2935.9,2861.1,2920.6,2899.9,2895.4,2888.7,2940.2,2790.3,2843.5,2770.7,2736.3,2862.9,2879.4,2872,2949.2,3035.6,2994.1,2949.7,2980.9,2977.5,2940.4,2944.6,2973.9,2976.1,3169.4,3268.1,3319.3,3318.6,3346.9,3349.2,3384.1,3411.8,3388.7,3373.3,3322.5,3310,3307.6,3316.5,3277.8,3237.3,3271.5,3260.9,3311.8,3318.9,3364.6,3337.2,3399.4,3348.3,3338,3332.9,3342,3436.1,3478,3523.9,3518.9,3546.4,3523.8,3576.5,3567.6,3584.8,3536,3617.9,3587.4,3616.4,3563.7,3535.1,3529.4,3535.2,3581.9,3555.5,3568.7,3566.8,3591.5,3635.7,3674,3806.9,3792.3,3759.9,3792.1,3784.5,3783.4,3752,3818.4,3886.3,3916,3880.5,3836.5,3835.2,3826.2,3880.1,3826.4,3885.2,3935.6,3936.8,3966.6,4012,4021.3,4039.7,4030.4,4050.8,4111,4125.4,4101,4080.4,3990.1,4005.2,3988.9,3976.9,3947.6,3994.2,3926.5,3849,3932.7,3943,3967.4,3912.5,3957.2,3966,3957,3945.2,3957.4,3940.6,3974.9,4006.4,4000.9,4073.9,4183.2,4311.5,4285.6,4357.9,4384.2,4344.1,4379.7,4316.8,4316.1,4291.8,4349.2,4414.2,4395.4,4366.2,4283.2,4381.2,4252.4,4261.3,4375.7,4333.8
UTIAMC,1366.15,1370.45,1395,1366.55,1361.05,1352.15,1367.1,1312,1295.5,1234.1,1230.9,1230.15,1226.45,1249.85,1352,1342.55,1365.8,1392.3,1362.2,1285.4,1296.2,1254.45,1210.1,1192,1184,1183.8,1260.2,1242.7,1216,1250.2,1214.7,1230.15,1213.65,1172.6,1111.5,1052,1065.2,1010.5,1038.5,1018.6,1061,1090.2,1055.8,1050.85,1018,999.25,1004.55,991.1,949.9,929.65,926.45,949.1,971.85,951.75,967.2,978,981.15,940.9,940.9,945.4,930.55,978.65,974.25,944,918.7,942.4,932.8,955.65,986.6,989.15,1070.2,1090.45,1057.8,1039.45,1060.65,1055.25,1062.1,1065.05,1080.75,1060.15,1020.7,1010.3,1001.2,998.15,1019.9,1026.1,1028.8,1070.5,1107.8,1135.3,1123.9,1075,1081.6,1075.4,1019.3,1018.4,1034.7,986.9,1011.6,993.7,982,1045.2,1058.6,1080,1087,1120.2,1162.4,1174,1180.5,1175.3,1188.9,1200.7,1207.1,1195.4,1175.7,1190.2,1194.2,1156.9,1155.2,1175.5,1223.9,1273.7,1256,1273.9,1253.6,1229.5,1266.3,1284.5,1252.1,1237.8,1255.7,1245.3,1267.4,1277.8,1269.7,1257.6,1290.8,1283.1,1268.5,1285.6,1290,1308,1345.8,1344.2,1394.4,1394.7,1407.7,1436.8,1428.8,1425.1,1431.6,1471.1,1475.4,1469.8,1415.6,1355.9,1339.7,1326.2,1352.5,1329.8,1297,1314.1,1301.3,1307.6,1340.9,1322.9,1331.9,1335.7,1327.1,1330.8,1391.7,1408.1,1391,1376.9,1376.5,1347.4,1349.4,1298.2,1288.5,1297,1305.8,1349.4,1347.8,1324.9,1333.7,1340.7,1342,1350.1,1352.4,1348.1,1349.4,1365,1370.4,1360.2,1399.5,1392.6,1385.2,1364,1310.9,1308.1,1304.1,1309.1,1314.4,1317.6,1327.4,1289.4,1281.5,1311.5,1371.7,1367.6,1377.6,1378.5,1401.8,1340,1340.7,1313.4,1340.3,1317.3,1304.1,1276.8,1248,1247.6,1236.7,1212.3,1202,1209,1201.4,1173.5,1167.7,1175.8,1163,1172,1174.6,1149,1150.2,1149.7,1145.2
KAYNES,6294.6,6355.1,6506.95,6597.15,6752.05,7119.75,7242.8,7101.35,7242.75,7303.65,7338.95,7238.25,7062.95,7068.45,7199.05,7417.3,7597.55,7483.6,7544.7,7166,7247.55,6970.65,6731.9,6672.35,6145.35,6196.7,6565.15,6576.35,6579.9,6613.35,5977.85,5350.75,5595.5,5628.5,5268.05,4661.35,4955.45,4725.65,4792.35,4602.85,4459.05,4408.05,4291.4,4279.05,4119.1,4096.45,4182.45,4138.15,4008.4,4049.5,3951.7,4212.55,4211.15,4367.7,4351.75,4272.75,4031.4,4144.15,4132.65,4047.15,4170.45,4249.1,4457.05,4301.5,4291.35,4330.2,4243.9,4343.1,4499.8,4584.05,4642.9,4848.3,5036.4,4882.7,4873.15,4803.65,4747.35,4795.1,5036.95,4956.05,4649.75,4439.3,4836.2,4833.55,5091.15,5520.9,5671.2,5643,5879,5979.3,5919.6,5835.4,5573.9,5884.6,5914.7,5747.2,5755.5,5795,5623,5842,5664,5665.5,5979.5,6285.5,6322.5,6297.5,6262.5,6104.5,6003.5,5951,5932.5,6024.5,5975,5978,5992,6027,5980,5821,5788,5737.5,5658.5,5731.5,5654,5583.5,5576,5476.5,5475.5,5597.5,5644,5720,5612,5864.5,5782.5,5798,5850,5769,5867.5,6095,6140.5,6286.5,6175.5,6156.5,6175,6007,6123,6164.5,5998,6023,5975,5977.5,5953.5,5853,5897,5783,5747.5,5660.5,5693.5,5517,5542,5638,6172,6371.5,6297,6325.5,6031.5,6089,5815.5,5851,5808.5,6060,6116.5,6279,6272,6200.5,6145.5,6209,6231.5,6197.5,6195,6123,6600,6573,6744,6768,6841.5,7041.5,7100.5,7097.5,7120.5,7171.5,7130,7183,7257.5,7227.5,7151.5,7083.5,7242,7454,7503,7341,7050.5,7052,7157,7273,7466.5,7593,7189,7102.5,7102,6838.5,6911,6958.5,6991.5,7019,6862.5,6867,6704,6689,6737.5,6842,6918.5,6800,6704.5,6652.5,6658.5,6358.5,6225,6482,6455.5,6433.5,6376.5,6332,6237,5889,5974,5967.5,5883.5
MAHABANK,57.29,56.82,56.42,55.87,55.58,56.25,54.99,53.34,53.08,54.74,54.13,53.65,52.9,52.72,51.1,52.19,52.59,52.76,55.13,52.6,51.25,50.11,49.13,48.75,46.59,52.74,50.99,51.98,51.39,52.1,51.35,50.19,50.4,49.65,48.62,49.4,50.38,50.28,51.29,49.56,50.42,50.95,51.02,49.92,49.19,48.09,48.81,49.14,47.73,48.7,49.01,49.78,50.27,49.71,48.9,48.71,47.82,46.41,44.64,45.41,47.18,47.75,47.96,47.68,46.97,46.51,45.43,45.95,47.54,47.25,47.98,48.3,46.56,46.38,46.81,46.34,46.29,46.21,47.66,46.57,43.62,45.18,45.46,45.66,46.03,47.52,48.4,50.9,50.5,50.82,50.54,50.01,50.93,51.43,50.66,50.63,51.8,50.07,50.95,50.39,48.34,50.72,50.54,50.51,50.48,51.06,53.11,51.39,51.24,50.45,51.25,51.07,50.96,51.17,50.99,53.98,57.51,56.64,56.41,55.91,55.04,56.85,56.48,55.96,54.09,54.4,54.61,54.44,54.48,53.7,53.87,53.44,54.52,54.3,53.84,54.3,57.11,58.33,57.08,57.19,57.49,57.39,56.81,57.12,56.62,55.95,56.08,57.17,57.32,57.28,56.62,56.62,56.38,56.5,57.25,56.72,56.83,56.76,56.53,56.08,54.27,55.23,55.12,53.96,53.57,55.66,55.48,55.68,55.06,54.39,54.88,55.43,55.17,55.26,54.8,54.33,53.23,52.53,51.95,52.01,52.46,52.82,52.04,52.59,53.07,52.39,54.12,54.62,54.05,54.77,55.06,57.31,57.26,57.32,57.26,57.19,56.33,55.33,53.99,54.89,55.98,55.95,56.49,57.19,57.21,56.66,56.59,57.53,57.58,55.11,59.3,57.63,57.11,59.61,60.03,59.42,58.89,58.89,60.02,59.78,58.43,59.03,59.94,58.44,57.42,59.62,58.3,57.09,57.57,56.96,58.01,59.91,60.43,61.14,59.77,58.68,58.22
KANSAINER,273.3,263.3,263.8,262.7,262.7,261.65,261.7,260.9,257.05,262.2,265.15,263.1,261.25,261.3,258.1,265,263.85,262.55,261.9,257.6,260.6,257.25,257.1,253.8,245.55,243.55,243,243.25,244.2,244.45,246,242.35,241.15,242.1,237.95,231.55,237.45,235.35,233.1,245.18,247.66,245.16,254.22,248.98,242.46,238.56,233.88,234.71,231.4,229.73,228.42,230.21,235.48,241.63,235.4,231.13,230.75,226.66,221.99,223.74,229.11,234.38,235.65,230.68,232.73,228.07,224.65,229.85,236.01,237.3,244.93,243.63,237.84,238.07,232.59,232.9,237.83,240.28,242.82,239.54,234.97,244.27,244.84,249.58,255.81,259.87,258.12,265.68,269.95,267.95,265.9,262.21,261.71,266.91,257.17,254.75,255.4,253.35,254.85,252.35,257.75,260.15,260.3,260.2,266.35,263.6,264.2,263.7,264.7,262.1,260.2,254.7,257.05,254.4,253.5,253.7,252,250.35,248.7,248.3,249.15,250.1,253.85,250.8,249.85,242.45,241.9,243.4,243.85,240.7,239.8,238.9,241.85,243.75,244.1,248.1,252.15,250.15,248.45,250.25,250.05,249.75,249.95,250.35,249.1,246.25,245.95,249.8,247.25,249.75,248.1,247.65,246.35,247.05,249.45,244.95,240.7,242,245.6,244.9,250.05,243.97,242.17,234.9,233.37,232.89,235.02,238.36,236.48,235.45,236.86,242.87,244.21,238.13,232.62,234.54,234.07,238.04,239.99,241.63,241.99,244.57,243.24,242.88,243.31,248.67,244.3,246.61,247.54,246.15,245.07,249.49,253.25,251.85,253,246.21,245.28,245.24,246.58,245.12,247.38,249.22,252.36,250.99,246.48,244.6,245.35,247.5,245.7,245.44,245.66,245.16,253.26,253.54,256.85,255.43,253.97,253.18,249.5,252.68,250.49,247.96,249.15,248.54,248.18,246.32,245.82,243.85,245.53,249.34,248.8,247.69,246.97,244.87,239.78,232.8,231.99
GODREJPROP,2842.95,2899.2,2912.9,2880.35,2926.95,2972.85,2992.95,3001.05,2984.05,2855.95,2887.4,2864.4,2855.75,2830.7,2825.35,2786.5,2776.7,2811.95,2734.1,2616.1,2652.15,2564.25,2495.9,2386.5,2248.9,2307.95,2306.9,2363.65,2407.6,2428.15,2365.85,2240.55,2225.65,2155,2095.75,2160.95,2237.55,2288.4,2329.45,2319.75,2389.85,2301.35,2250.2,2196.9,2122.85,2025.95,1929.75,2025.7,1968.15,1974.05,1975.85,2047.5,2076.95,1991.35,2033.35,1987.05,1939.25,1936.3,2002.75,2008.4,2075.3,2064.9,2008.35,1974.15,2046.1,2018.15,1969.1,1979,2028,2104.6,2108.85,2143.95,2189.1,2138.4,2130.7,2126.2,2129.6,2041.45,2146.8,2151.45,2067.95,1927.15,1974.55,1973.3,1948.4,2015.6,2000.3,1991.1,2044.7,2095,2152.4,2145.6,2085.3,2121.4,2099.1,2161.5,2249.3,2219.2,2088.5,2128,2030.3,2000.5,2146.8,2102.4,2119.1,2148.9,2176.1,2231.1,2169,2181,2164.5,2182.4,2246.9,2245.6,2232.1,2239.4,2243.8,2281.6,2284.4,2263.8,2312,2467,2467.3,2458,2447.7,2388.7,2402,2434.4,2455.7,2461.4,2380.1,2432,2401.1,2398.7,2403.3,2391.6,2362.3,2343.1,2314.5,2290.2,2266.1,2304,2299,2310.4,2255.1,2256.2,2206.3,2256.9,2269.7,2289.1,2337,2365.4,2403.9,2363.5,2324.1,2312.6,2233.8,2115.8,2155.1,2129.4,2102.9,2050.6,2098.1,2114.8,2061.5,2043.8,1971.9,1990.9,1948.8,1960.1,1936.6,2002.4,2010,2041.8,2053.6,2052.9,2068.9,2007.1,1984.6,1947.7,1952.2,1978.2,2011.9,2002.8,1961.8,1964.3,1949.7,1989.1,1993,1998.9,2036.6,2061,2081.5,2087.6,2145.2,2103.7,2103.7,2019.1,1967.4,1957.6,1996.9,1968.8,2030.4,2033,2056.5,2073.3,2033.4,2031.5,2091.9,2096.9,2057.4,2135.6,2205.3,2236.2,2291.8,2293.5,2278.8,2287.8,2320.3,2296.6,2311.3,2298.9,2288,2307.5,2293.2,2193.7,2142.7,2167.7,2158.5,2193.8,2206.1,2195.8,2184.6,2150.8,2130.4,2123.8,2090.9
SBIN,858.05,867.5,861.6,853.7,861.55,860.95,850.55,838.15,832.8,812,821.15,812.05,812.45,799.65,788.3,794.95,793.2,801.2,793.4,776.4,778.75,771.15,760.45,743.25,729.5,748.15,753.7,766.3,764.1,779.25,759.05,753.45,745.9,744.15,749.2,752.4,758.45,762.6,772.9,760.95,779.2,766.05,752.25,737.2,736.8,731.1,733.15,727.65,722.15,727.7,725.8,727.3,729.7,722,716.4,710.9,703.9,688.8,695.3,716.05,730.35,732.05,732.75,728.9,729.85,723.05,727.85,723.15,736.7,745.1,749.55,753.2,780.8,772.85,764,772.3,771.5,771.7,775.95,779.2,767.45,746.9,768.6,742.2,753.85,763.5,771.75,797.45,816.7,822.4,813.45,813.4,798.65,817.35,812.55,788.65,800,790,774.1,776.1,769,779.25,801.65,801.75,800.7,807.75,792.1,795,785.65,787.1,785.25,790.5,794.4,793.7,796.55,797.35,812.3,813.65,809.8,806.5,806,813.05,820.05,817.05,815.05,805.95,792.35,792.5,792.3,791.9,785.1,796.15,790.2,795.4,800.05,797.05,805.4,820.35,820.3,812.9,807.1,811.85,806.85,812.65,810.95,808,808.65,808.85,816.45,831.7,829,823.35,824.2,815,820.65,815.7,806.55,797.15,799.2,801.65,796.55,794,795.7,800.6,805.15,805.15,804.3,823.45,820.6,821.85,826.55,827.65,830.4,828.95,825.7,816.25,816.45,807.85,801.95,802.5,806.05,803.9,812.15,809.4,806.6,808.8,808.85,818.2,823.65,823.55,824.75,831.55,857.15,854.35,862.35,855.25,870.6,866.2,861.15,856.95,870.75,872.45,864.1,867.3,874.05,864.7,858.25,862.1,880.65,882.95,876.95,886.1,886.95,889.15,907.5,907.85,911.55,904.5,922.75,930.25,939.75,934.35,937,949.7,957.6,960.75,955.85,951.15,953.3,957.15,954,967.85,973.35,972.45,982.75,981.55,972.6
SBIN,858.05,867.5,861.6,853.7,861.55,860.95,850.55,838.15,832.8,812,821.15,812.05,812.45,799.65,788.3,794.95,793.2,801.2,793.4,776.4,778.75,771.15,760.45,743.25,729.5,748.15,753.7,766.3,764.1,779.25,759.05,753.45,745.9,744.15,749.2,752.4,758.45,762.6,772.9,760.95,779.2,766.05,752.25,737.2,736.8,731.1,733.15,727.65,722.15,727.7,725.8,727.3,729.7,722,716.4,710.9,703.9,688.8,695.3,716.05,730.35,732.05,732.75,728.9,729.85,723.05,727.85,723.15,736.7,745.1,749.55,753.2,780.8,772.85,764,772.3,771.5,771.7,775.95,779.2,767.45,746.9,768.6,742.2,753.85,763.5,771.75,797.45,816.7,822.4,813.45,813.4,798.65,817.35,812.55,788.65,800,790,774.1,776.1,769,779.25,801.65,801.75,800.7,807.75,792.1,795,785.65,787.1,785.25,790.5,794.4,793.7,796.55,797.35,812.3,813.65,809.8,806.5,806,813.05,820.05,817.05,815.05,805.95,792.35,792.5,792.3,791.9,785.1,796.15,790.2,795.4,800.05,797.05,805.4,820.35,820.3,812.9,807.1,811.85,806.85,812.65,810.95,808,808.65,808.85,816.45,831.7,829,823.35,824.2,815,820.65,815.7,806.55,797.15,799.2,801.65,796.55,794,795.7,800.6,805.15,805.15,804.3,823.45,820.6,821.85,826.55,827.65,830.4,828.95,825.7,816.25,816.45,807.85,801.95,802.5,806.05,803.9,812.15,809.4,806.6,808.8,808.85,818.2,823.65,823.55,824.75,831.55,857.15,854.35,862.35,855.25,870.6,866.2,861.15,856.95,870.75,872.45,864.1,867.3,874.05,864.7,858.25,862.1,880.65,882.95,876.95,886.1,886.95,889.15,907.5,907.85,911.55,904.5,922.75,930.25,939.75,934.35,937,949.7,957.6,960.75,955.85,951.15,953.3,957.15,954,967.85,973.35,972.45,982.75,981.55,972.6
CONCORDBIO,2101.75,2093.05,2194.7,2142.45,2111.4,2103.5,2059.1,2173.35,2125.2,2129.35,2135.9,2151.05,2189.15,2165.2,2192.35,2210.75,2148.75,2121.85,2083.9,2155.05,2172.95,2262.9,2320.15,2256.5,2267.2,2327.4,2252.95,2240.75,2178,2168.7,2160.45,2120.55,2124.8,2096.55,1980.75,2043.2,2051.55,2066.55,2154.65,2139.9,2237.25,2272.8,2342.2,2345.6,2235.2,2131.2,2119,2111.7,1692.3,1682.4,1758.4,1678.85,1678,1650.2,1688,1628.65,1589.3,1496.1,1521.4,1743.5,1747.45,1747.25,1725.55,1677.05,1643.95,1621.95,1649.15,1651.35,1651.75,1643.3,1680.25,1662.4,1690.55,1653.9,1720.6,1680.6,1662.9,1696.6,1720.85,1656.65,1582.05,1596.55,1605.5,1653.85,1733.1,1741.2,1721.9,1712.3,1678.7,1648.5,1650.7,1588,1553.3,1557.8,1518.6,1490.6,1437.9,1386.7,1396.6,1523,1543.6,1511.1,1505.7,1507,1525.5,1498.9,1525,1512.8,1510,1532.1,1535.9,1533.2,1536.8,1635.7,1666.9,1748.5,1819.4,1834.9,1876,1850.7,1926.6,2013,2099.7,2130.4,2063.6,2109.7,2095.8,2071,2008.9,1973.3,1837.3,1821.8,1780.4,1814.9,1798.6,1823.5,1839.6,1795.3,1757.2,1750.2,1737.7,1760.8,1793,1819.9,1808.5,1803.3,1836.8,1835.2,1838.6,1920.5,1893.9,1919.7,1894.5,1943.9,1928.4,1880.8,1865.7,1833.4,1824,1767.3,1740.7,1703.4,1701.6,1653.3,1631.1,1598,1604.1,1648.3,1633.6,1642.5,1635,1646.8,1693.4,1750.2,1767.6,1718.6,1706.1,1695.7,1681.7,1685.9,1688.6,1698.9,1668.7,1657.7,1610.8,1582.3,1670.2,1638.8,1639,1660.5,1621.2,1635.5,1657.7,1695.1,1620.6,1624.4,1629.6,1589.2,1565.4,1593.9,1647.7,1634.2,1597.1,1620.5,1626.8,1609.2,1590.1,1603,1565.2,1516.6,1507.5,1527.2,1530.9,1496.7,1522.4,1512.6,1474.5,1457.7,1432,1452.6,1453.9,1443.8,1469.7,1454.9,1411.4,1394.9,1439.2,1453.5,1463.2,1458.8,1499.2,1502.3,1501.3,1448.7,1440.4,1427.7,1411.7
BHARATFORG,1363.45,1361.2,1379.4,1352.45,1348.3,1364.1,1340.6,1306.45,1297.8,1278.9,1299.2,1324.8,1314.25,1314.85,1302.35,1299.5,1299.9,1315.7,1296.15,1260.75,1270.05,1248.55,1227.3,1209.85,1169.85,1190.4,1183.55,1205.25,1207.5,1217.2,1201.65,1226.45,1227.75,1216.55,1197.35,1211.1,1197.4,1184.05,1224.05,1139.1,1171.9,1156.55,1137.7,1139.45,1134.8,1112.3,1104.65,1076.2,1078.35,1082.65,1076.95,1076.05,1081.35,1058.95,1041.55,1045.2,1038.4,1016.5,1030.25,1022.8,1057.1,1086.45,1087.8,1068.9,1064.3,1090.2,1039.25,1099.95,1136,1194.3,1181.3,1201.4,1186.25,1182.9,1159.15,1169.15,1148.65,1152.95,1117.1,1026.05,951.6,970.35,969.85,1002.15,1073.1,1055.1,1068.2,1094.2,1103.6,1135.5,1106.5,1088.5,1117.1,1134,1104.2,1107,1119.6,1087.3,1140.9,1113.4,1165.6,1199.2,1203.9,1246.2,1245.7,1263,1257.3,1227.4,1229,1239.6,1245.1,1249.7,1250.4,1249.2,1255.9,1240.9,1256.9,1270.4,1270.7,1269.6,1296.4,1344.6,1338.7,1333.6,1305,1309.3,1321.6,1300.5,1297.8,1277,1278.3,1295.8,1295.3,1275.1,1286.5,1309.7,1308.1,1284.2,1311.4,1298.7,1314.5,1306.2,1281.1,1261.5,1234.8,1214.8,1209,1237.4,1231.3,1224.8,1216.6,1220.8,1204.7,1223.7,1217,1204,1188.5,1220.4,1188.6,1169.1,1146.1,1177.4,1160.5,1139.4,1161.6,1135.2,1165.9,1152.4,1181.5,1180.5,1184.5,1188.5,1158.9,1154.1,1123,1139.4,1122.3,1124.6,1106.7,1126.4,1134.6,1135.6,1131.4,1136.7,1202.8,1181.7,1199.9,1211.9,1223,1237.2,1263.2,1268.6,1268.6,1272.7,1256,1251,1209,1207.3,1181.1,1214,1212.4,1219.6,1220.2,1234.6,1216.8,1191,1209.3,1220,1226.2,1222.9,1232.6,1265.2,1241.6,1247.7,1243.4,1300.1,1283.9,1301.4,1308.1,1322.2,1317.2,1324.7,1340.7,1324.9,1319.7,1317.1,1328.4,1402.1,1389.2,1388.8,1396.7,1383.7,1396.6,1446.2,1435.4,1410.2,1412.2
SUNPHARMA,1806.65,1809.95,1814,1805.45,1813.45,1809.8,1789.05,1801.05,1823.3,1808.85,1814.6,1819,1841.35,1861.25,1883.9,1886.35,1889.95,1878,1849.65,1847.4,1853.4,1837.75,1826.35,1784.8,1746.9,1770.85,1756.85,1763.3,1786.55,1778.25,1762.7,1798.95,1833.6,1822.2,1786.85,1705.5,1735.35,1739.1,1743.95,1740.6,1765.25,1752.75,1742,1749.8,1732.1,1699.75,1693.85,1746.35,1700.5,1714.2,1701.6,1676.6,1669.3,1643.75,1639.5,1613.6,1647.5,1593.25,1585.1,1566.5,1582.45,1614,1609.3,1611.5,1655.3,1676.85,1683.45,1704.3,1747.8,1732.35,1750.25,1784.5,1784.8,1764.75,1758.95,1731.45,1734.7,1698.35,1713.65,1770,1709.35,1666.35,1688.35,1652.2,1687.55,1705,1693.1,1751.5,1744.9,1747.4,1788.8,1803.9,1787.4,1841.6,1805.5,1832.3,1829.4,1836.6,1819.1,1781.3,1767.2,1744.8,1686.2,1700,1708.2,1740.1,1734.9,1730.2,1707.8,1731.8,1718.7,1683.6,1676.1,1683.4,1666.4,1699.8,1677.6,1674.6,1667.5,1664.9,1683.1,1679.2,1694.4,1688.8,1690.6,1687.4,1687.8,1685.3,1650.2,1648,1647.6,1665.1,1662.5,1661.7,1669.6,1669.8,1687.6,1675.7,1667.2,1677.5,1679.7,1676.3,1679.9,1672.5,1669.4,1662.5,1672,1682.6,1727.5,1701,1703.4,1693.6,1692.3,1678,1682.5,1692,1699,1702.2,1710.5,1733.8,1706.7,1629.7,1641.6,1632.1,1595.2,1598.4,1586.9,1608.4,1622.2,1639.8,1641.4,1632.7,1626.6,1633.1,1640.2,1641.8,1656.7,1600.3,1585.7,1594.5,1563.3,1565.2,1578.7,1582.3,1593.6,1581,1591.7,1593.4,1609.7,1616.6,1602,1610.5,1620.2,1648.6,1656,1644,1631.2,1627.1,1627.4,1586.7,1589.3,1594.3,1636.2,1631.2,1654.7,1653.1,1631.6,1658.5,1670.9,1668.4,1654.4,1655.1,1659,1679.1,1688.6,1690.5,1689.9,1699,1693.6,1687,1715.9,1703.4,1690.7,1706.4,1690,1685.9,1691.4,1697.8,1716.1,1732.1,1737.4,1757.1,1763.9,1758.8,1784.1,1777.4,1779.7
SUNPHARMA,1806.65,1809.95,1814,1805.45,1813.45,1809.8,1789.05,1801.05,1823.3,1808.85,1814.6,1819,1841.35,1861.25,1883.9,1886.35,1889.95,1878,1849.65,1847.4,1853.4,1837.75,1826.35,1784.8,1746.9,1770.85,1756.85,1763.3,1786.55,1778.25,1762.7,1798.95,1833.6,1822.2,1786.85,1705.5,1735.35,1739.1,1743.95,1740.6,1765.25,1752.75,1742,1749.8,1732.1,1699.75,1693.85,1746.35,1700.5,1714.2,1701.6,1676.6,1669.3,1643.75,1639.5,1613.6,1647.5,1593.25,1585.1,1566.5,1582.45,1614,1609.3,1611.5,1655.3,1676.85,1683.45,1704.3,1747.8,1732.35,1750.25,1784.5,1784.8,1764.75,1758.95,1731.45,1734.7,1698.35,1713.65,1770,1709.35,1666.35,1688.35,1652.2,1687.55,1705,1693.1,1751.5,1744.9,1747.4,1788.8,1803.9,1787.4,1841.6,1805.5,1832.3,1829.4,1836.6,1819.1,1781.3,1767.2,1744.8,1686.2,1700,1708.2,1740.1,1734.9,1730.2,1707.8,1731.8,1718.7,1683.6,1676.1,1683.4,1666.4,1699.8,1677.6,1674.6,1667.5,1664.9,1683.1,1679.2,1694.4,1688.8,1690.6,1687.4,1687.8,1685.3,1650.2,1648,1647.6,1665.1,1662.5,1661.7,1669.6,1669.8,1687.6,1675.7,1667.2,1677.5,1679.7,1676.3,1679.9,1672.5,1669.4,1662.5,1672,1682.6,1727.5,1701,1703.4,1693.6,1692.3,1678,1682.5,1692,1699,1702.2,1710.5,1733.8,1706.7,1629.7,1641.6,1632.1,1595.2,1598.4,1586.9,1608.4,1622.2,1639.8,1641.4,1632.7,1626.6,1633.1,1640.2,1641.8,1656.7,1600.3,1585.7,1594.5,1563.3,1565.2,1578.7,1582.3,1593.6,1581,1591.7,1593.4,1609.7,1616.6,1602,1610.5,1620.2,1648.6,1656,1644,1631.2,1627.1,1627.4,1586.7,1589.3,1594.3,1636.2,1631.2,1654.7,1653.1,1631.6,1658.5,1670.9,1668.4,1654.4,1655.1,1659,1679.1,1688.6,1690.5,1689.9,1699,1693.6,1687,1715.9,1703.4,1690.7,1706.4,1690,1685.9,1691.4,1697.8,1716.1,1732.1,1737.4,1757.1,1763.9,1758.8,1784.1,1777.4,1779.7
COALINDIA,414,414.05,416.95,409.1,410.3,410.45,402.9,395.8,391.95,382,382.95,384.5,386.6,380.5,377.9,384.15,386.4,392.95,393.65,378.75,379.8,380.35,372.2,368.5,362.9,369.25,374.6,378.85,387.65,387.05,381.55,379.2,385.8,383.05,375.75,370.65,379.45,385.05,395.9,374,376.55,382.85,379.6,378.25,370.5,359,360.35,361.65,354.2,360.1,361.1,362.3,367.95,369.95,364.8,361.15,363.85,369.35,360.35,363.85,368.25,382.6,380.65,375.15,379.05,380.7,378.3,385.75,389.3,395.85,396.4,405.4,406,398.3,394.8,396.85,398.2,397.65,397.5,397.05,385.05,377.5,382.85,374.6,392.1,395.25,399.25,398.85,400.5,398.6,398.95,399.85,393.15,397.15,389.1,385.3,384.4,385.6,378.25,383.3,385.45,382.4,395.5,395.15,403.1,404.65,404.8,402.7,408.1,405.35,398.85,401.5,402.7,399.95,398.2,398.2,397.3,399.7,392.85,394.6,394.9,398.95,401,399.55,402.1,392.7,391.2,394.35,391.3,390.35,384.25,389.05,392.5,392.65,391.75,394.15,394.15,391.95,389.75,386.9,386.45,386.1,384.25,382.85,387.45,384.05,380.95,383.85,386.45,386.45,385.9,388.5,386.8,389.1,390.75,385.55,380.8,378.35,383.65,379.9,376.35,372.5,374.7,379.5,376.85,379.55,379.7,382.5,385.35,386.1,384.45,387.8,385.35,384.7,378.15,374.45,380,372.45,374.3,374.8,377.9,380.1,389.8,391.45,392.65,387.05,387.95,391.9,393.35,394.35,394.75,395.8,399.75,393.15,394.5,394.7,394.05,392.85,392.5,389.15,388.3,389.95,388.5,383.35,381.9,384.7,382.1,383.35,384.5,381.55,380.95,384.25,387.6,388.8,390.6,391.1,392.65,394.05,396.7,391.4,382,387.7,388.65,388.55,377.55,373.15,376,381.35,382.8,386.5,383.2,386.95,387.85,383.95,379.05,379.65,378.2
GODREJCP,1127.85,1133.85,1135.3,1111.1,1111.45,1112.35,1089.3,1091.75,1078.45,1069.6,1073.75,1077.8,1071.2,1067.8,1060.55,1082.05,1079.55,1093.45,1116.65,1141.85,1153.8,1156.25,1181.1,1174.3,1159,1140.45,1128.75,1149.6,1187.75,1166.65,1158.95,1153,1145.2,1130.35,1126.65,1125.85,1118.15,1118.5,1121.25,1155.55,1135.25,1118.75,1119.6,1106.75,1091.25,1071.25,1072.75,1052.8,1058.9,1039.25,1015.55,1024.5,1074.6,1052.2,1044.6,1057.1,1051.4,1005.15,998.35,990.25,991.35,1030.3,1045.3,1044,1039.15,1043.4,1025.8,1056,1083.65,1074.3,1101.5,1111.95,1106.3,1129.85,1130.3,1144.55,1159.25,1143.6,1162.65,1162.05,1156.6,1160.1,1197.25,1242.35,1223.6,1216.3,1244.6,1239.3,1213.4,1231.4,1268.5,1267.9,1266.5,1265.9,1262.7,1260.5,1256.7,1262.1,1250.8,1246.9,1240.6,1242.1,1289.5,1266.3,1282,1290.4,1299.5,1291.5,1260.8,1280,1264,1277.4,1284.5,1269.6,1259,1246.1,1231.4,1266.1,1238.5,1227.2,1214.9,1210.1,1217.6,1213.9,1223.8,1203.9,1188.8,1188,1195.6,1196.6,1194,1189.4,1171,1173.8,1185.3,1184.3,1176.4,1178.4,1168.6,1174.6,1171.2,1192.9,1268.4,1277.4,1293.8,1286.7,1285,1266.6,1270.1,1264.8,1278.2,1251.3,1238.7,1242.4,1232.5,1224.4,1217.1,1215,1210.6,1216.6,1259,1266.5,1249.4,1219.4,1202.6,1220,1186.1,1200,1200.5,1198.8,1184.9,1208.9,1218.7,1246.9,1247.4,1257.2,1261.7,1258.6,1250.6,1242.6,1256.8,1283.8,1275.5,1245.3,1231.5,1229.9,1244.9,1256.2,1266.5,1249.7,1257.6,1229.4,1243.4,1238.4,1238.9,1232.2,1192.2,1186,1189.2,1163.9,1177.6,1166.9,1148.6,1149,1147.6,1152.8,1130.7,1128.8,1129.8,1110.8,1101.4,1110.6,1120.1,1132.2,1136.5,1133.8,1132.3,1130.4,1124.7,1115.5,1106.8,1113.1,1118.6,1178.6,1163.4,1146,1121.8,1126.7,1138.4,1135.9,1133.4,1146.5,1152.3,1142.1,1139.9,1127.3,1125.2
GODIGIT,349.95,340.5,347.1,330.8,324.65,336.2,348,341.8,331.3,341.85,328.15,316.55,315.3,324.45,325.05,318.05,327.25,333.8,327.7,313.1,314.65,303.75,297.25,285.15,278.5,287,286.2,291.9,290.7,290.05,290.65,286.35,327.35,314.5,304.15,294.6,299,295.75,297.7,297.5,300.3,304.2,301.7,302.3,297.6,296.05,298.6,297.2,296.85,303.1,301.45,307.5,300.1,299.3,299.3,301.7,300.35,304.85,293.45,313.8,299.9,305.5,314.45,311.85,304.85,300.95,294.05,294,305.1,305,299.7,297.25,297.25,291.3,291.4,290.8,289.3,287.4,287.7,286.75,280.05,278.75,281.15,280,281.05,289.2,295.35,297.85,302.6,299.55,302.45,300,298.65,309.15,290.7,285.6,286.05,290.45,285.1,290.6,290.85,290.5,293.95,300.35,296.95,295.9,299.55,303.6,304.05,328.6,326.05,323.7,326.6,330.7,335.25,334.4,345,331.3,331.05,335,338,351.25,349.45,346.85,344.45,340.45,342.95,342.95,340.15,344.9,338.2,356.2,345.95,356,355.2,354.45,361.8,360,341.65,340.7,341.1,337.4,335.9,331,334.5,342,342.05,352.15,353.55,354.2,354.1,351.3,354.25,354.6,359.45,358.4,348.65,344,360.8,371.1,370.05,365.15,360.3,356.2,355.5,365.3,356.05,358.4,361.35,356.8,355.35,364.5,361.9,363.2,372.35,368.1,370.45,370.95,366.9,357.65,354.7,351.1,354.55,355.85,354.05,351.9,349.8,356.5,358,359.45,355.45,351.7,353.9,352,349.3,356.95,355.95,358.85,350.5,350.85,341.55,346.05,343.7,338.6,350.1,348,348.8,359.7,362.9,359.4,359.65,360.3,359.05,350.05,353.85,353.9,354.6,352.25,353.1,360.75,365.6,363.75,358.65,362.4,360.25,355.5,360.35,359.25,355.05,355.75,353.65,349.2,354.35,352.5,354.75,354.7,349.85
AIAENG,3452.2,3478.5,3515.15,3490.45,3488.6,3499.9,3465.75,3468.05,3431.8,3362.7,3315.25,3408,3364.9,3420.5,3398.75,3402.65,3395.6,3396.45,3381.75,3341.95,3343.25,3398.7,3433.2,3364.15,3297.4,3377.85,3440.6,3496.4,3501.5,3571.05,3601.05,3589.45,3651.45,3625,3652.7,3619.15,3656.7,3625.25,3680.6,3646.75,3650.45,3748.9,3696.05,3670.05,3650.6,3550.35,3541.05,3521.05,3441.5,3466.4,3405.55,3408.8,3400.95,3394.1,3258.75,3223.9,3204.55,3141.25,3162.15,3133.15,3138.45,3177.4,3135.85,3146.3,3137.05,3140.9,3145,3201,3202.35,3221.15,3250.7,3328.75,3372,3400.8,3343.2,3356.3,3351.7,3268.2,3312.05,3342.7,3190.65,3091.3,3100,3106.5,3168.75,3174,3185.6,3147.5,3131,3147.6,3132.7,3171.3,3177.2,3176.8,3207.9,3193.9,3104.4,3171.6,3123.5,3125,3119.8,3109.4,3245.8,3229.3,3263.9,3303.3,3309.7,3317.5,3278.4,3296.5,3266.1,3316.1,3374.2,3390.8,3388,3487.6,3497.9,3473.8,3437.5,3533.7,3518.8,3502,3509.3,3501.5,3517.2,3450.6,3443.8,3399.8,3405.6,3384.3,3360,3269.6,3299.5,3277.5,3298.6,3324.2,3332.1,3309.8,3296.8,3254.1,3309.8,3316.1,3353,3444.8,3459.1,3430.4,3359.7,3349.6,3398.2,3386,3447.5,3368,3345.7,3337.8,3354.5,3323.6,3258.9,3221.3,3183.2,3195.3,3132.6,3094.8,3069.3,3142,3190.5,3150,3088.6,3112.7,3100.9,3132.5,3118.6,3119.2,3127.4,3096.5,3115.6,3107.7,3090.1,3039.7,3017.4,3056.3,3090.6,3113.9,3075.3,3071.4,3052.4,3022.3,3033.3,3062.2,3035.1,3087.9,3109,3100.3,3123.9,3136.6,3074.9,3049.8,3055.7,3070.2,3099,3069.9,3062.8,3053.3,3247.8,3224.3,3178.2,3173.2,3224.2,3271.9,3271.9,3232.9,3228.6,3238.7,3313.5,3302.8,3310.5,3356.1,3356,3360.2,3387.3,3331.1,3330.2,3295.7,3249.9,3265.1,3333.5,3318.6,3256.2,3445.7,3566.7,3603.2,3709,3693,3760.4,3711.6,3733.4,3839.6,3698.7
POWERGRID,329.1,327.9,327.55,329.2,333.85,335,329.8,321.55,321.65,315.8,315.3,310.1,310.3,309.4,307.55,308.7,310.4,315.15,316.05,306,305.05,306.65,305.25,299.7,287.6,290.25,298.65,297.65,302.6,306.25,302.35,297.55,294.35,295.85,287,283.95,287.85,295.35,301.65,283.8,285.65,285.2,281.15,278.15,268.7,261.45,257.05,259.15,257.35,263.2,266.95,263.05,265.75,261.9,259.15,255.75,256.25,250.85,252.5,254,264.4,266.65,263.3,271.3,267.3,267.1,267.65,267.35,270.8,277.2,280.35,283.1,291.85,291,290.85,295.5,290.35,289.3,286.75,299.1,293.9,289.4,288.95,293.4,304.1,304.55,305.75,309,320,312.55,314.95,314.4,306.5,308.55,302.95,307.45,303.95,308.2,307.6,311.1,308.25,299.3,309.05,298.45,295.95,299.65,300.2,304.05,297.9,296.15,290.9,298.1,296.7,294.55,291.15,293.1,289.75,293.05,288.25,288.55,294.25,295.8,300.5,301.05,295.45,289,285.5,288.65,288.55,287.3,286.45,293.1,290.25,285.95,290.45,293.5,299.25,299.9,297.55,294.85,293.7,294,295.9,297.75,299.65,299.25,298.55,298.2,298.05,297.05,296.6,294.15,297,297.8,299.25,299.35,292.1,291.9,293.1,288.95,291,291.25,287.95,286,284.8,285.55,284.85,284.85,284.65,288.2,288.7,290.35,288,288.4,284,283.35,284.15,279.9,274.45,275.25,279.85,286.7,286.05,281.8,285.35,282.8,283.85,282.95,286.8,287.65,286.25,288.35,287.15,289.1,286.2,286.65,288.6,293.3,284.4,282.25,280.6,280.25,280.65,289.7,286.9,289,285.3,286.15,289.15,286.15,287.5,290.95,291.85,289.75,288.2,288.6,289.65,288.5,291.05,288.25,295.35,291.5,288.15,288,279.05,270.2,272,268.2,267.65,267.1,269.85,271.3,273.55,274.2,275.15,277.2,277.6
POWERGRID,329.1,327.9,327.55,329.2,333.85,335,329.8,321.55,321.65,315.8,315.3,310.1,310.3,309.4,307.55,308.7,310.4,315.15,316.05,306,305.05,306.65,305.25,299.7,287.6,290.25,298.65,297.65,302.6,306.25,302.35,297.55,294.35,295.85,287,283.95,287.85,295.35,301.65,283.8,285.65,285.2,281.15,278.15,268.7,261.45,257.05,259.15,257.35,263.2,266.95,263.05,265.75,261.9,259.15,255.75,256.25,250.85,252.5,254,264.4,266.65,263.3,271.3,267.3,267.1,267.65,267.35,270.8,277.2,280.35,283.1,291.85,291,290.85,295.5,290.35,289.3,286.75,299.1,293.9,289.4,288.95,293.4,304.1,304.55,305.75,309,320,312.55,314.95,314.4,306.5,308.55,302.95,307.45,303.95,308.2,307.6,311.1,308.25,299.3,309.05,298.45,295.95,299.65,300.2,304.05,297.9,296.15,290.9,298.1,296.7,294.55,291.15,293.1,289.75,293.05,288.25,288.55,294.25,295.8,300.5,301.05,295.45,289,285.5,288.65,288.55,287.3,286.45,293.1,290.25,285.95,290.45,293.5,299.25,299.9,297.55,294.85,293.7,294,295.9,297.75,299.65,299.25,298.55,298.2,298.05,297.05,296.6,294.15,297,297.8,299.25,299.35,292.1,291.9,293.1,288.95,291,291.25,287.95,286,284.8,285.55,284.85,284.85,284.65,288.2,288.7,290.35,288,288.4,284,283.35,284.15,279.9,274.45,275.25,279.85,286.7,286.05,281.8,285.35,282.8,283.85,282.95,286.8,287.65,286.25,288.35,287.15,289.1,286.2,286.65,288.6,293.3,284.4,282.25,280.6,280.25,280.65,289.7,286.9,289,285.3,286.15,289.15,286.15,287.5,290.95,291.85,289.75,288.2,288.6,289.65,288.5,291.05,288.25,295.35,291.5,288.15,288,279.05,270.2,272,268.2,267.65,267.1,269.85,271.3,273.55,274.2,275.15,277.2,277.6
PHOENIXLTD,1797.15,1863.65,1868.1,1845.85,1775.3,1824.55,1771.6,1714.95,1672.9,1591.05,1655,1696.6,1730,1696.35,1669.25,1634,1588.95,1602.65,1574.4,1547.6,1573.2,1692.25,1637.95,1660.1,1529.3,1570.7,1656.9,1658.3,1643.6,1608.4,1520,1457.85,1527.95,1516.8,1483.95,1514.3,1556.95,1599.15,1641.8,1822.1,1784.2,1700,1615.6,1643.75,1622.15,1576.8,1600.05,1600.15,1569.6,1545.05,1600.15,1554.3,1597.7,1587.4,1573.35,1562.45,1511.85,1548.1,1548.45,1551.9,1578.55,1575.65,1560.15,1551.7,1656.85,1601.5,1564.5,1566,1607.05,1555.65,1624,1666.15,1681.65,1657.3,1641.55,1660.7,1643.3,1601.1,1647.05,1630.9,1580.3,1548.3,1572.35,1495.8,1478,1548.3,1598.7,1614.7,1609.4,1682.3,1674,1669.4,1629,1634.8,1632.4,1664.5,1537.3,1555.4,1498.2,1526.6,1497.2,1478.9,1523.8,1538.5,1540.5,1555.1,1550.9,1606.5,1579.4,1617.8,1592.9,1598.5,1596.9,1613.7,1590.1,1578.5,1537.1,1581.5,1616.6,1588.4,1561.8,1598.1,1615.8,1627.1,1650,1605.1,1595.9,1616.6,1613.5,1605.6,1566.3,1616.1,1621.4,1601.8,1619.3,1627.4,1570.6,1561.7,1546.3,1495,1512.5,1542.2,1549.5,1574.7,1518.7,1509.6,1488.9,1510.9,1491.6,1480.9,1502.4,1486.4,1493.7,1473.6,1453.7,1448.1,1525.9,1508.8,1508.3,1501.8,1484,1452.2,1474.2,1476.1,1448.2,1456.8,1417.3,1437.3,1439.2,1436.9,1430,1489.6,1503.3,1563.5,1575.5,1578,1587.9,1559.5,1509.7,1503.2,1517.1,1565.7,1512.4,1501.1,1518.1,1529.7,1555.5,1561.2,1552,1560.1,1587.6,1616,1613.7,1626.2,1629.8,1638.3,1626.5,1577.7,1562.7,1540.4,1548.8,1555.5,1563.8,1562.5,1594.4,1611.8,1592.3,1593.8,1597.8,1622.9,1625.8,1676.3,1694.9,1687.8,1656.3,1651.8,1691.2,1680.7,1711.1,1702,1707.9,1703.5,1682.6,1746.5,1767.7,1744.8,1773.3,1760.9,1736.7,1732.2,1714.8,1736.4,1745.6,1724.1,1715.1,1715.7,1698
CIPLA,1469,1455.2,1454.1,1445.4,1447.3,1448.45,1450.85,1472.4,1506.55,1472.05,1476.05,1475.75,1490.55,1506.6,1521.4,1529,1529.1,1537.9,1511.25,1491.4,1497.45,1494.9,1488.2,1468.8,1439.2,1447.75,1447.2,1443.5,1442.3,1445.45,1428,1439.4,1451.15,1411.4,1396.1,1420.6,1423.95,1457.45,1479.4,1420.55,1449.05,1436.8,1471.5,1472.25,1458.85,1453.15,1449.2,1472.15,1459.45,1474.65,1482.1,1464.15,1479.7,1475.75,1476.75,1463.35,1441.15,1407.5,1407.55,1401.8,1419.75,1461.75,1458.45,1462.75,1445.75,1454.3,1461.9,1508.65,1499.15,1512.05,1523.85,1524.05,1511.2,1476.2,1482.9,1442.2,1444.25,1452.35,1495.7,1415.25,1384.7,1432.55,1415.6,1463.05,1481.8,1496.4,1515.2,1511.1,1528.2,1533.7,1551.7,1525.9,1555.1,1541.5,1550.1,1525.6,1542.9,1511.4,1508.8,1486.8,1480,1511.6,1520.1,1494.8,1502.2,1499.9,1491.6,1454.4,1482.4,1468.5,1484.2,1484.2,1480.5,1468.5,1476.9,1465.7,1470.2,1473.2,1471.9,1489.8,1504.2,1506.6,1510.8,1521.7,1502.8,1505.2,1527,1503.5,1498.1,1484,1499.7,1499.1,1502.4,1510,1513.8,1502.4,1505.9,1515.7,1497.6,1508.7,1513.3,1510.5,1488.3,1491.7,1477.8,1485,1484,1490.9,1475.8,1482.4,1482.3,1473.9,1464.4,1473.5,1487.9,1532.5,1572,1574,1559.4,1554.6,1502.8,1515.1,1499.8,1486.7,1491,1485.8,1504.8,1521.6,1561,1564,1565.2,1548.9,1546.1,1592.8,1592.8,1601.2,1579.8,1580.3,1589.4,1587.2,1569.2,1578.4,1577.8,1553.4,1541.2,1551.6,1563.8,1560.8,1574.6,1548.3,1559,1559.6,1578.2,1575.8,1542.2,1527.1,1538,1509.7,1499.4,1488,1503.3,1513,1517.7,1513.1,1513.3,1494.6,1513.1,1561.8,1563.6,1552.3,1558.7,1569.4,1577.6,1639.1,1663.6,1645.1,1584.4,1584,1568.1,1581.1,1540.1,1501.3,1511.5,1503.3,1501.5,1505.7,1511.5,1514.9,1519.3,1525.8,1532.1,1535.6,1514.5,1526.8,1529.2,1511.8,1504
NAUKRI,1683.77,1703.92,1711.41,1722.86,1740.48,1761.79,1770.77,1774.79,1739.41,1698.99,1724.96,1734.61,1733.5,1727.49,1742.55,1735.45,1746.08,1775.79,1805.1,1763.15,1687.73,1647.42,1589.86,1567.14,1450.63,1491.55,1491.03,1525.71,1549.63,1554.06,1491.49,1446.9,1507.1,1489.41,1401.91,1429.65,1489.03,1525.78,1544.74,1543.91,1541.38,1588.23,1610.24,1572.02,1558.98,1508.41,1515.66,1528.28,1497.1,1467.78,1511.78,1519.01,1534.69,1507.42,1430.36,1464.73,1476.25,1398.53,1392.44,1352.43,1357.98,1381.27,1366.77,1317.62,1339.42,1301.44,1276.51,1293.6,1337.21,1349.88,1370.06,1383.2,1420.17,1429.14,1408.87,1442.92,1436.28,1360.98,1385.73,1346.88,1279.32,1274.96,1328.53,1281.35,1309.06,1347.1,1355.2,1346.9,1387.8,1390.7,1417.1,1430.8,1407.7,1395.5,1411.8,1413.9,1428.3,1434,1396.9,1385,1355.5,1375,1476,1464.5,1454,1504,1509.5,1467,1438.5,1475.5,1461,1489,1473.5,1452.5,1433,1448,1427.5,1430.8,1425.3,1410.6,1474.4,1507.2,1519.7,1534.9,1505.9,1468.4,1459.8,1488.4,1475.4,1467.6,1469.3,1505.1,1482.2,1505.5,1509.6,1516.4,1508.1,1488.3,1449.5,1451.9,1445.2,1486.4,1431.1,1458.9,1447.1,1420.1,1375.2,1399,1403.2,1393.4,1379.3,1364.8,1399.8,1458.8,1475,1457.2,1436.5,1409.5,1409.4,1395.6,1392.3,1367.9,1370.9,1341.7,1322.4,1361.7,1332,1320.6,1321.2,1325.9,1365.4,1353.6,1380.8,1395.5,1412.8,1380.6,1406.1,1395.7,1386,1358.1,1371.7,1364.5,1366.4,1331.8,1347,1337,1349.5,1385.8,1371.9,1360.6,1362.8,1352.4,1375,1384.8,1376.1,1417.7,1393.9,1385.3,1358.6,1316.2,1315.8,1309.3,1338.6,1333.9,1379.9,1383.6,1367.5,1346.5,1333.1,1333.5,1322.3,1334.8,1348.5,1328.3,1311.5,1317,1379.8,1377.8,1364.7,1385.7,1389.1,1384.1,1378.3,1359.6,1338.7,1326.8,1345.4,1342.4,1341,1376.4,1347.3,1323.5,1332.2,1324.9,1362.2,1365.4,1340.4
ALOKINDS,23.95,23.64,23.05,22.59,22.78,23.34,22.68,22.25,21.83,21.17,21.01,21.72,21.37,21.21,20.81,21.02,21.18,21.18,20.96,19.93,20.19,20.11,19.87,19.49,18.47,19.31,20.88,20.36,20,20.1,19.77,19.34,19.36,19,18.15,18.15,18.43,18.3,18.69,18.56,18.53,18.82,18.74,18.46,18.14,17.49,17.27,16.96,16.34,16.66,16.14,16.84,17.06,16.74,16.38,16.14,15.8,15.36,14.88,16.49,16.78,17.06,17.36,16.89,16.14,16.19,15.91,16.08,16.31,16.26,16.92,16.72,16.12,15.39,15.47,15.05,15.55,15.47,15.88,15.35,14.95,15.23,15.35,15.62,16.05,16.24,16.12,16.47,19.49,18.62,18.43,17.35,17.27,17.15,16.58,16.45,16.74,16.23,16.3,16.49,15.98,17.19,17.43,17.48,17.89,18.46,19.12,18.64,18.97,18.91,18.78,18.71,18.75,20.19,20.02,19.64,19.64,19.18,19.2,19.44,19.31,19.53,20.86,21.56,20.65,20.22,20.09,19.72,19.54,18.88,19.03,19.22,19.48,19.55,20.37,20.49,20.42,20.23,20.57,20.23,20.14,20.12,22.13,21.83,21.39,20.79,20.82,20.76,20.79,22.04,20.82,20.52,20.44,20.4,20.42,19.95,19.61,19.42,19.5,19,18.7,18.97,18.81,18.47,18.07,18.08,18.02,17.74,17.82,17.85,18,18.72,18.66,18.29,18.19,18.05,17.62,17.39,17.41,17.23,18.26,18.37,18.19,18.16,18.19,18.13,18.55,18.76,18.53,18.71,18.82,18.92,18.88,18.87,18.45,18.3,18,17.89,17.36,17.35,17.32,17.44,17.82,17.69,17.48,17.32,17.31,17.49,17.36,17.18,17.43,17.9,17.24,17.1,17.34,17.71,17.55,17.44,17.43,17.59,17.51,17.42,17.33,17.5,17.3,17.13,17.11,17.13,17.2,17.26,17.31,17.3,17.06,17.26,17.17,17.01,16.67
NATCOPHARM,1485.85,1492,1462.55,1470.5,1441.8,1422,1439.8,1445.75,1476.8,1416.95,1388.55,1371.5,1362.3,1392,1397.35,1387.3,1397.3,1386.25,1366.75,1308.85,1326.35,1318.55,1288.3,1235.55,1211.95,1256.7,1221.15,1245.6,1239.5,1258,1243,1262.85,1301.2,1256.65,1175.65,1146.35,1171,1161.85,1173.85,1161.65,1235.45,1283.6,1328,1319.4,1282,1242.45,1218.8,975.05,883.2,870.45,834.55,813,793.15,797.95,823.1,821.9,796.75,770.7,795.65,802.85,819.85,823,825,811.5,788.05,783.9,780.85,806.7,825.4,826.1,829.3,829.9,824.9,821.6,822.75,798.75,804.95,806.55,836.55,796.75,765.85,770.15,746.5,775.5,803.95,826.6,827.6,829.8,839.3,844.5,902.85,889.25,884.15,883.3,850.9,841.15,855.95,830,813.2,802.5,809.6,833.8,825.1,827.9,823.8,841.15,866.15,852,875.6,877.3,878.6,879.55,878.65,862.3,893.7,883.4,878.1,862.1,858.95,861.75,858.3,863.1,881.65,934.1,924.2,912.7,902.35,872.85,878.2,881.6,875.1,869.2,869.25,878.8,871.15,884.45,926.65,933,921.95,973.6,998.6,973.6,984.95,1017.75,998.3,961.8,976.9,1011.6,1021.35,1032.75,1035.1,1015.6,1014.65,1034.9,999.05,967.65,941.25,958.5,973.15,953.4,931.05,934.65,931.75,917.85,945,907.8,899.8,888.3,904.25,874.45,874.45,892.7,888.85,881.2,882.45,874.85,855.25,867.15,862,864.8,865.65,872,855.55,852.75,846.1,841.25,844.25,848.25,862.2,851.4,852.15,857.25,884.3,884.25,864.5,855.5,854.2,842.3,820.75,795.4,795.55,806.55,822.55,815.15,811.4,809,813.55,845.8,839.8,809.7,820.25,821.85,826.2,833.65,842,834.2,824.9,825.05,826.5,828.1,833.3,819.9,831.5,819.85,800.5,802.5,798.8,792.95,822.35,826.15,812.65,820.9,814.55,830.15,869.3,864.8,841.25
ALIVUS,1104.7,1149.9,1122.65,1166.95,1149.25,1197.5,1153.25,1156.5,1167,1200.25,1176.35,1214.95,1225.45,1237.15,1224.55,1203.85,1090.6,1033.85,1026.05,1013.35,1058.1,1028.5,1013.15,1055.4,1016.35,978.3,949.95,914.55,884.9,938.35,1021.4,1024.05,1064.75,1078.95,1036.8,984.7,1017.45,1024,1020.05,1065.75,1080.55,1133.4,1100.6,1064.1,1026.55,1004.35,1061.65,1081.15,1033.8,1060,1065.4,1001.05,973.15,1005.95,940.95,965.3,991.6,1000.5,989.1,1015,1023.9,1028.1,1033.6,1036.3,1050.8,1090.7,1104,1088.6,1087.9,1111,1118.9,1106.1,1115.6,1100.1,1137.3,1180.9,1206,1142.6,1144.5,1111.2,1101.3,1103.6,1117,1104.4,1081.2,1070.7,1061.6,1040.9,1034.6,1061.6,1023.5,1011.5,1006.1,1014.9,1007.3,1026,1028.8,1014.2,1018,1013,1004.8,1000.8,998.2,998.2,993.1,1011,994.6,1001.3,1005.6,998.5,1011.5,1033.1,1040.4,1021,1011.7,1002.3,1022.2,1014.6,1072.9,1053.6,1066.2,1068.8,1058.3,1057.2,1048.9,1024.8,1023,1028.4,1022,1016.6,1050.3,1031.1,1000.6,965.7,986.7,950.8,936.4,934.8,927.4,959.7,958.4,944.1,956.1,967.6,966.1,970.3,969.7,970,948.5,941.7,944.8,936.5,934.75,937.35,929.1,923,920.55,953.1,954.65,944.7,936.9,930.6,936.6,939,946.85,1047.45,1002.95,983.25,968.3,946.75,939.2,952.3,929.15,938.35,932.05,933.3,925.6,919.8,944.2,933.8,930.75,925.25,934.4,928.75,923.3,920.6,924.4,921.15,924.15,919.25,905.95,908,907.9,904.45,918.05,903.95,890.5,915.05,920.6,913.6,909.05,903.8,904.7,946.75,923.95,907.75,909.9,903.85,898.25,884.75,903.5,900.8,898.5,904.6,886.3,874.05,872.05,883.75
FEDERALBNK,213.77,214.34,214.68,212.68,213.15,213.4,210.29,200.03,200.95,194.46,197.02,196.72,197.68,196.73,201.05,200.02,200.51,206.14,205.25,197.53,197.31,195.5,193.44,189.1,187.72,192.56,194.14,195.42,191.58,194.03,192.35,190.1,190.75,188.11,191.14,184.1,186.18,184.96,187.21,180.56,181.23,183.87,183.62,188.14,186.56,183.67,183.95,181.8,181.01,181.54,180.69,181.18,184.38,179.85,181.24,178.71,178.71,177.62,179.48,176.51,181.51,181.74,180.51,179.12,179.12,178.22,176.6,176.69,180.18,186.19,186.54,187.3,195.8,194.85,192.31,197.58,192.73,192.43,192.11,194.14,195,190.81,190.53,189.96,190.44,191.9,194.92,194.85,202.04,201.64,199.77,201.9,196.49,199.83,203.42,196.68,189.68,191.51,187.29,191.17,186.73,187.38,194.45,198.09,198.23,198.84,199.03,201.9,198.16,200.82,201.17,203.43,201.9,202.48,201.62,201.09,202.06,206.25,211.3,210.97,207.07,207.78,212.7,211.01,208.12,206.46,205.3,205.61,204.77,207.08,203.92,207.51,206.95,209.22,210.4,210.02,208.39,213.12,218.72,217.75,216.99,215.32,215.05,213.5,213.89,210.98,207.38,210.57,211.67,214.69,212.59,212.47,212.78,212.4,212.81,212.7,208.14,206,205.21,204.68,202.43,196.06,196.46,196.04,197.37,198.63,196.35,196.69,195.98,196.19,195.86,195.79,200.05,199.71,199.43,196.34,195.01,192.46,191.76,191.71,193.58,193.56,193.23,189.9,190.52,190.62,191.63,196.08,196.65,194.36,196.27,196.41,198.97,198.43,197.92,195,195.13,193.58,193.33,191.82,190.08,192.93,193.76,192.37,193.66,199.17,202.61,207.34,208.3,213.02,215.44,216.33,214.5,212.38,227.08,227.44,227.86,227.4,234.04,235.78,234.91,234.81,236.61,237.89,237.85,235.83,237.26,238.46,235.89,238.94,235.79,236.26,239.06,244.51,246.02,244.93,245.06
TATACHEM,1106.05,1123.5,1125.65,1102.45,1093.55,1084.75,1072.65,1057.15,1059.55,1028.85,1034.25,1067.6,1057.65,1046.35,1031.8,1052.2,1038.4,1031.45,1027.9,991.25,1012.2,1003.7,1014.85,977.75,949.6,965.5,961.95,972.45,975.35,971.4,960.05,954.05,975.45,956.9,943.95,941.8,962.8,967.95,986.1,946.55,918.5,933.75,936.15,931.4,909.4,883.05,878.6,868.25,846.5,854.5,856.6,853.85,854.7,846.05,836.35,827.7,801.85,777.35,787.55,783,802.7,814.7,815.3,814.15,815.9,806,796.1,817.6,833.1,837.45,847.25,852.65,855.95,850.9,847.8,864.9,839.75,851.5,849.9,812.4,800.5,809.25,811.5,832.25,846.9,847.5,848.75,853.65,851.85,857.6,864.1,826.45,838.65,857.2,837.3,835.1,845.45,816.6,826.2,808.7,817.3,848.75,836.8,838.6,852.4,859.5,868.15,863.1,859.1,859.3,873.95,881.85,900.4,895.75,891.2,887.15,896.6,905.4,915.15,930.4,934.1,960.45,962.4,960.35,932.75,925.45,936.35,935.2,928.25,909.05,913.85,905.5,912.6,939.95,935.25,933.7,936.65,930.55,934.15,945,939,929.2,925.85,922.35,925.25,906.3,923.95,931.4,940.2,938.45,931.95,940.4,962.65,972.1,946.4,941.4,934.35,1000,1001.35,982.55,956.5,973.4,964.25,949.55,959,946.3,952.4,945.2,941.4,933.5,945.85,947.6,944.65,940.2,938.05,950.25,935.3,917.8,920.7,939.85,931.45,939.2,938.75,933.45,943.3,945.55,945,968.25,961.25,975.4,982.55,1005.15,989.25,993.6,973.95,959.9,964.15,952.25,930.8,925.4,919.85,917.55,925.5,926.75,922,907.9,906.05,903.05,910.55,913.75,903.55,920.95,902.7,903.15,912.9,904.7,899.85,893.55,903.85,912.5,900.75,890.65,875.35,892.35,872.85,858.1,840.45,842.3,852.35,841.5,832.75,834.45,826.7,819.4,818.9,810,804.1
COROMANDEL,1769.8,1780.35,1768.85,1778.6,1777.65,1819.25,1817.15,1830.85,1845.5,1839.3,1862.7,1855.35,1845.05,1846.15,1868.95,1879.95,1928.75,1956.05,1958.3,1938.25,1948.45,1937.65,1951.95,1922.45,1808,1835.3,1825.15,1875.4,1874.85,1857.8,1844.25,1776.7,1848.7,1815.05,1729.9,1713.45,1792.8,1823.45,1809.55,1811.7,1878.15,1884.1,1865.1,1858.2,1851.8,1819.6,1840.85,1851.25,1752.2,1707.55,1710.05,1714.6,1741,1708.5,1670.3,1689.6,1669.5,1666.95,1665.6,1611.7,1703.1,1732.7,1756.3,1749.05,1726.5,1761.75,1797.7,1962.7,1978.6,1983.2,1977,1986,1978.6,1979.55,1970.45,1982.1,2049.05,2049.85,2060.5,2015.35,1968.7,2063.45,2004.7,2060,2194.1,2133.6,2118.3,2197.9,2172.2,2205.6,2232.6,2201.5,2237.5,2251.9,2214.2,2249.7,2228.2,2284.1,2314,2278.6,2343,2424.5,2433.3,2403.3,2470,2450.9,2492.1,2395.7,2414,2414.2,2389.5,2399.7,2415.4,2409,2308.9,2289.4,2283.4,2314.9,2330.1,2315.9,2298.3,2411.2,2330.5,2381.2,2307.1,2291.4,2265.8,2307.7,2291.4,2304,2315.9,2320.1,2389.1,2354.8,2279.1,2432.2,2505.2,2325.6,2273,2233.6,2233.7,2267.5,2207.6,2302.4,2297.2,2324.8,2385.2,2345.9,2378.5,2346.7,2311,2339.3,2354.1,2331.2,2428.1,2442.8,2412.9,2495.4,2652.7,2691.4,2590.4,2542.2,2619,2504.4,2446.6,2420.1,2441.6,2397.2,2257.7,2353.2,2408.9,2382.4,2419.2,2428.9,2422.9,2389.9,2372,2265.2,2309.1,2339.4,2305.6,2354.7,2296,2257.9,2185.2,2216.4,2218.7,2233.3,2228.8,2215,2265.6,2327.4,2304.7,2261.5,2273,2255.7,2230.8,2238.6,2186.7,2238.5,2248.4,2251,2301.5,2350.5,2288.4,2242.4,2243.8,2220.5,2219.2,2177.1,2198.2,2162.2,2146.6,2175,2179,2164,2163.1,2244.8,2241,2254.6,2174.2,2124.6,2144.2,2168.8,2150.1,2146.4,2166.1,2177.9,2184.8,2210.2,2202.7,2212.4,2232.6,2240.7,2264.4,2262.8,2301
HAPPSTMNDS,762.1,761.5,759.7,749.1,745.4,743.4,740.6,731.95,725.5,700.25,699.7,700.8,702.3,700.45,749.7,734.75,725.05,725.1,738.1,712.1,724.15,717.6,708.1,706.65,718.5,712.7,724.1,722.3,719.25,720.85,717.35,715.95,716.1,707.1,688.5,671.8,696.6,692.3,688.6,714.8,708.5,700.1,688.9,680.85,665.65,705.1,694.35,695.95,693.05,676.7,670.1,670.05,676.95,672.5,721.5,716.15,700.15,686.3,684.6,673.65,702.15,695.55,695.45,696,695.9,685.45,668.95,642.9,641.4,644.65,656.3,646.8,637.85,623.3,610.6,596.7,592.25,607.1,596.7,586.25,548.35,548.65,543.15,560.5,572.8,577.9,576.8,583.05,585.5,595.8,599.95,585.5,584.35,585.4,571.85,596.6,609.4,593.15,591.45,585.05,577.5,609.7,593.35,594.65,598.9,604.6,612.4,607.55,605.1,607.05,601.75,608.2,605.15,602.7,600.7,594.5,594.4,594.8,593.9,593.85,588.9,615.85,618.8,619.6,608,600.4,601.55,668.45,647.8,618.9,624.95,621,642.45,650.5,646.25,651.25,655.9,650.75,645.6,643.5,643.7,647.25,636.9,631.45,628.85,629.1,625.7,624.8,630.2,635.35,626.95,619.05,622.75,616,612,613.6,601.25,619.35,622.15,607.1,602.85,597.7,601.2,592.15,594,592.8,576.6,579.55,580.15,582.2,584.7,589.05,591.75,597.25,591.8,595.8,581.6,566.75,565.05,566.2,570.4,573.4,569.5,568.4,561.45,567.1,573,569.15,571.3,570.1,574.7,574.6,574.65,581,564.2,556.95,551.75,553.05,536.4,530.8,530.85,525.8,523.3,524.2,498.3,491.25,498.35,500.8,492.9,489.6,493.6,500.35,494.9,496.7,500.5,512.95,519.7,516.2,515.75,522.15,521.35,515.55,512.1,506.5,500.45,494.6,503.6,504.2,505.6,503.15,504.85,502.2,505.2,506.05,500.2,496.9,506.9
ALKEM,5484.6,5459.45,5489.95,5435.25,5372.55,5442.8,5391.65,5493.25,5494.25,5427.5,5481.9,5406.3,5408.6,5482.7,5569.25,5633.9,5571,5579.75,5502.65,5527,5562.8,5561.7,5453.95,5376.05,5227.4,5264.8,5201.5,5181.8,5255.85,5238,5177.3,5151.45,5183.5,5022.7,4962.85,4916.05,5004.3,5050.4,5063.05,5048.45,5105.9,5117.95,5255.7,5151.35,4800.85,4703.5,4708.6,4719.55,4651.5,4794.3,4722.15,4741.7,4720,4601.25,4609.05,4563.7,4612.5,4646.2,4600.35,4614.65,4696.5,4746.2,4738.05,4632.5,4777.75,4749.4,4706.95,4810.6,4851.8,4906.2,4979,5052.55,5033.2,5003.2,4960.15,4881.7,4835.55,4887.7,4971.55,4828.7,4700.5,4837.15,4838.85,4887.45,4920.8,4957.6,4953.3,5000.4,5013.6,5233,5201.2,5033.5,5025.8,5030.8,5116,5076,5085.5,5023.5,5033,4939.5,4946.5,5020.5,5126.5,5127,5277,5221,5324,5259,5374,5299,5288,5249,5266,5264.5,5294.5,5098.5,5096.5,4996.5,4868.5,4843.5,4862.5,4873.5,4959,4885.5,4846.5,4847.5,4868,4813,4805,4782,4773.5,4760,4811,4854,4841,4906.5,4939,4849,4874.8,4822,4886.3,4877.3,4800.9,4805.4,4732.8,4806.7,4840.7,4933.2,5002.2,5018.7,4998.5,4999.7,4971.8,4975.1,4998.6,5011.9,5047.4,5070.7,5099.6,5031.1,4899,4902.5,4921,4871,4872,4764,4844.5,5149,5388.5,5347.5,5346,5392,5393,5422,5426,5415.5,5422,5376,5303.5,5300.5,5246.5,5292,5301.5,5333.5,5333,5336,5320.5,5393.5,5448,5500.5,5503,5472.5,5479.5,5541.5,5495,5544.5,5576,5508,5433,5409,5425,5459.5,5442,5494,5492,5493.5,5480.5,5454.5,5492.5,5493,5566.5,5524,5581.5,5557,5547.5,5534,5545,5475.5,5432,5535,5525,5506.5,5628.5,5664,5643.5,5668.5,5679.5,5696.5,5767.5,5725.5,5722.5,5723,5713,5724,5700,5700,5625
HAL,29.08,29.07,29.2,28.89,28.68,27.87,27.19,26.15,25.77,25.97,26.26,26.84,26.8,26.79,26.96,27.19,27.73,27.68,27.66,27.75,27.03,26.97,27.8,28.2,28.91,29.27,29.9,29.53,28.48,27.97,27.8,27.25,26.65,26.37,26.54,26.02,25.51,26.34,26.29,25.48,25.19,25.98,26.49,25.97,26.28,26.16,26.73,26.74,26.99,26.26,26.74,26.23,25.92,26.1,26.37,25.01,24.15,24.19,24.45,25,24.89,24.66,24.71,24.34,25.07,25.22,25,25.08,24.99,24.74,25.6,25.69,25.7,25.34,25.07,25.37,25.55,25.7,22.39,19.98,19.99,19.26,22.07,20.27,21.07,21.25,21.25,21.43,22.53,21.92,20.7,20.61,21.21,20.85,20.65,20.51,19.82,19.93,20.6,19.86,19.44,19.36,20.24,20.36,21.25,21.31,21.23,21.04,21.25,20.87,20.48,19.9,19.9,19.91,19.97,19.86,20.08,19.59,20.01,20.43,20.01,19.95,20.52,21,21.75,22.19,21.98,23.19,22.91,23.01,22.28,22.28,20.77,20.78,20.26,20.64,20.57,20.38,21.21,21.71,21.52,20.89,22.16,22.04,22.16,23.08,22.02,21.39,21.24,21.54,21.22,21.18,21.39,21.97,22.42,22.45,22.84,23.08,22.4,22.4,21.6,21.67,21.68,21.22,20.88,20.9,20.5,20.97,21.2,21.35,21.12,21.33,21.11,21.1,21.28,22.27,22.34,21.88,22.3,22.63,22.73,22.69,21.59,22.47,22.1,21.77,21.75,22.6,22.31,22.23,21.79,22.42,22.25,22.36,22.51,22.61,24.27,24.44,24.66,25.11,25,24.6,24.9,24.38,24.31,24.36,24.28,23.92,23.4,21.97,22.5,22.44,22.39,21.82,22.27,22.62,25.24,26.31,27.22,26.55,26.8,26.62,27.48,26.96,26.84,27.18,26.81,27.1,27.33,27.57,27.71,28.06,26.93,27.02,27.3,26.62,26.79
SARDAEN,481.7,487.5,493.8,478.6,478.15,482,476.95,474.05,479.9,469.6,473.65,477.8,488.75,478.3,484.45,482.65,482.35,479.15,481.15,467.95,484.75,478.4,471.7,470.65,430.9,423.5,426.15,427,426.85,436.45,437.35,440.35,444.15,431.2,427.25,423.85,449.75,460.45,473.2,446.05,450.85,460.05,459.65,466.25,463.2,446.65,441.8,461.25,458.05,480.65,471.9,482.25,487.4,489.65,474.8,475.35,466.75,453.55,449.4,454.25,465.65,475.9,471.05,502.55,527.45,538.5,541.05,535.6,556.4,539.45,541.75,545.55,534.9,484.15,484.55,506.55,513.9,528.05,536.7,528.9,495.75,455.85,439,418.6,467.65,485.6,486.1,479.1,488.75,506,499.85,493.95,477.25,473.8,462.8,452,442.2,445.35,441.35,433.3,418.05,421.4,442.9,447.45,451.95,454.8,454.75,470,466.45,473.95,468.85,469.4,444.35,430.1,435.4,437.2,437.1,433.95,435.45,438.55,442.35,435.95,449.5,453.65,451.9,448.7,448.95,449.25,450.05,449.9,440.15,431.35,430.25,440.3,438.85,445.15,450.6,443.35,437.2,431.5,434.05,432.5,426.5,423.9,433.2,441.5,452.7,440.9,443.2,444.85,442.95,443,447.45,448.6,452.1,449.55,436.05,431.05,446.05,446.9,447.5,439.3,524.25,540.3,581.75,556.55,534.95,556.65,551.6,558,554.15,581.25,590.55,599.55,599.15,596.8,593.8,592.9,585.1,598.35,601.2,576.8,586.5,559.75,569.4,576.1,584.45,581.55,584.4,589.9,626.15,617.7,602.3,568.6,573.65,584.9,585.15,580.15,583.7,566.4,553.6,539.4,550.75,577.5,584.05,573.05,561.65,571.25,567.65,557.25,541.6,548.9,544.4,528.05,526.25,545.45,535.05,539.2,541.6,544.7,558.85,535.35,529.5,546.15,535.7,527.4,534.85,542.7,527.6,525.55,514.25,518.05,521.65,509.15,503.95,504.35,490.05
GMRAIRPORT,86.2,85.13,85.44,84.56,83.95,83.9,83.44,82.15,80.63,78.82,79.3,79.15,79.04,79.05,77.32,78.56,78.59,78.69,78.68,76.42,76.64,76.81,76.08,74.53,69.7,72.2,74.32,74.68,76.07,76.77,74.36,72.98,73.5,71.49,70.51,71.06,71.26,71.2,72.67,73.48,74.54,75.45,74.68,74.53,73.67,71.91,72.06,72.61,70.48,70.26,70.79,70.27,71.33,69.93,69.63,69.77,69.29,69.47,69.82,71.2,74.15,73.71,72.82,71.79,74.11,73.62,74.33,74.95,76.68,76.65,77.36,77.92,75.68,76.24,75.94,75.73,77.36,78.84,82.7,80.74,82.22,85.38,85.85,85.72,86.03,85.64,86.53,86.75,86.65,87.57,89,85.5,88.17,89.4,87.19,87.22,88.09,86.42,87.02,84.82,84.2,88.06,87.19,87.61,89.14,91.07,87.43,85.81,87.63,88.95,86.86,86.51,86.79,86.28,86.48,84.08,85.54,85.34,83.99,84.91,86.26,86.37,85.08,84.45,81.91,80.9,83.57,82.76,82.75,80.55,80.97,81.39,83.2,83.58,84.87,84.76,85.19,86.01,88.4,88.47,89.91,90.07,91.24,92.8,92.3,90.61,91.66,91.88,93.89,94.68,94.32,93.44,91.92,91.38,91.83,89.93,89.65,90.22,89.84,90.06,89.42,91.47,92.81,91.39,90.63,89.19,89.32,88.26,88.65,90.77,90.2,90.44,91.01,88.96,89.55,88.84,88.7,86.43,86.07,87.03,87.04,87.37,86.55,85.95,86.28,86.82,87.13,87.25,88.13,89.17,92.84,91.88,91.77,92.53,91.17,90.53,89.05,89.12,87.28,86.9,87.2,89.34,89.28,88.7,88.39,87.59,90.71,90.35,89.85,88.84,90.16,90.87,90.15,91.96,92.01,92.31,93.2,92.34,92.69,92.97,94.47,93.97,93.5,95.16,94.45,95.66,95.65,95.49,95.5,95.49,95.67,97.68,103.72,102.92,103.27,104.05,103.76
BRITANNIA,4793,4787.25,4889.5,4828.35,4850.1,4846.5,4776.75,4782.65,4785.75,4698.1,4704.35,4744.1,4761.65,4769.3,4799.45,4762.75,4794.75,4787.8,4834.1,4791.25,4832.25,4859.9,4926.3,4939.2,4927.05,4862.4,4877,4844.55,4854.4,4885.4,4903.85,4956.7,5012.6,5101.55,5176.25,5060.75,5037.05,5075.35,5129.65,5105.55,5028.35,4932.65,4956.05,4870.5,4909.65,4904.05,4918.3,4888.7,4939.65,4963.7,4891.2,4837.5,4832.4,4831.9,4804.3,4798.05,4782.8,4595.45,4596.6,4575.2,4722.15,4702.55,4748.25,4737.7,4762.05,4792.05,4728.25,4768.3,4707.1,4831.1,4814,4796.85,4845.2,4849.7,4841.2,4936.9,4900.8,5037.4,5073.45,5023.4,5055.85,5179.35,5339.45,5350.2,5391.3,5416.2,5454.6,5393.2,5435.5,5544.3,5461.9,5420.5,5428.8,5468.3,5438.9,5307.5,5359,5393.5,5351,5391,5436,5608.5,5485,5484,5465,5501.5,5519.5,5428,5493.5,5437.5,5486.5,5525,5496.5,5473,5495.5,5510.5,5605,5575.5,5542,5600,5607.5,5697,5667,5650,5569.5,5570,5560.5,5568.5,5572.5,5558,5587,5569.5,5617,5708,5828,5794.5,5851,5743.5,5790,5794.5,5771.5,5884,5839,5882,5878,5758.5,5778,5785.5,5786.5,5807.5,5735.5,5681.5,5708.5,5719.5,5673,5594,5624.5,5626,5747,5771,5798,5787,5635.5,5402.5,5476.5,5387,5381.5,5338,5375.5,5302.5,5439,5499,5701,5597.5,5545.5,5550.5,5765.5,5721,5824,5846.5,5891.5,5908,6083,6076,6115.5,6142.5,6199,6300.5,6247,6212,6202.5,6097.5,6100.5,6069.5,6056.5,5934,5970.5,5953.5,5920.5,5929,5991,5966.5,5992.5,6011,5887,5836,5876,5871.5,5862,5800.5,5857.5,6025.5,6083,6070,6075,6068,6053,5912,5861,5852.5,5859.5,5836.5,5820.5,5892.5,6013.5,6157.5,6133.5,5950.5,5880,5851.5,5803.5,5830.5,5840,5874.5,5819,5813,5815.5
FINPIPE,275.85,274.05,273.25,269.25,264.6,261.8,255.6,246.5,248.5,238.5,239.55,241.35,237.4,256.05,243.45,251.55,248.8,248.7,248.6,246.85,240.05,232.65,225.65,219.7,207.2,206.95,209.7,209.55,207.95,210.25,211.25,206.95,211.05,208.8,203,200,204.8,202.15,205.2,201.65,208.21,202.95,200.63,196.98,195.01,191.86,194.71,200.65,190.2,186.54,181.26,186.31,188.93,186.46,182.04,177.93,175.75,170.79,173.67,175.16,180.84,180.48,182.1,178.36,174.42,172.29,174.89,168.3,177.13,175.69,174.97,174.1,185.37,181.12,175.91,180.07,179.93,177.68,178.81,182.16,176.95,175.65,172.92,167.49,171.98,179.88,175.87,175.35,177.69,177.45,175.07,176.22,171.91,177.11,176.66,174.48,177.09,177.39,171.06,179.1,174.4,172.58,184.46,183.37,188.68,190.74,191.57,192.78,188.93,189.98,195.74,208.96,223.51,224.74,222.04,218.2,218.16,216.2,216.46,216.81,214.68,218.11,218.61,221.66,224.77,217.45,222.78,222.53,228.24,232.53,221.25,215.32,213.35,216.05,216.75,217.74,216.92,218.03,216.76,213.18,212.69,211.12,204.97,206.18,204.36,205.27,205.44,204.91,208.32,214.3,214.68,210.98,206.09,201.78,207.93,212.16,208.72,207.57,209.33,212.81,206.26,200.72,197.99,196.94,195.31,189.09,188.98,189.39,191.29,190.64,187.62,198.39,205.82,203.07,208.1,211.72,212.13,209.13,207.82,211.92,214.01,217.01,218.05,218.2,213.73,210.58,209.36,208.97,212.07,215.65,220.76,219.17,217.69,216.2,216.92,216.09,211.49,210.39,212.13,208.23,200.78,200.1,199.4,205.89,199.43,195.56,194.77,194.04,192.94,190.74,190.4,191.8,191.01,190.99,190.96,191.72,189.98,189.07,190.18,190.24,191.01,189.89,188.01,188.08,188.33,182.29,185.26,188.79,187.61,186.21,187.14,188.04,187.03,185.09,183.43,179.95,181.73
TATAINVEST,689.39,689.8,698.56,689.49,687.49,682.86,674.02,672.01,663.96,654.13,652.73,679.87,693.12,683.13,675.04,684.92,684.91,688.95,689.03,665.28,668.44,660.76,655.61,640.13,610.43,620.67,618.3,625.32,632.31,627.35,613.72,615.26,620.51,611.49,591.68,571.65,592.83,596.26,602.54,592.26,596.67,600.94,596.81,589.98,583.1,569.61,540.68,533.79,529.39,522.03,523.45,594.45,608.73,594.12,575.53,616.73,597.22,606.54,593.28,600.66,602.58,619.83,638.48,622.97,612.64,617.37,610.75,618,626.77,622.05,643.39,643.4,636.39,626.34,633.16,631.77,623.21,627.1,626.67,615.03,597.62,611.08,604.79,617.15,622.65,625.85,628.9,640.05,628.15,625.65,625.85,612.85,611.85,606.95,593.55,592.55,600.4,585.9,584.25,587,580.6,602.4,607.95,612.85,617.65,620.9,632.2,618.35,617.3,618.55,626.9,627.15,630.55,643.25,653.9,672.95,678.9,666.45,662.2,663.35,682.8,690.65,733.65,717.45,688.4,679.4,671.5,660.7,652.75,642.4,663.1,665.9,673.15,679.45,678.7,681.05,686.15,686.95,682.4,682.5,674.95,667.4,667.35,664.1,665,660.55,654.1,658.05,659.4,659.1,654.1,675.95,671.6,677.55,675.05,662.35,664.65,671.75,673.1,680.1,678.25,697.6,713.8,708.45,690.25,689.45,689.85,688.95,687.55,687.55,688.75,692.2,693.95,695.4,691.55,699.65,688.1,683.45,681.55,681.65,682.65,680.25,674.75,675.85,672.45,669.15,676.05,686.05,687.7,689.2,703.9,704.15,750.25,733.35,728.1,813.8,886.35,837.2,866.6,884.3,1033.05,1058,1000.2,994.7,920.5,924.6,902,929.5,992.2,1035,941,906,889,805,875,827,839,837,821,812,802,799,798.7,786.15,766.25,781.25,781.6,778.7,776,777.3,779.2,775.25,767.5,762.35,759.05,750.85,736.65
ADANIPOWER,107.18,105.36,103.85,107.97,107.32,105.98,104.92,104.23,101.66,99.58,100.82,99.2,101.43,101.35,107.89,105.89,105.33,104.36,104.09,99.66,101.97,100.99,99.58,96.46,89.98,107.4,109.89,112.6,110.26,108.76,105.75,105.09,104.36,102.97,99.38,99.44,104.55,101.76,102.64,100.45,101.27,101.08,100.69,98.82,98.28,99.63,100.35,99.63,97.73,98.05,96.95,96.51,96.86,95.73,94.02,99.56,99.45,95.79,96.63,96.65,101.11,100.63,101.23,101.01,102.03,102.47,102.4,101.91,103.23,104.2,103.93,104.42,104.79,101.54,99.57,103.98,101.86,100.94,102.71,105.77,106.51,101.99,102.71,101.69,103.65,108.44,109.11,109.94,113.81,114.67,115.88,115.17,109.87,110.55,109.73,106.41,105.04,111.29,107.21,106.39,104.04,102.4,109.31,107.75,107.96,108.62,113.1,112.45,111.24,110.25,110.74,110.64,111.72,110.51,110.14,110.39,108.76,111.02,108.92,109.03,109.53,111.05,112.62,119.21,117.41,113.43,114.18,112.59,111.64,110.16,107.3,106.05,107.6,109.37,111.4,115.63,116.87,117.15,118.28,118.28,117.58,116.96,119.43,120,120.43,121.16,120.79,121.91,121.62,120.97,119.73,118.93,119.32,118.11,117.79,117.15,114,114.13,118.51,117.94,117.62,113.4,116.8,115.9,113.49,115.79,115.38,118.78,118.3,117.12,116.81,119.75,121.2,119.99,119.24,118.86,121.13,118.42,118.99,120.13,121.37,121.67,121.86,121.74,121.94,126.77,128.73,126.89,124.93,129.71,128.83,127.47,126.1,126.27,141.88,170.25,162.35,144.5,149,146.25,146.65,144.65,152.51,147.38,151.99,151.48,148.78,148.91,149.7,154.43,154.9,157.51,157.37,165.98,170.3,170.78,165.26,167.72,162.96,162.33,162.1,162.57,157.85,156.73,158.39,153.17,151.48,150.06,151.17,151.98,151.85,153.91,153.28,149.55,151.61,151.46,149.12
SYNGENE,867.9,881.05,904.75,870,868,858.95,860.2,859.45,849.95,844,842.6,847.2,846.6,850.35,858.95,858.45,879.25,873.65,856.85,862.2,877.8,871.05,877.1,859.8,822.75,827.5,820.35,816.95,819.55,821.7,832.15,828.15,847,796.1,765.45,744,759.35,759.7,746.65,742.1,740.05,746.1,746.35,744.85,736.3,722.15,709.45,702.3,690.35,700.9,700.4,704.35,714.6,713.75,700.8,688.9,677.3,652.4,651.55,654.2,677.25,688.55,679.65,677.65,681.8,676.6,666.2,682.8,706.05,704.45,716,720.1,714.25,720.2,719.55,726.2,718.15,724.15,747.15,724.65,697.1,695.1,691.7,701.8,721.4,729.15,727,724.6,735.7,749.15,653.4,630.1,616.95,628.9,634.05,627.95,629.2,618.75,621.2,610.7,614.1,625.6,629.45,640.85,638.35,645.4,642,628.5,639.35,635.1,637.25,650.15,654.15,650.25,647.75,646.55,649,641.05,647.4,646.7,646.05,656.45,658.2,662.55,663.15,653.1,660.35,649.15,644.55,627.25,631.2,636.05,638.85,651.4,645.7,642.65,638.9,636.6,638.75,640.35,644.2,635.25,632.6,639.2,634.3,626.15,636.3,655.35,667.75,670.4,657.25,671.05,676,680.75,669.75,681.1,690.5,711.4,722.05,714,703.25,704.75,697.8,671.55,673.2,655.25,642.6,648.95,659.15,667.6,663.65,683.05,667.45,667.8,667.4,667.7,648.8,629.2,625.9,635.15,635.65,651.9,656.8,648.4,649.5,644.6,652.55,661,664.15,670.8,657.25,651.2,657.95,665.45,655.3,643.65,641.15,636.9,609.45,614.3,622.85,631.6,635.5,634.5,632.7,630.65,638.6,651.3,633.9,625.65,628.1,640.4,638.65,643.9,641.85,661.25,659.85,660.4,657.5,659.25,650.65,650.1,657.8,646.55,620.6,616.3,630.2,644.9,663.85,662.1,654.4,652.15,643.1,634.85,634.6,629.25,639.7
CENTURYPLY,785.65,799.1,814.15,852.65,839.7,824.15,814.9,805.1,796.25,769.85,759.8,766.35,756.55,752.95,715.2,738.35,797.6,853.9,863.55,809.7,840.2,823.15,827.85,790.7,752.75,761.5,770.6,778.65,793.6,792.65,818.65,810.9,814.1,799.15,776.05,775.35,786,788,804.65,830.55,845.9,868.2,861.05,865.75,829.65,803.55,794.4,773.55,751.4,727.35,719.25,724.05,747.75,771.45,765.25,756.95,752.9,721.45,717.65,704.05,704.9,735.95,738.45,739.6,724.85,709.9,705.95,682,704.25,712.85,704.2,726.8,718.85,715.85,706.85,695.8,708.95,699.3,706.35,718.8,696.4,667.5,680.1,681.75,696.9,729.4,728.65,722.3,724.75,740.55,731.7,729.5,718.95,727.95,727.6,698.05,692.65,706.45,708.05,701.4,692.1,675.3,710.4,715.2,732.95,737.45,736.15,738.15,737.7,746.5,754.8,761.2,767.25,756.3,775.25,797.7,777.9,781.15,782.95,787.15,784.75,789.2,773.85,774.25,771.95,760.1,775.6,759.7,751.8,750.1,746.55,741.9,735.2,732.8,737.2,739.55,777.7,760,750.15,738.8,735.6,734.6,736.55,740.8,740.1,734.7,730.7,734.25,731.2,724.45,727.55,720.35,729.75,729.6,728.35,744.55,743.05,735.7,731.55,733.3,731.5,739.8,753.6,749.65,749.2,738.25,738.4,736.1,723.65,726.45,728.45,760.5,758,739.2,740.6,737.6,737.35,739.6,730.95,746.4,765.15,774.25,779.9,788.2,803.8,795.75,788.2,790.15,809,815.35,810.2,811.9,810.55,805.45,815.1,808.65,810.2,810.9,809.35,798.85,786.75,813.1,801.6,807.95,816.25,817.1,820.1,786.8,770.1,746.4,727.15,741.75,758.3,751.4,755.3,747.25,740.1,741.75,744.1,749.4,753.25,755.9,754.45,754.65,757.95,756.6,748.35,749.85,743.75,763.75,799.45,792.4,786.65,780.85,778,770.55,750.55
NAVA,521.88,515.95,510.75,507.75,500.8,508.03,512.88,505.93,507.3,496.9,492.48,496.6,493.9,498.55,493.15,494.23,500,501.03,486.2,457.75,479.13,470.13,462.03,445.1,420.88,425.63,436.93,441.15,433.85,873.5,425.9,422.45,443.95,436,414.9,405.5,436.55,432.9,441.45,430,430.8,432.7,440.5,424,403.75,384.55,382.95,373.8,364.1,394,378.35,423.25,416.5,406,401.95,414.25,414.2,397.9,386.8,383.1,415.35,440.65,439.45,425.3,416.95,409.55,404.3,420.8,446.45,466.3,477.75,485,470.25,492.1,495.35,518.75,527.55,525.4,524.95,495.35,462.95,467.6,456.35,485.45,490.65,482.55,470,481.95,486.15,492.6,469.55,479.15,473.9,477.75,454.95,460.1,461.7,433.8,440.1,432.45,430.45,464.2,471.9,464.95,472.4,474.05,460.7,452,460.35,460.6,454.6,454.15,453.35,458.75,473.9,492.4,484.8,489.35,529.8,530.75,522.95,528.85,521.5,527.65,560.25,554.7,573.75,565.4,551.85,545.6,566.6,584.75,571.25,593.95,591.9,604.75,606.75,593.05,598.5,613.45,611.3,596,585.8,595.6,595.15,590.65,604.45,603.95,612.05,615.95,609.25,606.65,610.9,630.65,632.55,612.2,600.65,603.65,610.1,629.55,620.9,619.7,614.05,607.45,607.3,606.35,625.85,622.25,615.35,581.6,579.15,592.1,597.35,675.25,671.85,672.05,659.8,656.2,687.6,711.4,704,704.25,681.6,678.65,686.55,701.05,693.35,704.25,703.85,704.95,714.5,705.5,714.6,717.3,709.55,710.35,703.1,693.75,683.15,666.45,650.95,646.25,652.15,642,637.3,624.4,626.15,624.45,622.3,608.65,611.25,612.45,613.25,608.25,610.65,607.8,605.2,613.05,617,625.05,619.45,618.8,608.1,608.15,595.35,573.1,542.8,558,545.15,542.75,549.25,551.4,546.9,535.85,543.3,529.65,506
RITES,303.4,297.6,303.55,298.75,296.45,302.15,300.25,297.35,293.05,281,280.7,280.15,278.6,279.85,267.15,291.65,295.2,292.9,295.2,284.15,284.65,279.6,274.55,267.1,257.7,260.25,262.35,270.35,274,274.65,266.55,264,264.55,259.45,254.6,248.85,252.2,258.35,260.85,232.4,232.65,236.1,234.4,232.3,227.7,220.1,218.2,213.8,206.8,207.85,204.4,213.25,221.4,218.15,214.7,216.1,212.85,204.55,198.47,202.61,209.37,212.8,219.3,215.15,215.65,211.96,209.96,212.03,228.65,226.55,239.52,255.62,246.85,234.63,230.64,223.37,230.19,231.56,231.88,222.83,213.32,218.05,215.56,223.23,232.01,232.72,233.75,242.82,240.67,241.81,239.28,229.96,234.06,231.45,225.12,224.87,227.79,221.4,222.72,219.47,216.31,230,233.11,245.73,248.26,286.99,294.93,275.45,277.09,273.52,273.59,276.96,276.53,287.69,284.93,277.44,279.3,280.05,295.55,309.2,300.15,302.25,301.6,304.25,289.4,289.8,288.2,281.45,280.95,270.5,272.7,275.35,275.9,279.2,278.95,280.1,280,279.05,295.1,285.85,284.95,281.9,280.55,279.8,280.2,278.25,278.95,279.9,278.65,277.55,275.1,275.7,274.65,273.4,273.65,264.6,263.25,262.8,260.55,256.75,252.05,258.9,257.85,256.5,250.9,247.05,250.3,248.9,250.4,250.5,251,258.2,257.35,259.35,256.05,252.1,250.25,244.35,243.95,258.48,264.18,262.64,257.62,262.19,261.44,269.87,269.23,263.93,267.9,275.14,275.14,272.93,270.56,272.47,264.52,260.91,258.28,252.3,248.31,248.07,246.04,251.8,253.96,251.98,256.62,253.8,252.16,254.52,252.14,249.56,250.26,251.65,248.38,247.97,248.28,248.39,246.63,245.69,244.15,247.53,247.86,245.48,247.88,248.07,244.85,242.49,243.07,247.76,249.04,245.25,246.32,252.5,251.39,249.69,247.61,246.83,245.32
POONAWALLA,359.85,358.9,364.35,358.25,349.95,344.95,340.8,329.85,324.4,318.85,318.3,321.95,320.45,320.65,315.35,314.35,314.1,321.45,319.6,313.3,316.6,321.8,313.45,308.25,302.25,308.85,310.25,311.25,314.05,319.25,323.85,327.1,332.8,317,309.55,308.7,314.9,308.6,310.4,308,312.95,317.2,318.7,316.7,309.4,299.65,291.5,298.7,286.55,285.3,290.6,285.6,290.35,290.6,282.95,276.2,282.95,281.3,273.8,276.25,285.25,286.25,288.45,289.05,283.85,282.85,281.35,306.25,323.6,318.2,334.8,347.3,346.55,342.25,338.6,350.45,349.4,348.25,362.5,353.05,345.6,354.5,352.25,366.3,382.25,383.8,384.65,396.65,407.65,402.7,396.35,380.4,385.65,383.8,375.25,378.15,387.9,369.55,383.25,371.2,372,385.55,383.3,390.35,389.9,395.15,395.25,392.05,397.2,395.55,397,396.3,400.25,401.1,403.65,403.75,407.3,402.45,401.65,405,421.1,431.25,426.75,426.4,422.8,416.6,420.15,420.9,419,411.7,414.9,437.55,444.05,438.7,449.65,455.75,466.05,464.05,464.55,466.4,472.55,468.3,470.15,468.75,467.3,454.8,454.55,454.1,453.4,447.8,452.2,458.85,452.4,446.45,432.45,413.3,420.65,415.65,414,422.25,419.35,431.1,438.4,440.4,444.5,434.3,442.45,446.75,451.75,455.75,467.9,469.75,462.8,450.75,465.5,467.7,452.7,429.6,431.55,428.7,425.75,442.95,432.75,431.6,428.9,430.9,450.45,438.4,439.45,439.15,441.85,447.1,502.1,500.25,484.45,482.95,485.5,493.45,485.25,501.5,497.6,502.25,524.4,531.45,537,526.55,530.85,529.15,528.35,517.2,542.5,539.4,526.4,511.9,514.9,489.65,484.55,490.4,493.45,487.8,483.05,481.85,474.6,472.65,462.9,463.6,458.55,468.45,489.3,478.95,469.2,469,465.5,468.6,468.45,470.2,456.4
NAVINFLUOR,3533.1,3647.5,3593.1,3574.15,3557.6,3511.6,3466.5,3467.8,3388.75,3305.85,3315.6,3377,3326.3,3312.65,3217.5,3245.8,3280.25,3301.7,3359.65,3346.9,3478.3,3493.15,3824.55,3630.95,3617.85,3631.85,3714.4,3767.6,3755.1,3777.15,3797,3687.35,3772.45,3709.45,3604.2,3562.35,3740.2,3908.25,4148.7,4173,4206.05,4252.45,4247.4,4221.45,4208.75,4064.5,4101.05,4108.45,4016.1,4108.1,4085.05,4044.05,4045.55,4033.9,3911.1,3809.6,3773.7,3762.25,3826.85,3900.35,4055.75,4120.5,4077.6,4080.5,4122.45,4107.9,4126.9,4150,4162.6,4072.4,4168.45,4246.7,4196.9,4206.45,4196.2,4215.2,4210.85,4198.25,4246.75,4193.4,4071.15,3879.85,3848.6,3979.4,4099.4,4176.9,4270.9,4245.4,4213.9,4275,4311,4340.1,4448.7,4448.6,4513,4521.6,4538.6,4650,4623.8,4667.5,4548.2,4595.1,4433.1,4329.9,4277.7,4291.6,4242.1,4309.1,4316.1,4268,4321.2,4287.7,4274.4,4249.9,4294.1,4312,4261.2,4395.4,4411.3,4428.9,4478.9,4433.6,4409.9,4377.3,4406.9,4530.9,4543.9,4513.4,4703.4,4740,4638.3,4685,4640.1,4613,4704.1,4684.5,4826.8,4820.1,4887.7,4876.6,4875.5,4933.2,4886.2,5040.1,5110,5004.3,5073.2,4979,5080.6,4962.7,4968.4,4869.3,4969.5,4993.4,5053.3,5077.6,5003.4,5102.5,5148.8,5189.6,5047.8,5011.5,5100.5,5176.5,5055.5,4951.5,4813.5,4824.5,4895.5,4918.5,4998,5042.5,5030.5,5010.5,4990,5030.5,4999,4796,4707,4687.5,4674.2,4755.3,4842.9,4768,4663.4,4675,4770.7,4777.7,4762.8,4791,4782,4864.8,4969,4894.3,4793.8,4713.3,4691.7,4629.8,4749.1,4573.2,4552.2,4621.5,4630.1,4599.9,4574.2,4572.1,4658.2,4586.6,4741.1,4809.7,4895.9,4884.2,5057.7,5108.8,5153.9,5186.5,5051.4,5056.5,5046.7,4998,4978,4976.8,5687.4,5905.5,6055,6081,5969,5993.5,6024,6022.5,6038,6021.5,6003,6026.5,6023,5979,5973
NMDC,80.51,81.32,80.38,80.26,77.91,77.55,75.84,71.21,71.37,71.05,71.35,70.81,71.48,69.32,66.88,65.92,65.98,67.69,67.66,64.9,65.97,66,64.77,63.04,60,63.36,63.21,65.68,66.63,67.11,66.3,65.69,68.09,66.77,64.43,63.89,65.76,65.04,66.1,62.29,63.99,65.14,65.13,66.66,64.12,61.5,62.91,63.18,61.93,62.56,63.07,64.95,67.12,67.73,66.06,64.81,65.19,62.48,63.06,62.27,65.44,66.9,67.13,65.93,65.18,64.79,63.8,65.15,66.77,68.78,68.79,67.51,69.53,68.19,67.75,68.55,68.89,69.77,70.21,70.43,65.02,61.3,61.57,61.31,62.91,65.14,65.74,65.87,67.83,67.96,68.11,68.02,64.95,65.71,65.57,64.79,65.24,65.95,64.36,65.74,63.79,64.29,68.08,67.21,70.04,70.06,70.27,70.26,69.28,70.15,71.19,72.49,73.24,72.74,70.86,72.29,71.17,70.77,70.69,70.35,70.8,72.49,74,74.33,73.95,72.42,70.37,70.51,68.63,68.5,67.04,67.94,68,69.47,69.02,70.55,69.91,70,67.95,68.02,69.06,68.78,68.29,68.29,67.9,68.69,69.05,69.07,67.98,68.64,69.56,71.44,71.91,72.14,72.98,72.75,71.65,71.02,71.8,72.06,70.79,70.46,71.82,71.92,71.86,71.5,71.07,70.65,70.94,72.58,69.4,69.58,70.72,71.82,71.36,70.16,70.68,69.88,68.73,68.8,69.62,72.8,74.29,73.43,74.53,74.51,74.66,75.28,75.87,76.47,75.51,75.44,75.69,76.73,76.53,76.86,78.1,77.2,76.38,74.99,75.03,76.35,76.16,77.1,76.06,76.09,76.23,78.8,77.13,77.15,76.13,76.71,75.88,74.91,75.24,75.61,74.19,74.19,74.37,74.63,76.7,75.89,75.79,75.92,74.27,73.12,74.24,75.08,75.79,77.18,77.39,76.55,76.54,75.72,75.26,74.46,73.51
AIIL,1707.25,1796.45,1847.75,1881,1830.15,1827.55,1775.75,1772,1756.05,1696.1,1667.6,1670.8,1681.4,1707.9,1712.15,1704.7,1886.6,1901.8,1948.2,1874.95,1936,1896.4,1850.85,1862.1,1744.95,1715.75,1773.3,1832.3,1750.8,1884.9,1830.25,1785.7,1812,1760.55,1707.5,1631.25,1700.2,1641.4,1688.1,1694.75,1739.25,1773.35,1813.25,1800.45,1804.75,1759.2,1679,1696.95,1642.4,1600.3,1527.75,1485.65,1521.8,1528.9,1500.85,1502.4,1500.1,1409.6,1576.35,1512.8,1518,1516.75,1510.15,1468.7,1456.05,1467.35,1466.9,1494.55,1540.65,1597.45,1552.1,1579.95,1565.45,1536,1651.55,1730.45,1778.5,1794.3,1778.4,1684.35,1513.4,1642.4,1559,1609,1664.2,1722.4,1770,1823.2,1859.9,1864.9,1786.3,1724.6,1785.4,1797.7,1722.1,1795.8,1854.9,1786.8,1778.9,1751.8,1745.4,1866.6,1935.5,2135.6,2147.8,2150.2,2171.3,2221.5,2215.7,2201,2223.4,2205.3,2225,2322,2331.1,2379.2,2387.5,2473.6,2525,2472.5,2495.1,2499.9,2494.4,2536.4,2497.8,2448.8,2483.4,2436.7,2541.1,2549.8,2587.9,2599.8,2664.9,2719.7,2646.4,2620.5,2630.7,2492.4,2500,2683.6,2567.9,2671.3,2669.6,2694.5,2674.3,2628.6,2612.7,2754.8,2692.1,2793.5,2804.8,2885,2888,2889,2808.1,2740.8,2684.1,2825.6,2838.6,2776.2,2756.3,2793.2,2876.2,2900.1,2868.4,2843.6,2877.6,2879.4,2987.6,2897.7,2967.3,2909.8,2860.6,2903.7,2983.1,3042.1,3125.7,3196.4,3232.9,3219.8,3179.7,3167.3,3096.7,3089.2,3052.3,3111.3,3113.4,3099.3,3134.8,3276.9,3284.6,3275.6,3197.8,3160.4,3035.1,3014.9,3059.5,3002.6,2965.5,3007.3,3082.2,3086.3,3191.1,3204.4,3250.1,3290.1,3288.7,3299.5,3180.9,3134.3,3249.7,3237.9,3162.2,3161.4,3190.9,3097.8,3032.6,3045.6,3003.4,2974.5,2919.1,2908.1,2840.2,2867.8,2800.7,2800.1,2736.7,2739.7,2798,2854.1,2774.4,2783.8,2794.9,2726,2705.7,2671.6,2737
KPIL,1282.9,1284.4,1311.7,1282.65,1303.9,1323.25,1339.4,1314.35,1299.45,1275.95,1272.05,1259.8,1287.3,1314.75,1275.7,1297.2,1313.65,1276.1,1281.85,1237.75,1259.3,1245.4,1247,1203.65,1171.35,1165.95,1177.8,1203.45,1178.6,1190.2,1125.7,1111.3,1106.1,1055.1,1020.85,1015.95,1047.95,1027.75,1058.65,999.6,1019.4,1040.35,1051.45,1040.65,1035.65,991.3,965.1,982.25,879.55,923.3,902.95,940.8,926.45,919.6,927.9,903.95,901.05,879.15,840.55,843.95,898.4,917.05,931.2,907.9,875.4,878.45,856.65,872,904.7,924.55,939,973.55,980.4,1016.9,1008.8,982.9,974.5,983.2,971.1,959.85,931.5,868.75,876.85,887.6,896.3,938.9,931.9,934.25,1011.3,996.15,988.7,989.15,945,947.55,966.6,972.1,966.95,963.95,922.5,973.45,946.9,919.6,979.3,1003.5,1019.35,1061.4,1093.8,1116.3,1112.45,1086.05,1104,1106.5,1117.75,1116.75,1126.65,1116.95,1138.75,1150.5,1178.6,1169.9,1149.8,1149.8,1187.6,1169.4,1179,1166.2,1161.1,1175.6,1203.6,1201.2,1192.2,1160.2,1189,1180.7,1230,1226,1227,1227.2,1202.8,1195.9,1198,1192.9,1179,1189.5,1200.3,1199.2,1191.7,1198.8,1215.9,1197.3,1190.2,1196,1185.2,1186,1197.8,1194.6,1152,1139.7,1132.4,1123.9,1147.4,1121.2,1124.8,1130.9,1115.8,1112.9,1183.6,1237.8,1228.4,1233.4,1232.1,1273.3,1274.8,1278.2,1295.2,1300.1,1288.2,1263.2,1269.3,1249,1239.8,1223.5,1272.4,1261.4,1264.3,1263.4,1270.6,1260,1292.9,1293.8,1301.2,1284,1271.2,1266.2,1269,1242.7,1251.4,1261,1255.1,1241.3,1226.8,1254.8,1244.3,1248.9,1252.1,1272.8,1244.4,1253.7,1249.8,1259,1272.4,1252.8,1279,1269.7,1262.6,1268.6,1261.7,1250.8,1234,1269.3,1258.8,1262.4,1256.4,1273.3,1314.5,1304.4,1295.9,1276,1252.7,1263.2,1240.2,1253.2,1251.5,1213.7,1233.5,1230.7,1229.4
WELCORP,805.2,796.7,802.95,797.4,788.6,802.3,791.9,787.9,777.7,776.35,768.85,792.2,798.3,810.2,804.95,813.8,812.7,820.5,814.35,774.2,797.2,789.8,774.35,755.5,720,731.15,760.4,766.7,779.65,798.45,792.65,779.75,802.85,789.05,740.65,717.7,742.95,721.75,742,715.5,720.35,732.4,748.3,801.75,777.15,778.4,777.55,793.25,737.5,734.75,709.8,726.9,769.05,778.4,765.75,762.35,757.4,736.9,697.95,708.65,757.85,783.45,795.25,793.15,816.4,820.4,810.1,809,809.25,809.8,872.1,879.4,868.2,829.2,826.9,871.9,869.8,848.2,849.35,858.6,808.4,792.7,768.75,751.05,758.5,776.9,797.2,779.15,786.75,777.6,768.9,785.95,756.8,778.6,770.45,767.5,764.2,767.25,758.5,760.45,748.9,727,760.3,767.05,773.4,786.55,781.9,788.75,775.45,773.5,766.75,762.05,776.45,783.5,813.65,895,935.55,933.95,920.6,911.45,962.35,966.3,955.25,965.9,954.8,924.5,905.5,914.75,913.6,913.95,886.85,915.1,886,912.7,936.75,937.75,940.4,924.5,911.65,937.9,922.5,931.25,922.35,914.9,936.15,933.85,910.95,921.1,905.9,908.4,931.9,923.5,931.75,915.05,918.65,897.5,886.9,863,924.55,941.6,930.9,897.5,886.35,875.85,872.9,872.8,869.65,863.4,876.65,886.35,882.25,879.8,879,872.7,895.15,889.6,888.3,874.35,874.2,842.4,848.45,824.3,852.4,847,849.15,858.9,885.15,883.35,870.05,879.75,923.8,905.35,890.55,895.45,903.8,892.35,883.15,879.7,872.95,860.9,846.1,857.35,855.35,864.15,852.55,871.7,854.85,851.95,848.25,845,825.05,825.1,836.2,829.35,832.85,850.2,844.4,834,873.05,886.4,906.95,926.15,965.75,952.85,924.85,894.45,906.6,912.55,920.6,913.8,928.15,918.5,906.75,903.2,896.75,883.15,867.9
KARURVYSYA,201.87,202.3,198.92,198.38,198.01,197.1,194.89,192.76,190.4,184.13,180.91,180.4,179.97,185.62,177.98,180.94,188.03,185.66,185.51,181.62,181.7,176.9,176.08,174.63,173.84,180.78,177.03,183.95,181.8,187.23,189.85,186.52,194.5,188.5,185.81,187.42,190.23,194.87,198.52,194.63,195.3,192.75,194.97,197.19,193.43,189.25,187.11,187.64,186.33,182.43,181.96,179.42,182.25,177.79,176.26,174.66,174.85,167.59,166.64,162.24,166.33,170.08,170.03,166.35,164.85,160.73,155.59,166.29,167.62,169.77,174.77,174.25,175.82,174.68,174.29,174.37,178.41,177.46,179.15,180.75,170.11,175.62,169.93,174.58,175.91,182.05,185.51,187.19,188.48,184.97,185.38,179.98,181.92,181.39,181.81,179.67,177.51,175.38,177.68,174.82,173.92,176.03,182.77,185.15,183.77,188.13,187.89,190.19,188.78,184.91,188.5,191.35,188.98,185.29,184.59,184.74,199.72,196.37,191.26,192.98,198.36,197.61,197.74,199.63,200.71,206.48,207.13,205.66,206.23,202.83,206.06,204.74,207.19,206.73,208.18,214.09,222.95,228.29,227.54,220.5,226.25,224.67,226.29,226.46,226.54,224.29,225,226.42,228.33,225.42,223.5,224.79,225.88,226.08,225.58,217.17,216.67,216.71,215.71,219.67,216.42,219.67,216.88,218.17,217.96,219.08,218.13,215.29,213.71,214.29,219.96,219.04,216.21,215.17,215.17,219.96,216.1,212.25,214.05,209.1,210.01,208.31,202.96,206.1,205.65,204.82,206.49,209.61,210.76,209.21,211.59,215.91,218.93,217.18,212.85,213.43,212.29,209.88,205.64,213.88,210.91,210.61,209.18,217.32,218.57,225.11,222.36,226.59,225.95,221.18,222.52,226.5,227.39,241.31,244.84,246.17,243.05,249.75,248.97,248.67,245,243.15,251.8,250.96,246.71,249.12,247.64,245.81,250.02,251.84,249.6,252.78,253.39,253.7,248.03,247.07,243.52
CARBORUNIV,1366.45,1339.05,1383.75,1360.75,1344.85,1335.2,1324.3,1318.35,1322.9,1315.3,1278.1,1291.35,1270.4,1283.95,1257.55,1279.65,1296.6,1303.8,1299.7,1246.3,1272.05,1244.65,1263.05,1251.9,1225.35,1238.45,1230.9,1249.6,1222.5,1228.25,1203.95,1195.45,1206.4,1184.75,1153.7,1144.7,1163.25,1169.8,1186.7,1149.85,1120.6,1105.7,1110.45,1106.1,1048.5,1034.8,1017.85,1027.8,1014.55,980.55,911.9,898.25,916,899.45,879.75,864.75,845.6,831.65,844.45,890.7,909.8,921.95,921.25,948.5,988.15,962.45,955.65,986.3,976.55,977.85,1022.2,1013.1,999.5,977.9,963.7,1014.15,997.95,1010.3,1018.4,992.5,951.6,953.35,940.5,955.35,990.9,1007.7,1016.8,1040.4,1058,1076.6,1049.8,1026,1025.9,1040.3,1022.2,1008.8,1016.7,989.4,961.3,971.2,964.5,998,984.6,962.6,983.9,983.5,1001,1016.1,1010.1,997.9,1001.5,1001.8,998.8,994.2,987.3,991.8,979.15,976.2,962.15,954.9,949.5,951.5,949.85,953.45,932.6,950.55,938.7,937.15,936.5,929.05,937.8,930.55,949.4,978,962.4,962.9,965.45,997.15,999.35,991.5,998.45,983.7,989.2,997.8,997.5,972.65,993.4,985.5,999.65,994.7,987.6,992.15,979.75,977.15,982.55,959.15,934.1,928.15,954.8,930.6,925.95,917.5,905.3,885.1,855.8,841.3,849.25,847.45,845.55,851.2,874.9,870.05,990.25,945.5,926.65,929.4,903.3,903.2,911.6,933.3,939.75,947.3,946.75,945.95,965.4,973.9,982.6,986.05,993.1,979.3,1001.6,995.45,987.35,958.7,951.3,972,955.1,951.05,919.9,911.9,924.65,916.45,937.4,918.6,919.3,917.8,914.05,937.55,928.2,914.15,909.05,916.55,904.25,892.65,909.85,906.65,897.3,908.25,908.3,932.15,925.3,900.5,909.45,895.9,887.35,916.2,911.8,891.65,889.05,893.85,885.3,873.2,857.65,839.55,833.9,817.8,832.4
SCHAEFFLER,3646.6,3636.4,3662.3,3649.65,3580.2,3487.9,3372.05,3379.9,3341.55,3305.85,3314.55,3331.1,3411.7,3443.6,3396,3405.8,3458,3466.15,3465,3457.95,3500.35,3525.5,3441.1,3323.15,3185.6,3249.4,3230,3282,3227.1,3238.8,3261.95,3264.6,3341.95,3212.1,3146.4,3121.5,3176.7,3332.45,3425.8,3300.65,3320.05,3388.5,3368.15,3279.1,3234,3095.35,3021.75,3021.15,2931.9,2942.1,3097.7,3057.7,3120.85,3198.55,3090.75,3114.05,3076.95,3061.25,3087.25,3212.7,3239.75,3252.6,3274.9,3278.9,3237.55,3308.75,3347.55,3375.2,3469.65,3524.3,3649.15,3571.4,3493.4,3504.65,3409.1,3376.4,3254.35,3301.75,3287.25,3133.3,2994.9,3070.85,2983.25,3042.65,3137.6,3195.2,3262.5,3290.1,3336.2,3281.6,3308.5,3194.2,3287.8,3282.8,3472.9,3549.4,3573.1,3575.8,3621.4,3692.7,3701.5,3731.6,3951.9,3929.7,3939.9,4085.3,4140,4033.3,4096.5,4079.5,4030,4001,3994.1,4007.4,4121.2,4188.7,4138,4110.2,4213.9,4315.8,4269,4222.8,4199.4,4188.4,4189.5,4137.3,4018,4011.5,3977.4,3861.8,3926.4,3900.2,3927.1,3930.4,3890.6,3897.3,4047.3,3962.1,4037.4,4015.5,3932,3987.6,4201.9,4235,4223.5,4155.4,4224.6,4236,4180.4,4172.5,4202,4282.2,4281.2,4215.8,4160.5,4033,4059.6,4046.6,4068.3,4121.7,4100.8,4058.1,4151.7,4074.3,4003.4,3903.9,3870.2,3870.3,3913.5,3858,3921.4,3939,3958.5,4015.7,3947.6,3959.8,3942,3876.1,3867.4,3882.3,3857.1,3858.8,3812,3781.8,3847.8,3897.3,3951.3,3969.8,3953.3,4014.6,4057.9,4135.4,4137.6,4140.3,4138.7,4119.4,4085.6,4100,3992,4141.1,4208.8,4182.5,4286.2,4214.8,4284.5,4225.5,4177.4,4115.6,4020,3962.6,3978.6,3932,3877.5,3860.1,3927.9,3907,3910.9,3928.3,3871.8,3947.4,3929.5,4021.4,4278.7,4137.8,4122,4078.4,4106.4,4073.8,4165.5,4133.1,4086.1,4163.2,4140.5,4108.8,4054.5,3970.3,3974.4
NESTLEIND,1114.43,1107.22,1120.53,1112.03,1126.75,1119.38,1101.47,1094.03,1080.2,1081.75,1075.8,1083.35,1074.95,1082.8,1079.95,1085.03,1084.63,1100.1,1116.35,1092.5,1106.33,1109.95,1128.03,1123.95,1118.68,1109.53,1099.83,1084.65,1108.6,1107,1098.22,1103.9,1099.47,1103.95,1087.38,1078.15,1090.35,1108.68,1156.6,1158.55,1149.72,1124.47,1119.72,1112.55,1110.53,1097.75,1096.88,1088.78,1097.93,1108.25,1111.2,1102.47,1103.38,1107.47,1110.2,1125.2,1139.1,1094.83,1092.78,1073.25,1098.5,1100.6,1119.22,1124.2,1125.7,1097.75,1095.97,1087.18,1101.03,1092,1110.78,1134.43,1131.78,1127.43,1121.72,1121.03,1125.38,1117,1105.35,1122.83,1131.08,1124.5,1137.7,1172.43,1180.7,1183.95,1191.65,1208.3,1199.7,1203.65,1216.7,1216.6,1206.75,1203,1193.75,1194.1,1168.85,1164.1,1178.25,1169.2,1170.35,1162.7,1191.9,1185.1,1185.2,1199.05,1204.4,1203.9,1179.25,1196.3,1180.85,1207.2,1227,1230.45,1209.5,1217.5,1198.1,1203.15,1195.7,1198.75,1200.65,1208.6,1207.65,1215.7,1209.6,1192.8,1188.4,1194.9,1181,1170.4,1159.45,1180.2,1179.55,1182.9,1202.2,1215.7,1229.35,1232.65,1205.05,1194,1194.2,1196.4,1211.05,1208.95,1213.9,1200.7,1201.75,1196.45,1208.15,1230,1224.55,1236.1,1236.3,1221.75,1226.25,1161.05,1137.3,1114.65,1111.85,1115.75,1123.85,1138.25,1138.7,1133.65,1116.65,1117.3,1096.5,1105,1091.1,1096.9,1089.4,1144.1,1161.4,1190.3,1179.4,1162.9,1153,1162.2,1162.4,1156.2,1174.4,1200.9,1194.8,1212.6,1208.5,1187.7,1202.2,1217.5,1220.8,1217.6,1212.5,1204.2,1204.3,1209.1,1194.5,1188.3,1168.4,1178.6,1173.5,1162.6,1152.5,1152.9,1166.4,1169.9,1181.7,1176.8,1180.5,1187.8,1199.5,1188.1,1175.5,1221.4,1276.6,1289.5,1285.4,1287.3,1272.8,1282,1283,1271,1273,1279.9,1271.6,1266.7,1265,1266.1,1262.7,1262.9,1268.1,1278.2,1275.2,1271.6,1270.3,1265.1,1279,1279.2,1280.7
NESTLEIND,1114.43,1107.22,1120.53,1112.03,1126.75,1119.38,1101.47,1094.03,1080.2,1081.75,1075.8,1083.35,1074.95,1082.8,1079.95,1085.03,1084.63,1100.1,1116.35,1092.5,1106.33,1109.95,1128.03,1123.95,1118.68,1109.53,1099.83,1084.65,1108.6,1107,1098.22,1103.9,1099.47,1103.95,1087.38,1078.15,1090.35,1108.68,1156.6,1158.55,1149.72,1124.47,1119.72,1112.55,1110.53,1097.75,1096.88,1088.78,1097.93,1108.25,1111.2,1102.47,1103.38,1107.47,1110.2,1125.2,1139.1,1094.83,1092.78,1073.25,1098.5,1100.6,1119.22,1124.2,1125.7,1097.75,1095.97,1087.18,1101.03,1092,1110.78,1134.43,1131.78,1127.43,1121.72,1121.03,1125.38,1117,1105.35,1122.83,1131.08,1124.5,1137.7,1172.43,1180.7,1183.95,1191.65,1208.3,1199.7,1203.65,1216.7,1216.6,1206.75,1203,1193.75,1194.1,1168.85,1164.1,1178.25,1169.2,1170.35,1162.7,1191.9,1185.1,1185.2,1199.05,1204.4,1203.9,1179.25,1196.3,1180.85,1207.2,1227,1230.45,1209.5,1217.5,1198.1,1203.15,1195.7,1198.75,1200.65,1208.6,1207.65,1215.7,1209.6,1192.8,1188.4,1194.9,1181,1170.4,1159.45,1180.2,1179.55,1182.9,1202.2,1215.7,1229.35,1232.65,1205.05,1194,1194.2,1196.4,1211.05,1208.95,1213.9,1200.7,1201.75,1196.45,1208.15,1230,1224.55,1236.1,1236.3,1221.75,1226.25,1161.05,1137.3,1114.65,1111.85,1115.75,1123.85,1138.25,1138.7,1133.65,1116.65,1117.3,1096.5,1105,1091.1,1096.9,1089.4,1144.1,1161.4,1190.3,1179.4,1162.9,1153,1162.2,1162.4,1156.2,1174.4,1200.9,1194.8,1212.6,1208.5,1187.7,1202.2,1217.5,1220.8,1217.6,1212.5,1204.2,1204.3,1209.1,1194.5,1188.3,1168.4,1178.6,1173.5,1162.6,1152.5,1152.9,1166.4,1169.9,1181.7,1176.8,1180.5,1187.8,1199.5,1188.1,1175.5,1221.4,1276.6,1289.5,1285.4,1287.3,1272.8,1282,1283,1271,1273,1279.9,1271.6,1266.7,1265,1266.1,1262.7,1262.9,1268.1,1278.2,1275.2,1271.6,1270.3,1265.1,1279,1279.2,1280.7
SAILIFE,764.65,736.4,703.65,710.55,763.05,746.05,722.05,746.4,751.2,758,768.75,779.9,727.9,731.25,729.7,728.8,719.65,709.85,729.05,710.35,716.85,716.45,727.7,712.65,692.2,695.75,674.35,652.9,660.4,672.7,668.5,656.8,684.35,678.35,694.8,740.8,750.6,717.35,678.05,678.35,679.85,662.2,667.25,671.3,670.4,734.3,705.75,696.45,710.4,700.4,689.9,705.3,722.5,730.45,698.15,684.75,699.15,702.65,698.85,700.3,698.6,706.95,722.15,726.45,738.55,734.6,739.45,755.55,760.85,756.75,745.25,759.75,716.95,664.2,681.3,640.25,669.5,771.05,731.75,721.5,722,707,712.05,707.9,687.7,680.05,714.3,696.8,716.4,717.7,721.1,718.95,707.4,704.9,714.05,725.55,757.85,755.4,750.65,749.05,731.35,740.45,722,719.2,735.45,728.15,729.35,716.65,756.95,724.05,726.7,729.6,731.5,737.2,764.7,762.25,769.85,750.25,770,763.25,750.9,738.45,728.05,765.25,754.15,746.9,759.15,748.9,764.45,773.5,779.8,789.1,789.85,792.75,793.65,786.5,781.35,783.05,782.15,823.1,811.1,812.1,823.3,815.2,806.4,807,815.35,825.5,838.5,824.35,831.45,846.3,808.45,788,805.45,794.65,793.2,791.55,827.9,893.25,876.8,902.9,887.65,900.15,910.9,911.15,924.75,925.9,906.95,861.1,816.05,824.7,845.1,825.4,847.85,848.5,860.25,850.75,855.65,861.7,868.75,872.7,882,881.35,897.85,894.65,913.65,874.3,892.25,891.95,881.55,858.4,885.2,860.7,887.15,882.6,866.25,862.25,855.5,851.55,861.45,868.2,856.6,858.55,880.1,871.85,876.9,881.05,892.15,895.05,878.2,898.45,916.75,920.35,918.2,922.7,923.1,922.3,875.45,907.05,897.25,890.35,870.7,871.95,879.85,863.35,865.05,873.9,861.35,883.75,874.65,880,876.45,884.4,874.7,877.45,871.95
MOTILALOFS,1000.5,976.55,1009.75,1012.5,989.85,995.55,987.05,953.75,953.2,926.5,927.7,918.95,915.25,910.4,965.85,953.8,970.45,985.2,971.2,925.25,970,940.1,901.2,878.1,826.25,894.55,863.1,799.35,795.75,807.5,745,724.9,726.3,694.35,663.1,646,670.6,645.8,637.15,625.65,642.45,701.65,676.95,674.3,655.15,631.35,655,646.3,619.75,614.35,615.75,613.1,636.35,613.45,602.3,597,573.9,588.5,577.4,574.85,602.35,611.15,605.45,592.75,591.5,583.45,576.4,580,608.6,627.05,636.25,637.3,649.1,623.25,612.1,624.8,615.35,602.35,612.7,620.4,595.8,565.65,586.6,575.35,606.2,632.05,639.35,653.35,685.05,724.4,769,756,694.9,677.75,673.9,652.75,636.35,696.3,664.45,681,682.15,679.7,736.1,725.1,739.55,760.3,789,782.5,761.95,800,789.1,778.65,782.85,778.3,788.85,809.95,809.9,817.05,803.25,823.55,840.75,870.35,893.7,878.7,850.8,831.35,821.3,818.75,816.8,817.45,818,825.55,834.35,860.35,869,858.85,854.35,870.05,868.6,855.8,929.1,918.05,930.1,919.6,925.05,940,934.4,936.4,944.65,936.9,931.65,911.6,933.5,935,931.25,904.9,900.15,883.1,937.4,933.4,911,921.7,926.8,910.75,924.75,917.8,905.6,918.55,911.3,928.85,929.2,938.1,959.8,960.25,949.3,929.25,925.7,908.95,889,857.3,895.4,875.1,881.1,870.85,873.05,895,884.75,920,914.75,918,940.75,934.4,933.45,923.05,944.7,950.3,958.35,943.75,920.05,910.75,916.2,893.6,900.1,911,935.25,937.4,923.95,980.25,967.3,1003.95,999,1019.25,1006.75,1004.65,1020.35,1026.25,1020.2,1036.2,1058.9,1091.3,1007.8,1025.3,978,1008.9,986,987.5,996.45,1002.1,988.9,996.65,990.65,991.3,984.4,972.1,967.55,952.4,947.8
SIEMENS,4072.63,4097.74,4087.67,4113.12,4094.86,4138.54,4045.94,3981.72,3963.63,3567.25,3542.24,3456.11,3482.41,3399.55,3341.18,3394.39,3445.85,3478.75,3432.63,3361.75,3366.39,3270.06,3240.79,3170.42,3013.84,3045.08,3016.54,3121.22,3211.16,3186.86,3076.32,3041.45,3151.23,3053.52,3005.56,2952.07,3024.88,3050.95,3154.09,2713.98,2815.07,2898.14,2929.56,2859.19,2778.04,2703.05,2700.09,2651.32,2591.91,2523.59,2515.47,2573.24,2610.11,2555.82,2530.66,2512.4,2433.93,2401.14,2511.86,2561.3,2641.2,2679.91,2651.77,2583.45,2566.57,2547.72,2559.22,2560.83,2652.54,2713.25,2697.47,2700.87,2712.58,2658.52,2813.88,2759.81,2739.66,2716.08,2743.56,2725.74,2559.35,2812.45,2763.45,2715.85,2727.8,2839.5,2811.5,2810,2827,2856.5,2872,2903.5,2833.5,2916.5,2930,2901.5,2919.7,2951.7,2941.1,2967.2,2838.6,2857.2,2895.9,2916.7,3006.8,3009.5,3069.5,3104.4,3127.7,3290.8,3304.6,3277.3,3248.7,3299.1,3337.6,3349.2,3265.6,3292,3314,3309.3,3280.5,3297.5,3383.3,3371.7,3349.9,3267.5,3260,3271.5,3321.6,3355.8,3284.8,3214.2,3091.6,3159.8,3149.1,3164.9,3178.4,3251.5,3323.1,3287.7,3311.7,3292.4,3278.2,3296.8,3218.3,3191.6,3117.7,3152.6,3146.8,3089.3,3110.3,3128.4,3154.8,3141.8,3143.1,3129,3038.2,3061.6,3068,3071.4,3033.4,3023.6,2993.6,3081,3083.9,3117,3031.8,3114.8,3135.1,3150.7,3169,3118,3133.2,3155.1,3197.2,3173.2,3164.6,3048,3043.2,3063.7,3138.9,3190.3,3211.9,3154.4,3089.1,3121.6,3190.1,3142.7,3185.3,3202,3293.7,3313.8,3322.7,3317.8,3325.9,3243.5,3240.4,3201,3156.3,3096.3,3105.2,3129.2,3121.5,3164.1,3251.7,3250.8,3216.8,3178.4,3147.4,3077.5,3107.3,3118.6,3119,3121.2,3096.8,3102.9,3149.9,3152.2,3159.9,3109.7,3148.7,3126.8,3096.3,3127.5,3119.6,3083.5,3033.4,3054.4,3022,3056.6,3066.1,3084.2,3232.6,3249.5,3211.5,3216.3,3173.5
HINDALCO,670.9,668.9,670.5,668.7,662.1,653.5,639.45,633,629.35,622.65,634.15,627.45,628.75,617.4,601.1,602.45,592.95,599,591.15,574.1,584.5,586.65,589.25,574.45,563.75,590.9,591.55,602.6,617,618.15,614.95,613.45,608.25,606.9,586.9,573.85,584.1,587.85,594.3,574.05,583.95,600.6,595.45,607.4,596,595.85,598.9,602.5,606.2,610.85,611.45,626.3,638.8,653.55,641.9,619.45,631.95,634.35,636.55,641.65,657.35,681.95,691.35,689.15,695.5,689.85,677.35,697.85,698.55,705.95,695.35,701.5,693.45,691.3,693.35,682.45,663.75,661.2,652.65,599.95,561.8,568.35,564,600.3,617.6,609.9,609.5,622,620.1,629.1,628.35,622.1,628.65,622.55,624.65,632.1,633.4,630.05,636.3,620.2,627.15,651.95,634.75,650.55,661.35,657.55,658.35,662.75,663,649.55,650.1,661.45,659.45,649.95,650,633.5,631.1,632,635.85,637.25,650.15,650.8,658.35,655.2,651.05,641.8,649.6,641.7,645.35,641.35,649.15,661.4,669.4,672.65,690.6,697.35,692.85,694.3,698.35,692.85,699.45,692.1,685.6,673.95,675.05,670.95,666.5,670.85,666.75,674.55,675.9,682.7,690.05,695.4,695.6,693.45,689.35,692.7,688.8,683.05,672.45,687.7,687.1,684.85,686.8,672.75,672.85,667.05,700.5,695.25,714.15,706.7,700.85,707.3,704.2,715.85,705.7,701.4,703.95,719.6,720.95,742.95,739.05,743.8,738.75,742.9,743.15,742.65,758.05,753.65,755.95,750.1,750.15,743.3,745.7,745.9,741.05,745.65,743.85,753.8,761.95,765.95,780.35,776.7,767.8,768.2,774.1,773.95,770.2,760.1,764.25,780.1,772.8,786.35,784.95,792.4,824.45,840.85,848.95,856.25,861.35,847.85,847.2,831.4,788.4,790.4,785.2,793.75,794.4,811.95,803.65,807.15,797.15,790.95,799.8,777.7,774.65
CANBK,108.99,109.68,108.75,107.5,106.58,107.34,105.16,103.19,102.9,99.61,101.08,100.55,101.03,100.36,99.44,100.12,100.38,101.1,101.45,97.33,97.87,97.14,95.74,92.83,88.52,93.22,94.69,97.33,97.88,101.04,99.47,97.82,98.15,96.75,91.93,91.82,91.93,90.91,93.27,90.61,92.84,95.83,94.86,94.06,93.17,90.09,90.54,88.72,85.62,85.09,84.65,85.56,88.06,87.33,86.95,85.02,83.46,80.9,81.42,81.94,85.02,85.35,85.02,82.49,83.28,82.46,82.9,83.92,85.57,85.84,87.54,91.32,88.46,87.24,89.65,89,90,91.1,94.38,90.39,87.1,89.43,88.42,90.54,92.69,94.7,96.02,99,100.66,99.45,99.39,96.53,98.45,99.33,97.45,96.85,97.16,92.38,93.67,95.37,97.64,100.86,104.78,105.67,105.16,107.76,107.96,107.04,107.84,106.84,107.21,107.48,108.43,110.94,110.73,114.76,116.84,115.91,117.32,116.38,115.71,117.69,117.76,117.09,115.64,111.46,111.24,109.23,108.22,104.89,107.22,107.82,110.61,110.71,111.07,110.98,114.2,115.42,114.23,114.16,114.37,114.31,113.74,113.96,112.39,111.92,113.67,114.87,117.03,115.53,114.45,112.03,108.05,107.8,113.51,110.76,110.41,110.09,108.2,107.25,105.89,107.75,107.46,108.77,108.8,107.89,109.48,109.55,108.99,109.26,109.34,111.67,112.28,111.07,109.93,108.82,106.01,104.63,103.83,105.14,106.16,108.33,106.08,107.14,108.11,108.04,110.64,112.07,110.96,112.51,113.23,116.25,115.41,117.76,118.87,121.9,122.91,121.44,118.08,120.48,123.71,123.76,125.9,126.76,128.06,126.04,126.17,127.39,127.64,125.22,128.41,127.37,125.49,127.59,127.12,126.24,125.7,129.13,129.98,128.77,132.89,136.99,139.6,139.6,139.24,140.67,141.04,140.87,143.57,143.45,146.07,149.12,149,150.38,147.94,145.77,146.67
BATAINDIA,1448.25,1435.25,1447.5,1429.8,1432.45,1435.35,1412.55,1380.05,1368.3,1342.25,1334.1,1361.5,1350.45,1381.3,1388.9,1374.9,1397,1421.6,1460.8,1423.95,1424.4,1420.75,1412.9,1425.9,1364.05,1343.55,1308.55,1307.95,1310.8,1302.85,1288.85,1276.15,1300.9,1281.35,1238.2,1237.7,1263.5,1267.2,1296.8,1415.3,1368.35,1368.75,1356.75,1334.5,1341.15,1343.4,1353.6,1333.7,1320.05,1296.3,1284.75,1256.35,1264.15,1298.1,1336.3,1346.05,1282.25,1221.1,1237.8,1211.95,1237.1,1246.65,1233.1,1216.2,1197.4,1229.1,1236.45,1235.9,1269.15,1269.3,1243.4,1236.45,1229.9,1213.1,1202.05,1219.9,1231.5,1242.8,1225.4,1210.1,1180.9,1211.85,1227.75,1241.85,1229.8,1234.3,1224.5,1203.2,1227,1231.8,1224.8,1210.8,1219.5,1211.7,1208.4,1197.5,1206.2,1207,1212.7,1203.1,1195.8,1214.9,1202.8,1210.4,1236,1248.5,1244.8,1215.9,1258.6,1261,1275.7,1285.1,1278.7,1276.8,1259.4,1263.8,1261.1,1228.2,1222.6,1210.2,1218.9,1218.8,1220.1,1220.2,1214.1,1214.1,1216.8,1218.4,1210.4,1203.4,1199.5,1197.1,1201.7,1215,1223.1,1231.2,1221.2,1232,1229.4,1231.1,1238.8,1228.3,1244.9,1265.2,1264.1,1239.1,1235.6,1259.2,1243.6,1229,1219.5,1209.7,1209.6,1205.2,1210.9,1204.8,1198.2,1196,1200.2,1191.3,1186.2,1186.2,1186.8,1193.2,1182.2,1182.1,1183.4,1135.8,1096.9,1049.7,1120.3,1141.8,1131,1118.6,1104.8,1095.8,1065,1079.4,1098.1,1115.5,1157.4,1162.4,1245.5,1242.1,1227.7,1235.7,1239.7,1242.8,1259.2,1263.5,1274,1259.1,1245.8,1237.7,1227.2,1226.5,1213.7,1185.2,1168.1,1156.4,1165,1188.1,1211.4,1220.3,1218.1,1201,1172.3,1169,1149,1124.2,1123.7,1147.7,1150.3,1164.8,1165.5,1167.6,1165.1,1166.2,1101,1077,1072,1070.6,1070.5,1066.1,1050.7,1061.9,1049.5,1046.9,1057.5,1046.4,1027.1,1014.6,1014.8,1011.9,1009.4,1000.4,1005.7
HOMEFIRST,1036.25,1022.25,1029.85,1040.1,1053.4,1050.8,1038.45,1004.6,1031.75,1000.1,1000.25,1003.8,1002.55,1029.9,1051.25,1055.55,1045,1076.15,1068.05,1036.65,1061.3,1054.7,1041,1036.7,1018.4,1041.15,1027.25,1048.45,1030.2,1038.2,1020.4,987.45,993.7,995.9,977.1,961.95,969.9,945.1,995.95,992.85,998.7,1000.95,1015.95,1005.3,981.1,959.35,939.65,969.6,936.3,954.75,932.8,926.45,941.95,933.65,908.3,885,924.9,1018.65,998.9,998.65,1009.75,1000.7,999.55,1004.75,985.05,999.2,992.95,999.1,992.9,991,1010.6,1103.15,1086.5,1027.8,1016.7,1049.45,1014.15,987.95,991.5,1025.45,1007.5,999.95,987.9,1048.55,1059,1138.1,1175.1,1202.3,1208.9,1230.3,1301.1,1262.2,1234.5,1242.4,1274.3,1229.3,1193.3,1181.8,1152.1,1152.5,1161.7,1147.4,1170.3,1169.9,1188.3,1181.1,1166.8,1207.4,1178.5,1178,1151.3,1153.9,1175,1195.2,1176.8,1199.2,1274.8,1262.8,1282.4,1254.4,1286.1,1300.5,1278.3,1266.4,1265.9,1233.6,1267.9,1277.8,1279.1,1283.2,1289.5,1292.8,1303.5,1340.7,1378.9,1387.3,1473.9,1378.5,1320.1,1352.1,1361.1,1355.6,1394.6,1369.7,1363.4,1373.9,1385.9,1384,1426.2,1411.7,1393,1365.5,1374.4,1393.4,1407.6,1415.9,1479,1371.7,1304.3,1266.1,1212,1197.3,1256.8,1280,1239.9,1219.2,1202.3,1282.2,1237,1233.2,1251.9,1256.9,1269.5,1259.2,1279.4,1307.4,1330.4,1294.5,1243.1,1218.6,1225.6,1246.7,1261,1250.9,1261.2,1267.3,1254.3,1278.2,1290.2,1302.8,1295.1,1295.6,1276.9,1278.7,1268.9,1265.6,1266,1278.8,1228.4,1178.7,1187,1216,1234.4,1257,1228.6,1209.9,1219.1,1206.2,1222.6,1219.7,1220.7,1263.1,1243.1,1213.9,1225.3,1253,1217.7,1215.2,1212.1,1203.3,1212,1209.4,1195.1,1254.7,1195.9,1136,1132,1175.8,1174.5,1150.7,1168.1,1200.3,1230.3,1197.7,1191.8,1187,1170.5
BALKRISIND,2857.8,2819.1,2820.4,2813.45,2854.85,2864.15,2808.45,2831.15,2819.5,2790.05,2816.75,2809.15,2824.7,2863.5,2851.25,2910.1,2873.4,2891.8,2818.7,2723.2,2738.55,2773.9,2779.05,2732.65,2595.75,2705.35,2680.3,2725.3,2705.85,2721.5,2681.6,2708.45,2728.9,2652.2,2564.65,2706.15,2737.1,2764.7,2771.25,2730.85,2775.3,2824.9,2762.6,2719.15,2669.95,2653.15,2638,2631.35,2625,2670.55,2648.05,2675.55,2722.05,2708.5,2682.7,2678.7,2685.85,2615.65,2582.5,2526.9,2497.2,2557.7,2559.6,2555.85,2531.8,2544.35,2499.05,2546.75,2619.7,2600.25,2609.85,2610.4,2565.4,2581.05,2550.25,2554.8,2523.55,2567.1,2481.85,2388.05,2273.2,2320.1,2280.6,2337.5,2493.2,2490.2,2503.9,2526.7,2535.2,2577,2578,2518.2,2577.6,2597.7,2675.1,2676.9,2699.4,2731.9,2772.7,2746.1,2741.8,2751.3,2696.1,2737.2,2698.8,2709.7,2690.6,2644.7,2665.6,2649.6,2660.2,2492,2478.6,2478,2488,2472.2,2450.1,2449,2471.4,2460.2,2492.7,2502.7,2507.6,2496.2,2469,2463.8,2458.2,2447.7,2443.9,2403.7,2420.4,2398.2,2393.8,2399.5,2433.3,2463.8,2445.3,2476.8,2566.2,2550.3,2607.9,2602.8,2622.5,2620.9,2636.3,2655.5,2649.8,2672,2652.9,2742.1,2745.3,2774,2756.9,2740.4,2727,2685.8,2692.9,2735.6,2759.1,2676.2,2575.8,2579,2545.1,2400.2,2425,2428.4,2416.2,2411.6,2412.3,2399.7,2436.5,2425.6,2421.1,2414,2396.1,2367.1,2324.3,2318.9,2289.4,2323,2360.6,2363.5,2337.9,2309.1,2320.9,2299.8,2383.5,2411.5,2388.7,2403.6,2466.2,2510.7,2508.6,2522.7,2536,2496.5,2416.3,2386,2352.2,2286.3,2294.8,2305.6,2302.8,2296.5,2279.6,2284.3,2275.4,2287.3,2218.2,2232,2211.9,2274.7,2268.5,2283,2311.5,2348.4,2326.5,2327.5,2336.4,2329.4,2326.6,2279.8,2296.9,2364.3,2340.8,2321.6,2318.6,2341.5,2368.8,2338.3,2329.6,2361.8,2308.6,2317.6,2299.7,2319.5,2265
JINDALSAW,337.35,335.05,328,325.5,321.75,317.1,309.2,304.75,313.25,300.05,302,303,296.6,299.5,288.5,291.4,281.45,284.3,284.6,267.4,271.45,268.4,258.65,255.8,240.4,244.95,251.35,258.3,258.2,263.55,257.7,252.5,255.1,245.9,230.05,226.05,246.8,243.55,250.05,233.8,254.65,258.6,267.55,254.4,246.35,239.1,235.35,245.5,232.45,234.35,232.95,242.4,251.8,256.5,247,240.75,239.75,246.45,234.48,234.35,250.36,272.7,267.25,255.1,260.46,256.64,260.61,251.5,266.02,266.6,283.33,275.02,280.89,266.79,266.59,272.66,270.09,271.8,271.35,276.35,260.95,233.8,245.25,245.3,247.1,257.45,257.9,268.05,270.9,270.95,269.65,268.1,256.75,263.6,255.35,248,245.43,235.37,227.62,219.54,209.74,201.68,218.27,213.07,219.37,215.61,217.13,221.83,214.65,211.36,209.08,215.62,215.86,214.42,213.49,213.7,211.9,214.1,210.39,217.21,215.57,217.85,231.88,247.99,250.84,245.95,239.33,239.13,232.93,236.04,232.11,239.52,235,235.11,240.91,241.96,243.92,240.78,239.03,236.27,233.03,232.89,232.37,228.6,230.6,229.4,224.71,224.25,224.65,228.61,228.95,228.49,228.76,224.73,226.97,228.88,222.84,215.76,216.64,213.33,210.43,205.4,210.52,211.43,205.64,209.84,206.52,203.34,198.99,203.18,198.89,201.41,205.83,205.66,205.14,203.15,205.3,198.17,199.68,197.29,199.78,205.26,209.59,205.47,200.92,202.55,201.86,201.91,202.53,207.96,211.56,210.05,210.69,209.25,212.48,210.22,215.28,217.32,210.86,206.32,202.98,202.82,204.48,206.5,203.87,202.22,202.46,203.36,206.31,204.99,199.24,202.52,201.28,190.64,186.6,191.04,187.11,180.22,178.59,180.06,177.95,176.33,175.25,174.38,170.45,166.92,164.5,170.73,172.89,172.16,171.25,169.13,168.93,165.4,166.87,166.63,163.8
GRANULES,580.1,582.8,585.3,589.3,584.8,584.1,589.75,596.8,600.05,592.4,586.7,596.85,592.95,585.85,583.7,592.3,597.4,608.6,605.2,607.9,616.1,608.4,606,593.6,568,583.75,573.2,579.45,579.2,597.75,589.3,590.25,599.6,582,544.6,516.4,534.8,564.45,556.35,556.45,570.9,582.7,578.9,582.9,569.05,552.2,538.1,542.25,512.85,522.25,518.75,531.45,527.05,508.55,516.4,514.75,506.95,461.8,472.85,471.6,483.7,494,493.15,478.65,478.7,476,470.65,495.5,496.25,500.35,507.45,511.45,505.1,492.45,490.4,486.35,482.75,483.15,491.2,456.75,436.9,444.35,431.1,451.3,464.4,463.05,467.5,480.2,480.05,484.95,475.05,452.55,461.45,455.6,455.8,455.6,461.75,448.15,453.85,442.5,440.9,460.15,477.75,492.8,502.45,505.6,511.7,509.2,517.9,516.2,517.95,520,528.8,522.4,535.3,530.55,529.15,521.5,527.35,533.95,529.95,536.6,542.45,536.2,523.9,509.4,515.65,498.15,494.9,480.3,487.35,497.25,489.2,493.75,496.9,497.2,495.3,489.15,490.8,490.15,492.6,493.2,481.6,479.55,473.8,469,485.75,491.75,499.7,502.45,496.15,494.5,477.1,475.85,476.65,469.1,463.2,490.45,492.15,474.9,451.75,454,448.7,439.35,450,439.55,440.55,455.1,460.35,459.4,461.35,458.05,461.35,462,458.5,460.7,469.5,467.25,492.25,515.8,507.8,518.45,512.85,511.4,519.25,525.1,524.65,526.1,534.35,533.35,539.8,546.05,543.15,543.4,526.3,523.8,530.8,530.15,515.9,514.6,517,542.65,557.3,552.7,555.9,548.75,566.15,568.55,564,570,568.85,570.1,569.55,565.8,570.05,557.15,564.55,565.6,569.95,571.3,574.3,565.6,573.65,567.7,552.25,554.65,550.15,535.45,542.45,556.3,548.2,561.7,561.45,553.95,550.8,544.2,532.85
360ONE,1138.6,1198.4,1211.1,1199.3,1186.6,1242.4,1251.85,1240.8,1225.35,1249.5,1232.7,1236.35,1256.25,1250.9,1270.95,1254.8,1276.7,1292.9,1297.15,1257.9,1217.3,1175.85,1166.55,1129.1,1101.95,1126.5,1193.45,1198.95,1183.7,1216.5,1201.85,1148.95,1141.45,1127.4,1076.55,1013.05,1028.35,1007.15,1007.75,991.25,986.35,1028.9,1009.7,1018.7,991.85,989.45,954.5,953.1,904.6,896.4,884.65,932.7,955.25,981.25,1009.4,1038.5,1010.15,998.3,978.6,983.05,983.5,966.25,972.9,895.4,865.15,846.35,864.85,914.8,923.8,926.6,942.75,978.75,977.8,959.65,971.4,942.65,888.15,890.55,912.5,849.35,886.55,847.7,808.55,870.2,938.7,943.75,956.8,954.25,1013.9,1059.75,1018.25,971.7,983.9,983.05,986.05,946.85,937.3,906.3,932.15,913.05,915.8,962,965.6,988.2,1016.6,1000.55,1021.25,994.4,1012.2,992.1,1017.45,1016.75,1009.3,1024.95,1025.05,997.45,1019.5,1014.15,1024.25,1074,1064.8,1065.6,1062.3,1087.1,1081.4,1140.5,1169.6,1146.2,1118.65,1114.4,1137.25,1157.45,1147.65,1190,1164.85,1195.7,1194.5,1175.5,1177.2,1226.6,1245.4,1253,1220.4,1194.6,1194.4,1194,1188.2,1197.3,1197.6,1205.6,1202.2,1221.2,1144.1,1125,1118.6,1077.9,1074.6,1082.4,1060.2,1052.7,1052.5,1052,1065.8,1056.8,1065.4,1042.8,1042.8,1018.6,1028,1038.5,1062.3,1078.9,1102.9,1081.6,1077.6,1092.7,1087.4,1043.9,1018.1,1030.8,1024.8,1040.2,1032.8,1037.6,1040,1043.9,1078,1057.1,1068.8,1079,1091.1,1103,1102.1,1080.8,1050.4,1019.6,1026.5,1022.1,1001.8,1028.7,1024,1036.5,1049.2,1062.4,1069.4,1085.3,1084.4,1095.1,1101.4,1126.7,1160.4,1171.8,1164.9,1183.3,1175.4,1178.9,1185.7,1173,1171.8,1126.7,1119.6,1080.7,1093.6,1079.1,1068.2,1066,1074.6,1070,1089,1085.6,1065.4,1071.8,1078,1119.2,1142.1,1139.7,1129.8
TRIDENT,37.99,37.56,36.68,36.08,36.57,36.79,36.02,35.14,34.87,34.27,33.56,33.44,33.34,33.17,32.87,33.44,33.86,34.03,34.09,32.58,32.95,32.53,32.18,31.43,29.74,31.17,31.63,31.94,32.11,32.38,32.01,31.49,31.29,31.06,29.37,28.92,30.22,30.7,31.1,30.82,31.24,31.12,31.04,30.35,29.69,28.97,28.55,28.51,27.8,27.84,27.39,28.05,28.18,27.84,27.41,27.14,26.63,25.79,25.28,25.63,25.59,25.76,25.36,25.15,24.83,24.72,24.39,24.49,25.92,25.46,25.61,25.65,25.11,24.62,24.93,24.27,25.31,25.25,27.19,26.53,25.43,25.7,25.43,26.08,26.53,27.04,27.28,27.41,29.28,29.43,29.2,27.89,28.13,27.52,26.5,26.61,27.37,27.01,27.48,27.82,26.74,28.4,28.32,28.52,28.92,29.38,29.81,29.47,33.48,32.87,32.27,33.13,32.71,32.54,32,31.79,30.83,30.85,31.02,31.03,30.88,30.9,31.36,31.99,31.37,30.71,30.42,30.56,30.05,29.21,29.58,29.83,30.15,30.59,31.59,31.54,31.32,31.12,30.73,30.83,31.24,31.12,32.29,32.3,32.09,31.7,31.19,31.31,31.37,31.84,31.48,31.54,30.37,31,31.53,31.49,30.7,30.97,30.68,29.99,28.9,28.64,28.46,28.06,28.04,27.68,27.6,27.9,28.07,27.97,28.1,28.73,28.93,28.63,28.49,28.23,27.72,27.5,27.37,27.59,28.41,28.38,28.34,28.24,28.23,28.11,29.16,29.09,28.93,29,29.73,29.96,29.87,30.12,30.35,29.86,29.56,29.08,28.69,28.14,28.17,28.31,28.61,28.41,28.33,28.31,28.13,28.35,28.17,27.85,27.83,28.06,27.92,27.91,28.2,28.71,28.59,28.62,28.51,28.97,28.81,28.63,28.91,28.62,28.06,28.05,27.92,28.13,28.92,28.77,28.21,28.45,28.38,28.56,28.59,28.38,28.06
AAVAS,1660.2,1683.55,1673.8,1678.05,1663.85,1669.5,1664.1,1682.35,1679.3,1665.3,1672.55,1669.05,1663.9,1661.55,1659.1,1679.55,1677.85,1695.65,1701.35,1691,1699.45,1680.75,1679.75,1667.55,1637,1638.2,1638.4,1639.15,1638.25,1666.1,1700.7,1685.95,1727.85,1725.05,1667.35,1672.6,1689.7,1703.85,1712.8,1718.5,1709.15,1716.35,1724.35,1716.6,1709.7,1680.85,1701.35,1697.85,1685.05,1686,1680.2,1683.7,1690.2,1690.75,1683.1,1698.05,1690.35,1685.55,1677.95,1677.75,1701.1,1706,1699.2,1752.35,1770.8,1816.25,1872.45,1865.1,1918.05,1980,1981.05,2005.3,1957.05,2013.6,2087.2,2084.05,2086.05,2085,2094.6,2052.1,1978.95,2083.35,2043.7,2028.15,2004.8,2030.9,2024.3,2166.3,2220.5,2119.4,2096.2,2038.1,1991.5,1991.2,1942.9,1844.9,1812.4,1765.2,1789.7,1761.3,1717.6,1874.9,1801,1823,1800.1,1789.6,1789.6,1802.2,1772,1790.8,1783.8,1765.5,1773.4,1806.7,1811.4,1843.4,1802.3,1803.9,1802.6,1812.2,1922.3,1936.6,1894.9,1843.3,1827.4,1850.5,1874.5,1823.3,1822.8,1813.4,1816.5,1839.3,1892.8,1881.2,1942.6,1986.2,2092.5,2033.5,1997.7,1941.1,1910,1882.9,1973.6,1971,1954.4,2009.2,1988.9,1952.5,1910.4,1927.8,1903.7,1928.2,1902.7,1901.1,1870.4,1843.6,1805.6,1758.7,1759,1724.4,1679.2,1708.1,1710,1704.7,1682.6,1711.7,1713.2,1727.5,1682.9,1658,1671.7,1683,1682.2,1637,1650,1631.9,1572.3,1542.1,1520.2,1527.9,1528.3,1601,1574.2,1591.2,1593.3,1589.2,1599.7,1619.8,1633.3,1670.3,1661,1649.6,1649.9,1670.6,1679.3,1655.4,1669.9,1628.6,1574.8,1608.3,1633.9,1637.8,1662,1671.8,1673.5,1667.9,1624.3,1631.7,1620.4,1597,1587.3,1607.6,1605.8,1620.2,1620.6,1668.2,1688,1653.8,1663.2,1665.3,1680.8,1650,1649.5,1641.3,1603.9,1574.1,1654,1619.2,1704,1736.4,1712.2,1690,1671.4,1643.1,1635.6,1632.2,1669.6
FORTIS,719.6,713.8,713.7,721.3,711.95,696.7,686.95,682.7,677.85,677.85,678.9,682.8,672.2,682.1,725.8,719.85,708.5,717.8,732.05,719,735.15,723.9,713.25,687.2,662.75,663.55,651.3,663.4,644.5,653.5,640,629.6,635.9,616.05,591.95,581.2,628.55,647.75,640.2,620.75,629.05,669.7,651.1,650.15,627.05,615.45,614.55,611.8,603.85,613.45,603.95,603.1,609.9,619.35,598.6,608.35,615.8,612.7,629.1,639.1,661.5,648.65,629.5,621.3,626.3,615.55,605.45,599.4,615.15,609.85,627.35,628.25,653.2,647.65,645.7,671.8,698.35,688.65,662.6,659.7,649.45,633.35,648.85,654,649.55,669.25,649.95,664.55,656.3,664.6,676.65,668.4,654.65,675.2,667.2,685.55,678.6,681,686.85,682.75,662.75,664.7,676.65,666.2,691.85,699.4,700.05,685.85,679.15,672.05,723.8,719.05,708.2,704.95,710.6,716.3,706.3,722.35,729.65,738.85,754.75,763.3,767.2,778.9,764.25,760,754,764.85,761.55,759,748.1,755.25,754.65,765.4,779.8,790.7,784,794.5,774.75,792.55,794.05,807.05,806,790.5,784.7,773.45,764.55,782.3,799.25,795.15,810.25,798.5,802.25,809.1,823.7,846.55,845.55,846.25,850.6,842.7,857.45,859.25,861.9,867.9,858.15,884,897.35,920.65,931.65,945.8,932,938.25,948.9,963.95,947.55,934.4,915.15,916,911.4,911.5,924.65,929.75,956.6,949.8,947.85,942.9,949.6,967.15,965.95,970,977.65,966.65,962.6,968.4,953.95,966.25,967.7,960.4,944.6,932.75,970.75,969.8,989.65,980.4,1053.9,1041.8,1055.35,1068.85,1060.3,1095.15,1081.4,1087.6,1095.25,1084.9,1093,1097.9,1049.45,1037.3,1052.55,1057,1055.45,1044.6,1023.05,1030.7,1019.1,1009.9,1020,992.7,986.9,969.4,953,937.7,944.1,928.1,922.9,935.4,921
RRKABEL,1468.3,1504.05,1489.8,1461.4,1444.3,1443.65,1422.5,1408.4,1410.35,1399.2,1377.8,1372.7,1376,1381.4,1418.3,1439.65,1423.3,1424.45,1423.75,1374.95,1384.85,1399.25,1385.55,1360.6,1308.75,1319.1,1314.95,1315.8,1291.95,1278.65,1293.3,1271.85,1285.95,1248.9,1229.7,1199.4,1245.4,1225.55,1226,1240.4,1237.75,1223.7,1214.4,1191.85,1181.4,1163.95,1148.85,1138.25,1129,1127.45,1109.2,1132.7,1150,1156.45,1108.7,1110.5,890.55,890.25,885.75,890.95,918,917.2,908.9,905.05,895.5,889.7,874.85,857,893,917.05,917.2,926.95,934.45,915.5,900.2,914.7,948,933.15,941.9,937,918.1,884.2,899.45,892,909,934.2,935.75,940.9,958.45,967.75,977.2,981.7,972.05,967.65,982.25,1044.7,1023.8,1175.8,1213.5,1231.3,1210.1,1234.8,1280,1316.8,1307.5,1318.4,1315.9,1296.8,1293.2,1286.2,1302.4,1313.1,1318.3,1313.5,1304.9,1310,1425.7,1390.5,1376.2,1380.3,1424.3,1413.8,1388.9,1373.6,1374.4,1368.1,1361.7,1348.2,1329.9,1328.8,1323.7,1317.6,1327.3,1349.2,1348.7,1344.9,1357.4,1348.6,1384,1362.6,1393,1372,1345.2,1341.9,1339.4,1344.5,1332.1,1369.2,1380.4,1392.4,1461.8,1471.5,1433.8,1429.6,1466.6,1446.2,1396.2,1369.6,1389.5,1415.4,1439.8,1334.3,1292.7,1267.2,1253.6,1278.9,1241.7,1227.8,1210.5,1222.6,1211.8,1216.3,1218.7,1217,1210,1215.8,1217,1194.1,1197.9,1167.5,1195.6,1192.1,1211.1,1219.8,1206.3,1209.4,1219.9,1220.2,1242,1244.2,1260.4,1247.4,1235.4,1250.1,1255.5,1267.2,1292.9,1262.9,1263.4,1218.3,1232.5,1261.4,1268.9,1253.1,1267.2,1268.3,1257.4,1255.3,1272.6,1263.4,1256.9,1258.8,1277.5,1263.2,1253,1263.7,1254.1,1245.5,1327.4,1403.9,1425.5,1409.5,1412,1390.7,1421.8,1398.4,1376.9,1345.4,1356.5,1400.6,1371.4,1373.2,1384,1348.2,1360.8,1368,1350.6
SBILIFE,1469.3,1461.85,1456.15,1432.5,1428.8,1421.65,1409.7,1398,1405.9,1400.6,1405.3,1387,1409.05,1405.3,1403.85,1390.4,1400.4,1422.25,1447.7,1434.65,1477.75,1463.15,1468.45,1478.3,1467.4,1499.25,1472.75,1513.6,1540.5,1499.7,1466.55,1460.05,1449.85,1440.4,1424.4,1419.5,1460.9,1472.9,1483.6,1459.95,1472.4,1469.15,1465.1,1470.95,1448.2,1419,1452.15,1470.5,1465.45,1476.2,1475.35,1475.6,1469.8,1495.4,1486.5,1471.75,1469.75,1430.5,1408.5,1393.1,1420.7,1421.3,1411.6,1419.45,1417.25,1409,1385.55,1439.5,1457.5,1484.9,1498.35,1546.4,1569.8,1557.2,1541.3,1544.9,1547.85,1545.25,1559.85,1542.25,1512.6,1460.8,1488,1481.65,1521.9,1562.6,1565.4,1608.2,1628.5,1619,1615.5,1608.2,1695.1,1736.1,1730.1,1765.8,1764.7,1769.9,1726,1744.5,1731.5,1699.8,1751.5,1740,1755.2,1784.6,1773.4,1770,1757.8,1763.9,1759.3,1798.7,1801.6,1803.3,1807.4,1825,1812.2,1802.5,1775.3,1775.9,1774.8,1780.6,1790.8,1785.5,1799.3,1766,1755.2,1797.8,1800.2,1797.2,1789.4,1810.9,1818.6,1843,1842.7,1860.8,1850.6,1838.3,1862.5,1856.8,1810.2,1799.7,1808.3,1816.9,1814.9,1810.2,1835.2,1851.3,1824.8,1829.1,1802.8,1788.4,1804.7,1809,1809.5,1793.6,1832.1,1850.5,1833.4,1839.1,1840.7,1796.2,1831.5,1857,1854.3,1861.1,1833.6,1851,1838,1840.3,1840.6,1863,1854.1,1858.5,1877.3,1859,1846.8,1816.6,1816.8,1805.5,1809.8,1814.5,1810.7,1791.1,1805.3,1780.9,1805.7,1833.7,1814.2,1830.2,1822.2,1818.8,1804,1821.8,1841.7,1857.7,1819.4,1817.1,1809.8,1798.8,1788.7,1790.6,1801.1,1785.1,1770.9,1784.1,1772.9,1809.8,1810.4,1815.3,1816.2,1840.6,1835.7,1844.1,1839.7,1841,1852.7,1839.8,1903.1,1936.8,1970.4,1968.4,1955.7,1969.6,1971.5,1970.8,1998.9,1989.3,1997.3,1996.7,1987.9,2000.9,1996,1993.3,2004.8,2027.1,2022.5
KIRLOSENG,1176.4,1174.25,1163.1,1145.2,1118.55,1112.55,1107.65,1086.75,1046.2,1034.15,1013.75,1014.75,1023.4,1034,1017.45,1027.15,1008.95,1043.05,1051.85,1005.1,1013.6,990.7,966.7,941.75,895.75,941.05,947.45,945.2,937.5,931.6,917.25,929.9,921.95,887.35,870.1,844.45,863.65,882,903.45,844.25,853.2,853.45,839.7,819,820.05,781.2,748.5,715.8,674.95,642.8,620.9,605.95,594.3,585.3,599.35,603.05,578.1,576.1,578.45,585.55,601.7,637.65,652,645.5,638.6,646.9,652.35,667.8,718.1,734.2,725.1,746.75,750.7,748.25,720.6,736.2,719.75,724.7,729.2,752.55,723.1,708.35,714.1,701.45,726.15,732.7,757.75,746,750.2,754.45,757.85,753.95,734.85,741.75,748.5,746.5,739.85,745.95,725.45,720.85,694.7,669.85,699.45,718.7,735.2,862.3,895.5,886,879.75,859.6,851.1,853.45,867.75,861.25,852.7,890.8,904.65,881.95,869.55,875.2,875,869.65,911.85,899,902.3,896.15,880.9,868.95,859.9,855.35,837.35,846.3,846.35,849.95,853.7,867.6,860.15,851.05,856.6,847.5,847.65,855.45,847.9,833.95,831.85,918.1,914.85,921.35,915,945.25,938.1,917.85,919.65,908.6,916,940.35,915.5,902.65,920.8,918.15,904.2,872.3,883.85,865.1,919.5,910.8,904.85,912.25,896.2,905,902.5,944.1,961.3,961.2,946.85,948.9,976.7,923.6,900.2,898.45,916.4,916.4,893.5,880.2,866.5,863.1,863,888.1,881.95,886.3,889.35,931.2,950.2,941.3,964.65,965,953.5,973,944.75,915.2,920.3,918.8,925.95,901.75,893.05,881.1,883.15,880.35,891.1,884.3,869.55,875.8,881.2,890.1,882.65,894.95,895.55,899.3,941.35,1005.7,1018.1,1016.6,999.9,1018.95,1015.2,988.55,964.35,954.5,945.4,1058.65,1084.9,1092.05,1109.9,1141.6,1177.2,1181.45,1163.2
LTTS,5348.9,5368.95,5370.1,5422.8,5397,5360.6,5232.4,5175.05,5094.05,4828.5,4745.05,4729.55,4668.05,4692.3,4754.5,4737.4,4698.1,4795.95,4795.5,4763.7,4876.75,4906.5,4879.35,4935.65,4853.1,4706.55,4851.75,5244.4,5373.95,5373.3,5380.4,5382.95,5453.15,5431,5258.6,5121.05,5341,5410.65,5449.35,5500.85,5530.55,5615.45,5528.65,5597.8,5507.25,5279.4,5108.2,5023.7,4958.35,4816.9,4929.6,4872.05,4915.4,5123.1,4885.6,4727.85,4645.65,4533.2,4561.8,4566.5,4754.4,4858.2,4822,4653.55,4642.75,4390.65,4378.2,4454,4609.4,4647.2,4654.65,4670.4,4578.9,4625.05,4517.8,4447.75,4501.7,4563.1,4635.75,4458.5,4274.2,4083.6,4102.15,4089.55,4132.25,4354,4235.8,4234.5,4365.5,4401.3,4451.4,4477.9,4256.1,4185.6,4185.2,4257.1,4193.8,4213,4094,4084.2,4087.8,4111.6,4448.9,4367.2,4407.1,4493.4,4474.2,4525.2,4470.5,4451.4,4458,4482.5,4510.3,4446,4391.7,4420.3,4367.6,4358.6,4321.2,4356.9,4325.3,4299.2,4337.4,4487.3,4584.9,4529.3,4445.9,4518,4437.3,4413.2,4306.8,4379.5,4338.6,4331.5,4360.4,4319.2,4385.6,4402.1,4354.2,4323.8,4331.6,4383.6,4378,4336,4314.4,4349.2,4410.5,4343.2,4350.5,4346.8,4411.6,4401.9,4368.2,4321.8,4312.8,4300.2,4220.8,4242.1,4287.2,4309.6,4308.2,4274.6,4266.1,4238.5,4258,4206.6,4180.6,4145.1,4188.8,4138.6,4153.8,4161.4,4173.2,4233.6,4289.5,4274.2,4376.7,4325,4226.3,4223.5,4244,4206.9,4195.4,4173,4120.6,4100.4,4097.6,4205.9,4206.2,4216.6,4191.2,4261.7,4288,4392.4,4345.4,4192.2,4190,4183.1,4120.8,4058.9,3987.1,4113.9,4186.7,4289.7,4300.8,4302,4231.5,4274.6,4317.1,4193.8,4152.7,4134.5,4196.8,4154.7,4199.7,4204.9,4203.7,4172.7,4194.4,4134.6,4106.3,4110,4118.8,4119.5,4090.3,4100.6,4089.2,4086.5,4103.6,4181.1,4156.8,4086.5,4105.4,4074.5,4440,4331.3,4265.4
MAXHEALTH,1116.95,1117.15,1132.2,1167.7,1180.05,1184.8,1208.75,1193.3,1180.7,1165.2,1141.1,1139.05,1155.7,1126.4,1162.1,1128.15,1139.6,1159.35,1178.35,1153.2,1198.35,1203.2,1208.6,1149.9,1082.45,1084.9,1039.05,1049.95,1026.65,1064.9,1078.2,1066.4,1082.85,1055.75,1029.95,1021.65,1025,1043.85,1061.25,1145,1174.3,1169.7,1125.75,1143.2,1071.85,1019.95,1004.8,1001.65,1003.65,1014.65,1038.2,1019.5,1031.85,1010.25,987.95,1022.9,1016.1,978.1,973.8,988.45,1021.9,999.9,980.75,964.3,983.3,989.75,990.7,998,1016.95,1087.45,1135.85,1170.25,1146.25,1172.75,1122.55,1129.4,1096.95,1083.6,1094.75,1121.3,1137.65,1075.5,1073.45,1123.15,1089.3,1074.1,1077.5,1084.4,1073,1128.7,1129.6,1108.4,1067.4,1099.8,1107.4,1098.2,1089.8,1131.7,1156,1152,1111.8,1127.7,1159.9,1172,1176.6,1186.5,1167.1,1188,1164.7,1142.1,1148.2,1177.1,1174.1,1159.4,1149,1135.2,1125.2,1151.6,1138.9,1148.6,1137.4,1168.2,1194.6,1182.5,1187.1,1202.2,1232.8,1246.8,1226.8,1181.7,1163,1213.8,1190.2,1198.3,1239,1266.5,1279.3,1276,1279.7,1284.8,1301.4,1298.2,1299.6,1295.7,1247.4,1251.6,1219.2,1249.6,1261.1,1266.2,1243.6,1215.7,1218.2,1218.8,1255.4,1267.4,1280.5,1257.4,1274.3,1264.6,1246,1246,1250.4,1273.9,1271.1,1265.9,1245.3,1263.3,1260.6,1267.1,1220.7,1211.6,1229.4,1225.6,1250.1,1234.7,1221.4,1183.4,1160.2,1154.3,1181.2,1161.8,1162,1160.2,1170,1149.6,1152.9,1180.7,1179.3,1184.2,1175.4,1158.7,1153.8,1173.4,1159.7,1171.6,1157,1133.2,1137.7,1123.4,1112,1114.7,1113.2,1069.2,1139.7,1130.7,1144.4,1155.8,1156.4,1143.3,1161.5,1155.8,1175.3,1202.7,1209.6,1204,1211,1184.1,1186.4,1179.7,1189.5,1178.5,1147.8,1145.9,1138.4,1125.4,1135.3,1098,1095.4,1103.6,1098,1103.1,1121.6,1116.7,1164.4,1168.9,1181.1
GSPL,371.25,386.85,387.35,381.1,378.2,382.6,372.25,368.95,371.55,367.5,360.7,364.7,364.85,357.85,355.35,361.9,365,367.9,367.05,358.55,358.45,351.25,350.35,345.5,337.85,347.65,352.6,350.95,364,367.75,363,359.95,359.2,350.8,343.4,335.1,340.1,343.15,345.7,339.25,342.95,342.85,335.45,333.75,322.1,308.1,300.3,294.05,284.05,284.8,284.25,285.5,286.75,286.45,278.5,279.55,279.05,272.25,267.85,271.8,291.8,293.65,288.2,279.75,274.25,274.15,272.5,275.3,277.15,285.65,288.7,293.55,288.95,287.9,297.1,291.3,294.05,293.65,298.35,289.85,286.1,291.45,294.4,314.25,314.3,310,313.6,318.7,317.55,320.5,318.35,321.3,318.4,329.95,325,318.75,330.25,319,322.7,314.65,321.5,329.85,347.25,346.7,348.15,350.4,351.35,344.6,350.3,347.5,338.65,333.6,329.2,327,328.95,328.8,328.75,331.95,335.4,331.95,329,334.05,335.65,336.85,331.45,330.45,329.35,329.55,325.65,314.6,316.8,318.5,319.2,320,319.85,330.2,329.55,335.15,335.05,339,335,334.15,330.5,331.75,327.6,327.45,322.9,323.95,331.55,335.8,334.9,329.65,332.25,331.65,332.65,323.55,321.45,320.95,323.3,315.25,308.9,305.3,307.9,303.65,299.75,304.5,302.9,303.75,302.8,301.55,304.9,306.85,303,305.05,305.7,299.45,296.3,290.7,289.9,293.55,297.55,302,303.7,299.9,299.45,302.95,299.6,310,308.15,308.55,319.6,318.85,315.05,314.35,313,322.1,320.85,315.05,310.9,303.35,309.55,318.25,325.35,321,323.55,316.1,316.1,320.35,318.25,317.55,319.5,315.95,315.35,311.15,311.85,314,313.95,311.45,309.2,313.95,312.45,309.65,310.05,306.9,305.55,299.5,301.6,300.75,298.1,301.35,302.15,303.95,299.65,297.9,300.8,298.2,297.5
TATACONSUM,933.95,926.75,935.05,921.25,929.7,920.35,904.9,909.35,907.1,889.45,902.75,907.3,900.95,907.95,903.5,914.7,920.3,929.65,939.45,946.9,955,961.6,970.1,972.8,965.45,963.15,955.55,937.7,954.45,960.3,972.1,967.4,983.9,992.35,965.8,961.25,960.5,966.7,1024.65,1036.3,1034.2,1015.3,1023.35,1021.2,1027.5,1013.8,1029.75,1022.8,1022.55,1023.25,1026.95,1025.3,1008.9,1004,1002.4,1004.85,1008,963.7,953.9,954.55,956.8,958.15,962.05,957.3,959.85,945.45,946.1,941.4,946.85,949.85,965.85,961.2,970.45,970.7,959.65,973.55,1001.9,992.25,1062.7,1071,1087.85,1047.35,1069.75,1089.75,1097.9,1103.4,1105.9,1120.2,1121,1136.7,1150.1,1161.3,1155.7,1155.2,1168.9,1165.8,1156.8,1161.5,1155.3,1146,1116,1113.7,1145.6,1118.6,1120.4,1147.2,1168,1149.3,1128.5,1138.8,1126.7,1140.8,1146.3,1138.4,1121.4,1109.8,1106.3,1120.4,1114.6,1124.4,1111.9,1115.6,1121.2,1115.1,1104.3,1085.1,1078.4,1083.4,1071.6,1065.2,1088.3,1100.2,1109.4,1107.7,1126.5,1145.4,1124.3,1098.9,1095.6,1095.8,1089.4,1089.7,1101.9,1099.9,1097.9,1088.9,1076.8,1071.8,1081.8,1081.5,1105.8,1095.9,1090.3,1084.8,1062.6,1072.8,1054.4,1059.9,1061.6,1073.1,1073.2,1070.4,1072.6,1064.6,1052.8,1052.8,1051,1059.1,1046.8,1056.1,1051.2,1071.3,1085.8,1105.3,1088.1,1084.1,1081.6,1079.9,1062.4,1065.4,1075.7,1100.8,1104.4,1071.1,1072.4,1074.2,1083.5,1101,1105.3,1103.9,1102.6,1092.1,1136.3,1129.3,1126.8,1130.1,1128.5,1140.1,1134.2,1119,1123.1,1129.3,1144.8,1137.5,1142.1,1120,1120.2,1118,1126.5,1117,1118.9,1114.2,1149.3,1166,1176.4,1174.6,1161,1155.3,1169.9,1168.9,1177.1,1176.6,1165,1197.5,1179.3,1190.4,1167.2,1142.7,1156.2,1162,1154.8,1157.8,1178.9,1154.1,1162.1,1173.9,1183.1
SAPPHIRE,340.7,329.7,325.4,319.85,312.3,317.4,314.3,309.5,308.15,311.75,319.85,324.75,321.25,330.65,332.65,329.5,345.65,341.5,348.85,354.4,354.45,339.6,343.9,328.65,320.9,325.8,331.35,323.5,318.05,314.25,312.15,310.2,305.3,305.35,295.2,286.95,289.95,290.05,289.6,326.8,319.05,318.5,317.85,323.15,311.75,303.8,296.6,296.5,299.85,298,307.05,308.85,317.45,326.35,311.7,320.45,307.55,310.25,326.05,319.9,310.1,326.3,337.75,326.4,323.05,314.75,304.15,310.1,305.4,299.55,313.95,307.4,300.6,290.15,299,294.45,293.55,298.5,304.2,295.05,292.25,291.1,293,305.3,307.85,308.15,303.3,315.75,322.1,338.75,340.05,324.65,320.45,320.4,316.5,319.7,316.15,314.85,310.75,299.8,300.1,306.3,304.2,306,307.25,331,327.65,329.2,321.45,316.1,319.3,323.3,316.75,311.85,317.65,318.1,317.65,310.65,316.6,326.35,332.5,326.65,319.1,317.05,320.5,321.5,317.65,321.6,326.05,324.5,325.2,330.6,326.25,328.65,328,327.85,328.8,327.1,320.7,320.55,336.75,335.25,338.1,337.5,337.65,330.85,330.7,333.35,333.9,342.5,342.1,334.55,335.35,344.2,342.15,331.15,337.4,326.05,321.15,316.6,319.65,317.05,310.95,305.15,317.4,318.3,323.6,322.65,315.35,306.3,314.3,326.2,325.75,328.45,327,326.55,323.8,319.45,327.05,325.5,320.3,323.15,326,321.25,319.85,320.8,332.2,331.5,328.8,327.85,326.45,321.35,323.1,318.3,312.7,306,307.85,308.05,301.1,293.45,293.8,296.4,293.7,295.7,290.9,293.4,286.65,279.2,278.65,276.7,280.3,287.75,288.35,286.75,294.55,290,286.4,284.3,279.9,291.45,301.4,286.05,286.4,284.85,279,270.3,265.2,255.5,253,248.9,245.8,251.25,262.15,263.15,261.75,255,254.55
PNB,108.77,110.47,108.58,107.82,107.73,108.18,105.99,103.03,103.52,100.77,101.38,101.64,102.16,101.44,101.76,102.78,102.66,105.48,106.4,101.74,103.11,101.97,102.03,98.64,95.42,98.41,98.25,100.22,100.13,101,100.32,98.2,99.43,97.62,95.51,99.78,97.77,96.52,101.2,98.32,99.05,100.26,99.72,99.27,98.31,95.22,95.67,94.64,92.25,93.18,91.86,92.86,95.65,94.25,93.99,93.12,91.96,87.39,87.29,87.09,89.74,90.99,91.17,88.6,88.17,86.9,87.2,88.95,91.02,91.3,93.14,95.93,93.81,92.86,96.41,96.13,96.24,97.34,99,96.61,94.92,96.91,95.76,96.08,96.59,98.83,99.5,102.3,103.38,103.01,102.7,99.29,102.17,102.63,100.21,99.72,99.4,94.47,94.25,91.36,91.97,95.78,97.68,97.88,98.32,98.91,100.91,100.49,101.9,100.37,100.38,100.96,102.02,102.29,102.31,105.82,108.46,109.44,109.54,109.02,110.18,112.2,111.77,110.3,108.02,106.61,106.79,105.88,105.48,102.98,103.04,103.91,105.22,105.94,106.25,106.34,110.5,113.07,113.85,110.23,110.85,112.51,112.01,111,109.76,110.21,110.72,112.24,114.97,113.79,113.35,112.6,109.33,109.92,110.67,108.41,106.79,109.29,108.1,105.38,103.18,104.66,103.66,103.83,104.69,103.95,106.54,106.65,106.64,106.28,106.77,107.9,107.11,107.16,105.29,105.22,102.77,101.45,100.88,102.29,102.86,104.3,103.42,103.75,104.21,104.28,106.26,107.76,107.31,108.51,108.44,111.97,111.86,113.3,113.04,113.43,111.01,111.4,107.79,109.51,112.83,112.55,114.37,114.54,114.17,113.14,114.3,117.24,116.95,115.27,116.4,116.11,113.7,118.1,117.67,118.22,116.94,119.63,121.13,121.1,120.09,122.89,123.52,123.25,120.46,122.38,122.34,122.02,122.45,121.07,122.21,123,122.38,125.06,123.86,122.37,121.75
JSWENERGY,675.2,668,677.6,685.25,678.6,688.95,685.15,682.05,685,669.8,659.7,648.05,636.5,625.8,643.5,642.65,644.3,641,634.4,601.55,595.65,579.35,557.65,539.6,517.75,547.85,561.5,570.45,568,579.25,557.55,550,552.1,544.15,534.35,504,474.75,483.85,508.6,445.65,469.7,493.8,494.2,484.65,476.9,466.9,467.6,467.65,437.1,431.5,440.4,454.85,468.55,496.6,479.7,467.25,458.8,464.1,473.85,481.25,509.1,499.6,491.7,505.35,513.75,515.2,514.1,548.35,570.75,562.9,559.7,575.25,555.35,553.05,548.35,537.9,522.5,526.25,527.15,506.4,488.4,490.25,482.3,493.95,512.6,509.7,507.9,521.35,509.2,508.85,503.8,482.7,476.2,464.6,479.2,469.6,481.2,466.2,468.5,463.35,459.85,481.1,474.25,474.95,487.4,503.85,515.35,504.7,504.8,499.95,496.6,504.9,497.35,496.3,500.9,487.95,497.55,499.05,509.05,508.1,522.85,534.9,533.2,535.5,516.8,506.85,512.85,503.35,504.05,480.55,499.3,500.55,504.9,507.7,516.95,522.5,522.1,527.15,518.05,510.35,512,509.65,513.55,514.9,530.55,523.7,530.5,528.95,531.75,531.6,530.4,531.7,531.55,533.85,532.55,518.1,520.1,524.8,526.5,515.05,511.65,537.8,537.7,534.05,532.9,518.3,535.1,533.15,535,529.15,533.6,533.3,531.75,521.3,517.9,521.45,513.1,497.65,488.45,501.1,511.3,509.05,502.5,504.1,510.2,506.1,519,521.55,525.75,532,540.05,535,537.8,545.5,542.95,543.85,535.15,528.6,520.1,528.55,530.85,536.45,539.9,541,548.05,534.45,542.8,546,544.45,541.05,545.75,548.6,540.8,525.2,528.1,533.3,531.15,529.35,536.35,534.45,538.15,527.45,532.9,528.1,517.35,519.15,522.5,526.85,528.05,528.3,528.8,527.65,526.95,513.65,504.85,484.55,481
CAPLIPOINT,2385.9,2384.35,2469.65,2438.45,2446.55,2421.25,2436.25,2396.45,2393.6,2311.45,2417.65,2397.15,2399.1,2600.15,2538.1,2500.65,2512.3,2559.7,2537.55,2508.25,2550.8,2583.25,2477.5,2373.05,2258.9,2333.5,2232.8,2243.95,2206.25,2209.75,2195.25,2177.35,2215.1,2145.95,1899.2,1898.95,2001.75,2030.95,2074.35,2031.8,2106.9,2198.95,2177.05,2217.25,2120.05,2036.45,2062.5,2017.15,1915.95,1987.1,1932.55,2024.3,2049.65,2029.85,1974.9,1967.35,1922.2,1822.5,1723,1809.95,1845.65,1933.65,1942.75,1907.65,1911.2,1855.15,1841.95,1841.05,1915.2,1932.2,1958.35,1998.25,2051.35,2056.3,1990.65,2010.1,1999.8,1977.7,1977.45,2055.6,1937.05,1844.6,1863.25,1713.8,1869.4,1925.6,1971.8,1967.1,1906.7,1888.9,1888,1884.4,1806.7,1907.6,1869,1878.9,1885.4,1906.4,1852.7,1862.5,1901.8,1860.9,1944.4,2003.5,2015.4,2000.6,2010,2161.1,2127,2252.4,2288.5,2192.8,2180.8,2171.8,2146,2162.6,2152.6,2159.8,2169,2158.7,2122.8,2093.3,2051.1,2031.3,2116.2,2113.4,2140.3,2095.7,2079.8,2088.8,2050,2045.6,2022.5,2056.4,2107.9,2080.2,2084,2117.6,1998.2,1982.3,2002.4,2017.8,2054.6,2020.5,2031.4,2042.5,2023.3,2033.1,2072.9,2079.3,2109.5,2103.3,2100,2079.2,2109.1,2098,2036.9,2051.3,2085.7,2145.8,2066.4,1988.1,2008.6,1957,1929.6,2058.3,2111,2107.7,2096.4,2156.9,2135.2,2151.7,2136.3,2120.9,2211.1,2168.1,2162.2,2084.5,2156.2,2098.6,2109.7,2127.4,2161,2117,2138.4,2176.2,2203.9,2219.7,2237.6,2245.6,2273.3,2247.4,2330.1,2321.5,2343,2320,2253.6,2261.1,2183.6,2036.9,2010.2,1966.1,2058.5,2019.9,2021.4,1997,2005.4,2026.1,2056.8,2007.9,1969.5,2019.4,2015.3,1987.6,2010.6,2029.9,2023,1993.1,2016.1,2012,2021,2030.5,2032.8,2006.2,1995.2,2004.4,1932.5,1943.2,1947.9,1946.1,1936.4,1925.5,1943.2,1914.9,1931.3,1920.5,1918.8
HFCL,130.93,126.91,126.49,124.77,125.23,125.61,120.98,118.87,117.13,113.35,112.6,114.32,114.67,112.99,110.93,112.63,114.02,114.54,114.4,106.52,109.15,107.23,104.88,100.47,93.07,98.07,97.19,102.34,103.75,105.48,101.58,99.17,101.03,99.15,94.25,93.87,96.14,95.16,98.03,101.72,100.74,101.84,99.98,100.54,97.98,92.5,92.04,91.24,85.7,87.03,83.58,88.8,91.15,89.41,87.36,86.23,83.15,79.19,79.6,79.95,83.44,82.99,83.87,80.25,80.26,79.12,77.55,80.44,82.01,81.44,82.81,84.94,81.25,79.77,81.25,79.1,80.77,81.75,83.22,79.16,74.34,75.96,75.06,76.01,82.52,82.39,83.3,85.89,85.64,85.73,85.4,81.15,81.85,81.2,79.39,78.15,80.59,76.35,77.71,75.41,74.14,81.9,82.73,85.65,90.08,88.43,89.8,86.04,85.13,84.5,87.1,85.97,87.32,87.61,88.43,87.59,89.06,87.53,89.87,88.89,91.42,91.99,91.74,91.57,88.03,86.8,84.72,81.91,82.37,79.37,81.72,81.74,83.65,87.15,87.52,86.96,86.54,86.01,85.68,84.52,84.6,83.35,83.09,82.5,82.15,81.21,82.23,82.72,83.37,82.61,81.56,81.73,80.32,80.71,79.25,75.94,76.38,78.67,77,75.57,73.26,75.01,74.02,72.86,73.96,72.95,73.19,71.99,71.6,71.09,72.93,74.38,75.27,72.8,73.62,74.24,71.82,69.71,70.23,71.33,70.28,71.68,69.99,69.84,70.97,70.06,70.68,70.28,73.02,73.87,76.46,75.12,77.64,76.42,74.85,75.34,75.67,76.4,72.1,74.07,72.88,73.42,75.87,74.44,74.46,73.22,73.98,76.04,76.41,74.94,77.23,77.32,75.46,76.41,77.21,76.7,77.74,76.85,75.66,77.15,74.67,73.51,77.51,76.97,74.69,74.87,74.22,78.3,76.86,75.69,75.86,76.22,74.32,73.79,73.4,71.65,71.16
PGEL,857,849.85,848.4,856.4,916.55,1000.15,984.5,942.8,950.85,918.95,950.85,966.65,962.6,993.25,1008.4,980.6,1023.7,1013.6,1016.65,996.4,979.75,950.5,922.2,881.85,827.25,851.5,849.85,900.85,861.5,856.95,805.95,756.25,772.2,745.95,725.95,643.15,725.9,720.45,782.5,784.45,804.9,834.9,840.65,863.6,816.05,804.8,828.8,810.9,759.9,783,742.5,807,827.45,826.55,809.25,814.9,794.85,794.8,806.45,841.15,847.3,870.85,877.05,899.05,892.45,854.5,835,836,888.35,893.15,915.25,946.2,945,883.75,870.15,927.05,916.6,901.6,916.6,936.9,871.65,813,865,851.4,917.8,956,960.85,948.45,934.65,968.45,956.1,927.1,871.15,884.8,866.4,844.3,827.9,821.75,794.7,845.7,829.6,798.45,881.45,846.9,833,809.35,804.05,787.45,822.25,792.6,756.1,774.4,771.55,765.2,779.9,770.45,771.45,790.25,764.65,759.55,778.4,772.55,769.25,763.25,764.8,757.65,751.55,761.8,765.2,763.05,746.35,739.4,735.3,764.45,762.7,753.35,760.9,754.65,723,745.95,762.25,754.5,759.15,740.5,788.75,773.35,767.7,783.65,808.9,828,826.05,809.05,806.95,788.9,791.15,801.25,800.7,789.35,806.95,805.4,811.65,778.65,789.3,790.9,751.95,736.85,588.8,506,515.2,486.1,489.65,528.6,540.3,536.6,559.15,563.7,584,557.25,541.25,533.1,554.95,560.3,553.2,555,554.15,551.75,566.25,572.3,570.05,569.9,573.2,569.9,569.05,567.4,571.15,561,558.2,544.3,539.75,514.65,504.7,502.3,510.85,514.15,517.2,521.25,514.7,553.15,585.95,583.75,569.05,571.3,568.85,588.25,584,583.2,575.75,575.95,571.95,565.3,574.6,573.8,570.95,575.95,568.75,550.1,528.3,532.3,529.2,528,559.45,578.1,580.35,582.9,579.8,590.55,591.4
HDFCLIFE,641.8,633.3,634.65,626.55,632.55,634.95,626.75,624.55,623.55,623.8,622.55,622.5,626.4,621.9,617.4,617.05,617.2,620.15,623,605.95,619.85,618,612.2,608.65,599.75,600.45,594.2,641.4,642.2,634.05,624,618.2,621,621.1,610.2,611.55,628.35,634.15,638.05,621.4,625.9,627.85,631.95,635.7,635.7,618.6,629.15,629.6,626.2,623.25,618.95,622.85,620,622.85,617,622.15,618.4,608.5,618,616.5,621.2,618.25,625.2,625.9,636.95,632,622.4,640.55,664.55,674.35,679.6,679.9,673.1,668.4,681.9,685.7,692.9,696.15,692.9,689.05,665.95,685.75,684.8,685.55,704.7,716.05,720.05,712.2,712.55,709.1,708.4,704.55,710.85,715.05,743.7,727.75,738.9,722.6,723.9,722.95,713.6,734.6,735.05,741.7,751.2,750.55,750.95,747.05,759.7,755.85,780.4,780,775.8,789.45,780.9,776.85,766.7,757.9,758.8,761.6,755.1,760.4,762.45,764.2,754.5,752.85,770.55,773.95,766.2,761.85,778.95,774.15,779.7,785.1,799.45,806.95,814.3,809.9,789.7,785.85,785.1,789.45,794.15,786.3,771.25,759,764.75,756.85,755.95,751.8,739.5,752.3,763.3,762.5,757.3,762.35,761.2,756.35,757.45,755.5,741.7,739.8,738.5,752.55,755.7,761.55,764.75,766.2,776.6,788.75,791,793.75,796.55,795.45,788.75,787,776.6,775.35,772.05,781.8,782.75,776.45,754.25,759.55,753.75,761.1,777.6,774.25,779.65,777.2,774.35,768.05,784.6,782.2,787.8,775.05,770.25,765.05,764.4,756.6,756.45,764,759.2,763.05,755.6,747.3,754.35,747.3,746.55,743.55,761.15,742.85,745.95,742.25,743.7,743.65,734.95,737.25,747,761.3,746.6,731.85,736,742.45,736.05,749.25,750.7,763.9,783.1,782.2,773.7,770.25,761.8,761.1,762.2,764,761.65
SRF,2302.35,2343.6,2336.45,2298.8,2296.7,2306.45,2280,2272.05,2283.95,2277.6,2286.55,2277.85,2262.15,2264.45,2255.15,2237.95,2211.3,2224.75,2284.9,2277.45,2308.45,2350.95,2673.9,2601.1,2516,2509.75,2491.7,2583.8,2606.45,2612.1,2575.15,2523.15,2596.75,2583.95,2570.4,2600.2,2664.85,2831.15,2809.85,2942.7,2970.25,2958.75,2894.3,2879.95,2856.05,2812.15,2828.35,2841.45,2752.25,2747.8,2741.1,2728,2795.9,2778.9,2759.35,2768.05,2854,2795.4,2826.7,2853.3,2844.85,2851.6,2935.35,2938.15,2921.25,2958.6,2951.8,3023.5,2989.9,3005.35,2993.1,3024.35,2991.35,2945.65,2893.9,2946.45,2939.15,2879.5,2981.6,2901.2,2854.85,2715.2,2760.15,2744.4,2947.35,3007.2,2991.6,2990.4,3029.3,3015,3000.6,3038.5,2968.1,3040.3,3020.5,3008.9,2970.2,2980.6,2928.1,3055.7,2952.8,3004.3,3014.5,2928.2,2882.6,2876.6,2914.9,2977,2950.3,2951.3,2905.2,2900.2,2891.4,2880.3,2897.4,2892.3,2861,2898.9,2954.3,3046.9,3106.7,3123.5,3126.3,3091.8,3085.2,3105.7,3099.6,3098.2,3096.4,3074.4,3013.2,3030.1,3032.5,3053.7,3080.5,3134.5,3174.8,3242.1,3200,3255.6,3232,3230.5,3239.4,3286.5,3280.5,3259.6,3182.5,3169.4,3223.6,3201.2,3202.5,3187.1,3130.4,3136.5,3193,3150.4,3040.8,3056.6,3110,3086.5,3040.8,2985.2,3050.4,3042.8,2968.9,2904.1,2861.2,2880,2846.2,2855.2,2841.9,2929.7,2929.6,2924.2,2912.8,2917.5,2911.7,2849.2,2850.8,2836.4,2897.8,2903,2949,2889.9,2851.8,2887.2,2934,2978.2,2985.5,2971.7,2948.7,2951.8,2948,2937.5,2937.2,2914,2903.2,2907.1,2879.1,2806.9,2798,2823.6,2907.1,2919.4,2940.2,2964.8,2972.7,2996.9,3024.5,3047.4,3044,3088.6,3190,3169.4,3179.9,3148,3077.4,3082,3019.4,3027.7,3027.8,2981.1,2930.5,2968.1,2941.7,2899.3,2896.8,2903.9,2929.9,2941.4,2912,2839.1,2833.1,2816.6,2786.4,2851.6,2838.4
HONAUT,40776.6,41390.3,41699.7,40882.35,40702.45,40874.1,40512.9,39813.95,40884.6,41077.8,40648.15,41005.95,42228.25,41315.6,41537.45,41956.05,42136.6,42370.1,43082.8,41760,42687.65,41907.15,42151.7,41340.75,40125,40585.15,40886.05,40717,40597,40544.1,40330.2,40496,41600.9,41626.5,39786.15,39024.3,40040.6,40508.3,40472.25,38109.85,38237.15,38160.45,38201.5,38338.3,37140.15,36319.25,34953.65,35277,34690.95,33834.05,33389.55,33746.55,33762.4,33813.4,33482.25,33575.55,33871.55,33701.65,33842,33612.1,34314.3,35140.85,35812.8,34499.45,34131.4,34302.55,33850.45,33892.75,34560.65,33867.35,33910,33258.6,32649.8,33732.7,33814.5,33684.4,33716.4,34137.55,34382.85,33609.25,32697.4,33561.3,33923.65,34014.65,34140,34235,34250,34665,34315,34205,34720,34495,33930,34165,34520,34805,35070,34870,35200,34945,34185,35210,35815,36080,37895,38820,38080,37000,37775,37080,37310,37205,38130,37920,38820,38530,39070,38765,39315,39100,39070,39010,38980,38860,38105,38120,38100,38005,37720,37545,37510,37785,38425,38760,38650,39680,39355,38875,38815,41200,40980,40710,40870,40510,40635,40320,40555,40730,40470,40595,40470,40535,40655,40530,39805,39700,38180,38275,38655,38770,38725,38175,37525,37010,36845,36205,35915,35585,36855,37060,37595,38095,38185,37935,38090,38160,37890,39015,38740,38385,37660,36755,36110,35400,35990,35690,36325,36695,37240,36815,36915,37305,37600,37215,36930,36805,36570,36575,36100,36080,36095,35970,35710,35500,35715,36175,36240,36475,36155,36090,36155,36090,36310,36345,36460,36325,36680,37010,36935,37395,36870,36495,36615,36745,36240,36070,36015,35505,35495,35515,35530,35450,34830,34795,34685,34135,36265
KIMS,622.85,614.9,611.5,599.85,592.25,593.85,596.15,582.65,595.25,592.9,590.2,598.9,588.55,595.75,602.55,598,603.35,613.9,627.7,630.5,649.35,660.9,653.75,649.7,617.85,619.15,618.1,612.75,609.25,623.1,621.9,613.45,618.4,606.05,591.95,595.6,608.15,601.15,609.2,617.05,639.95,649.1,654.1,642.25,612.55,604.05,606.6,591.6,581.35,561.25,545.1,537.25,542,535.45,524.1,515.6,531.6,521.05,518.6,513,508.45,525.95,512.5,513.65,526.95,549.7,570.55,595.9,580.35,590.5,591.55,614.15,642.25,638.2,612.9,622.5,639.6,618.2,609.65,605.25,593.95,568.9,584.25,594.15,616.75,630.55,645.45,654.55,660.75,683.6,691.3,667.1,674.55,671.25,676.3,656.85,658.95,661.7,662.6,643.75,634.5,635.15,651.55,659.05,640.05,643.75,640.3,645.1,639,662.75,668.55,672.9,670.85,654.2,651.85,649.15,684.25,664.1,675.3,668.5,654.2,660.4,654.95,650.65,671.35,661.3,679.95,679.55,659,665.1,648.7,632.55,623.8,626.85,652.25,676.75,663.4,673.6,686.25,671.95,673.75,686.05,694.95,701.3,708.35,713.9,709.85,710.3,715.2,742.95,741.65,761.25,747.1,751.15,763.85,789.35,761.95,771.05,749.85,750.45,751.2,756.45,747.15,740.65,753.9,743.05,711.3,726.5,735.85,731.2,745.05,761.75,769.15,758.5,746.15,736.8,756.6,745.8,737.4,723.9,727.5,736.95,737.6,738.1,742.95,736,748.15,755.65,762.4,758.8,754.95,757,742.95,740.3,744.6,739.15,736.4,726.45,732.6,726.7,701,700.15,687.9,690.35,722.2,706.45,705.65,690.3,700.6,713.8,715.7,727.45,733.8,719.9,719.9,727.2,720.2,719.9,718,721.65,735.35,728.35,721.05,726.75,716.85,720.3,728.1,700.95,670.3,687.35,678.15,665,676.05,668.2,663.75,673.05,670.1
CESC,199.66,194.36,193.22,190.75,187.5,188.73,187.46,184.79,186.97,182.74,184.75,183.44,184.82,184.59,185.31,185.93,186.12,189.32,185.9,176.08,179.23,174.42,169.89,162.42,152.02,153.69,154.09,150.78,152.65,153.46,147.47,142.47,145.12,139,136.21,132.4,138.65,141.54,142.98,135.15,137.56,139.47,138.15,135.2,133.48,129.01,127.93,125.92,122.18,125.92,127.9,131.54,137.85,136.56,136.95,133.25,134.25,130.79,132.54,136.99,141.32,139.86,140.94,139.41,139.13,139.58,138.67,140.05,141.96,147.62,146.82,150.82,153.86,150.99,150.39,152.88,153.86,152.98,153.91,157.43,151.83,149.46,150.41,150.05,153.7,156.98,157.68,158.16,161.98,159.35,160.3,158.6,153.96,159.34,157.17,159.01,158.93,164.97,162.77,164.62,160.78,157.71,166.76,164.04,167.81,163.08,165.19,172.69,174.16,171.92,168.21,170.3,169.26,167.47,167.03,168.05,162.4,164.5,161.46,168.87,166.54,168.08,170.15,171.3,171.71,165.88,164.48,167.85,163,163.72,161.45,163.39,163.45,166.56,172.4,173.19,172.3,171.75,176.45,177.09,178.08,178.6,180.53,180.39,180.76,178.44,174.81,180.07,181.85,181.3,180.7,178.74,178.82,177.93,178.14,175.14,173.11,173.99,177.03,176.61,169.51,165.53,163.8,164.27,161.52,165.84,163.19,161.99,164.81,164.32,162.92,164.45,164.63,163.43,164.72,166.81,164.24,161.64,154.17,152.19,156.04,156.81,155.16,153.76,153.49,155.02,158.06,161.11,161.1,160.06,166.39,168.11,166.92,165,169.46,168.19,166.84,167.19,167.24,163.55,161.69,161.95,162.37,166.33,166.42,162.69,166.19,170.25,171.16,170.76,167.43,176.2,174.96,170.41,179.13,180.52,181.17,184.65,180.12,178.74,181.61,180.04,179.96,179.88,182.05,175.6,174.75,172.54,171.1,171.84,172.22,174.41,175.7,174.89,171.38,169.83,172.01
NAM-INDIA,734.55,805.9,789.7,777.2,773.05,784.25,762.4,754.95,750.15,750.25,745.8,752.2,740.8,731.25,716.95,727,753.95,757.85,758.25,729.95,722.75,701.5,677.65,667.6,635.8,635.6,660.25,685.65,687.75,689.7,659.85,642.9,654.2,620.95,579.4,569.45,572.65,573.1,583.8,570,580.35,630.35,605.2,599.65,579.15,540.85,553,551.1,517.2,521.35,514.35,521.9,536.3,532.15,529.8,537.75,524.45,513.3,514.2,519.25,538.6,535.9,528.95,521.65,534.95,524.15,524.5,540,543.15,563.75,554.9,563.1,590.25,601,589.45,589.75,578.55,569.2,593.75,584,564.35,532.45,555.55,526.75,551.1,581.25,581,596.85,633.65,661.95,670.6,670.9,640.2,635.65,622.7,638.7,632.65,653.2,635.75,654.45,639.5,624.2,672.3,704.9,702.05,712.35,727.85,748.95,745.85,741.5,719.85,725.25,724.45,745.1,734.85,732.85,740.95,740.9,733.5,747.35,746,790.5,806.45,779.5,753.95,736.35,735.5,745.7,761.95,745.6,734.75,759.45,774.55,782.25,792.6,795.35,783.75,800.05,807.65,800.35,803.45,789.7,779.2,788.1,801,815.1,804.85,809.7,845.6,869.4,850.45,841.45,863.2,857.15,845.95,828.7,809.7,793.35,807.5,823.55,812.35,803.8,813.05,816.05,812.9,809.95,800.6,805.95,799.1,799.6,804.55,828.65,861.7,866.15,862.4,864.85,843.45,825.7,798.5,784.75,799.75,790.25,816.15,812,798.05,802.6,807.15,820.9,818.2,827.75,832.25,833.3,846.75,838.95,834.8,841.5,837.85,851.55,858.45,855.9,871,868.35,876.1,887.1,871.8,875.05,860.9,857.7,871.85,884.55,879.85,898.6,887.2,913.3,951.05,968.2,940.75,922.75,915.65,904.95,857.9,871.8,874.8,870.4,881.55,866.85,849.55,891,870.6,873.1,884.95,863.25,858.9,862.25,883.1,885.8,881.35
SOLARINDS,10962.9,10792.95,10863.95,10668.75,10396.7,10531.75,10557.7,10322.65,10235.3,9787.6,9685.75,10178.95,10215.15,10183.25,9527.35,9783.3,9864.25,9698.95,9744.2,9479.45,9690.1,9621.05,9635.6,9529.95,8922.4,9203.3,9533.25,9635.15,9713.4,9748.5,9581.85,9300.55,9558.9,9478.2,9309.1,9251.95,9568.55,10063.7,10194.65,9510.3,9749.75,9653.75,9115,9085.8,9174.95,8816.25,8956.8,8807.2,8862.4,8619.35,8609.2,8783.7,8935.65,8850.5,8865.95,8870.1,8723.5,8710.6,8977.8,9038.4,9238.35,9386.85,9486.5,9837.1,9765.3,9781.1,10097.15,10085.65,10310.8,10424.45,10650.65,10870.3,10772.7,10981.4,10935.1,11244,11131.6,11194.95,11293.6,10987.1,10645.25,10930.75,10873.55,11317.05,11945,12128,12233,12475,12834,13084,13247,12757,13123,13452,13172,13049,13191,13188,13295,13118,13487,13289,13592,13724,13880,14025,13704,13489,14192,15008,15334,15885,15890,16113,16249,16104,16294,16619,16809,17023,16523,16827,16907,16587,16652,16850,17009,17155,17098,16882,16996,17056,17097,17000,17266,17484,17598,17196,16939,16822,16856,16717,16511,16502,15904,15420,15213,15366,15190,15147,14906,14926,14938,14826,14752,14505,14467,14471,14469,14220,13807,14366,14920,15014,14896,14462,14891,14592,15039,15100,14957,14699,14463,14581,14845,14654,14233,13813,13795,14046,14018,14293,14059,13915,13935,13882,14017,13985,14403,14484,14609,14820,14617,14672,14464,14215,14022,14148,13766,13545,13326,13374,13853,14140,14143,14007,14239,14110,14000,13976,14052,14035,14058,14084,14107,14022,14017,14019,13853,13960,13901,13878,14161,13624,13376,13573,13407,13788,14084,13759,13880,13910,13770,13809,13951,13758,13367
ADANIENT,2419.69,2391.91,2382.27,2427.69,2450.42,2435.73,2411.69,2382.41,2345.52,2273.39,2267.58,2300.05,2327.01,2336.41,2513.24,2451.49,2476.89,2518.43,2486.34,2398.94,2443.64,2438.5,2402.29,2301.95,2157.25,2307.91,2315.28,2353.76,2326.57,2368.26,2311.54,2304.03,2312.22,2244.45,2190.75,2216.29,2247.85,2183.86,2217.99,2192.83,2231.27,2253.66,2241.89,2267.43,2220.9,2250.9,2281.63,2176.2,2086.96,2155.84,2152.55,2114.25,2112.51,2068.01,2050.61,2064.86,2046.53,2032.04,2052.5,2079.35,2177.32,2184.1,2178.92,2160.3,2181.92,2173.39,2153.32,2183.96,2238.06,2247.9,2267.92,2290.7,2296.42,2249.54,2242.03,2291.23,2245.13,2263.99,2297.1,2337.23,2263.41,2145.18,2215.95,2168.64,2250.56,2344.41,2341.89,2344.31,2368.16,2370.88,2378.73,2367.97,2282.46,2297.49,2259.48,2231.08,2224.19,2380.57,2282.17,2281.3,2215.56,2182.31,2351.29,2366.71,2386.78,2443.1,2477.03,2463.07,2425.26,2424.1,2411.69,2462.49,2469.96,2462.78,2438.25,2463.27,2443.01,2441.94,2395.5,2413.44,2427.98,2456.87,2503.31,2533.36,2502.43,2466.08,2431.37,2466.37,2412.56,2384.06,2346.74,2373.69,2396.57,2429.14,2450.08,2507.28,2565.55,2539.47,2541.8,2549.94,2531.52,2519.79,2497.49,2512.23,2504.18,2502.24,2480.62,2502.53,2518.92,2528.9,2536.75,2516.88,2539.57,2508.83,2534.72,2528.8,2472.28,2445.33,2470.15,2455.61,2356.53,2279.16,2291.47,2257.16,2230.11,2181.15,2111.64,2213.72,2218.38,2210.52,2211.98,2262.39,2315.52,2314.26,2304.66,2253.96,2232.63,2202.67,2205.77,2176.2,2214.5,2204.8,2218.86,2209.26,2211.78,2240.38,2241.06,2268.79,2325.6,2319.01,2310.67,2326.18,2328.7,2328.7,2446.98,2549.26,2594.73,2539.86,2497.78,2466.08,2432.92,2429.43,2513.58,2510.87,2494.97,2464.62,2447.08,2464.82,2473.06,2450.28,2440.19,2455.51,2479.55,2471.61,2470.34,2472.09,2468.12,2427.78,2416.73,2418.28,2459.97,2449.79,2405.29,2391.72,2345.96,2243.68,2297.1,2298.36,2294.58,2408.69,2412.27,2440,2462,2436.8,2433.1,2446.1,2422.3
ADANIPORTS,1266.85,1248.75,1233.8,1244,1259.95,1243.15,1231.9,1210.05,1205,1182.45,1191.8,1182.2,1243.95,1230.7,1218.5,1231.1,1218.7,1226,1199.55,1163.05,1174,1152.3,1132.35,1112.2,1066.65,1117.1,1128.9,1150.75,1163.5,1148.7,1106.2,1102.25,1104,1094.15,1082,1080.7,1096.95,1077.05,1099.35,1084.85,1125.1,1144.35,1164.05,1146.1,1144.2,1140.1,1128.95,1111.55,1062.7,1082.9,1085.15,1082.85,1111.7,1083.25,1070.4,1080.35,1078.95,1069.4,1053.05,1057.95,1112.7,1136.2,1144.5,1142.9,1135,1128.3,1119.2,1137.15,1158.8,1173.5,1177.45,1188.8,1200.8,1182.45,1181.6,1196.75,1182.95,1174.75,1195.45,1199.9,1148.35,1110.65,1131.35,1131.8,1164.55,1210.8,1232.9,1259.4,1243.1,1233.2,1239.1,1236.4,1193,1209.9,1216.4,1216.5,1267.1,1347.1,1320.8,1338.2,1333.1,1306.3,1362.1,1369.2,1371.8,1406.2,1407.4,1398.3,1384.6,1384.6,1371.4,1395.4,1400.2,1404.2,1411,1438.6,1432.8,1468,1432.3,1436.2,1456.7,1471.7,1467.1,1473.8,1456.4,1445.8,1405,1400.6,1392.3,1372.6,1338,1349.3,1354.8,1389.5,1393.1,1429.3,1440.2,1450.2,1447,1443.9,1431.1,1424.4,1435.6,1448.5,1443,1443.1,1431.7,1433,1445.1,1456.7,1452.5,1443.1,1450.5,1420.7,1420.8,1411.6,1396.3,1376,1395.9,1394,1373.1,1347.1,1388.9,1358.1,1367.1,1345.4,1325,1339.4,1330.5,1319.6,1300.3,1327.2,1369.4,1370.6,1361.8,1341.2,1340.4,1315.4,1315.4,1312.8,1335.3,1336.2,1332.4,1328.2,1321.8,1348.3,1380.9,1389.1,1393.1,1393.1,1395.2,1408.2,1406.1,1412.8,1427.8,1444.2,1441.6,1431.6,1407.2,1392,1383.2,1403.5,1422.7,1419.1,1400.5,1399.5,1394.3,1395.6,1409.4,1437.8,1429,1450.7,1479.5,1479.4,1467,1473.5,1453.1,1429,1420.6,1417.9,1454.8,1457.9,1451.5,1444.7,1444.4,1436.8,1448.3,1444.9,1474.4,1506.9,1499,1512.7,1507.6,1495,1484.2,1491.1,1479.8
DEVYANI,173.41,170.03,172.25,169.6,168.47,165.33,171.01,170.26,170.89,172.37,177.3,179.59,182.88,192.72,183.7,182.45,183.13,189.09,190.08,197.75,195.91,191.01,187.14,180.19,177.63,178.3,193.29,184.34,185.14,183.58,179.49,182.07,178.28,171.22,165.48,162.51,167.66,165.37,168.65,185.01,182.99,181.62,180.57,179.5,178.03,169.96,166.01,160.61,158.29,160.38,161.65,168.56,179.98,176.53,170.99,178.46,173.36,165.02,167.04,166.47,170.87,171.35,168.88,161.76,159.2,155.67,152.39,153.18,153.44,150.99,150.11,148.52,148.32,148.69,149.85,149.14,149.81,152.17,151.88,145.28,140.5,146.7,147.09,155.92,163.71,165.21,165.31,172.12,175.67,175.59,179.16,175.2,176.06,177.1,178.65,176.9,178.51,176.97,183.04,172.61,176.74,176.7,175.51,174.04,178.56,186.89,182.68,184.52,183.11,180.19,179.68,175.54,171.97,173.24,170.08,167.59,169.08,166.93,168.32,169.05,171.1,174.48,173.01,172.91,168.25,165.71,165.73,170.15,170.73,170.03,166.6,166.64,168.99,172.21,171.87,171.52,167.77,168.67,166.41,167.19,172.96,172.65,171.28,171.04,171.57,169.33,169.47,174.9,173.38,175.21,176.16,176.42,177.02,174.81,174.58,171.76,169.92,166.93,164.87,163.1,161.47,163.88,161.27,160.78,159.99,155.69,153.43,153.46,158.86,155.19,155.45,167.09,169.65,174.11,171.27,169.27,174.09,175.17,174.22,175.15,174.89,175.22,179.3,179.72,180.19,186.32,185.36,188.9,187.23,183.83,182.12,179.05,177.47,178.64,175.51,175.12,177.01,173.22,169.91,169.93,168.03,171.74,167.35,165.31,165.56,164.97,165,163.48,162.15,160.15,164.61,167.74,167.58,165.58,167.41,166.51,162.54,162.96,163.96,167.72,167.8,161.8,161.18,159.27,155.67,147.97,146.65,142.04,143.22,138.61,138.07,142.57,148.08,145.58,147.32,144.29,138.83
BAJAJHLDNG,11122,11197.75,11167.75,11273.45,11131.75,11023.5,11270,11184.05,11331.5,10746.75,11115.15,11048.6,11202.05,11300.9,12630.8,11886.75,11843.1,11918.95,11607.95,11025.95,11101.3,11270.8,11168.9,10827.85,10314.8,10620.6,10849.15,10937.35,10802.1,10861.8,10797,11286.4,11198.3,11290.1,11193.2,11029.3,11426.85,11206.05,11559.7,12205,11735.85,11381.9,11424.4,11271.15,11523.2,11513.6,11877.1,12142.65,12075.2,12013.65,11994.15,11732.1,12454.3,12207.85,12001.85,11642.05,12068.65,11574.35,11346.75,11209.15,11560,11361.95,11774.95,11637.2,11384.55,11458.3,11320.2,11648,11619.4,11870.05,11998.7,12273.55,12435.5,12521.5,12599.05,12462.55,12473.05,11911.45,11515.1,11499.85,11506.9,10779.6,10811.75,11092.3,11282.15,11826,11585,11955,12207,12324,12422,12379,12198,12354,12316,11973,12014,11901,11858,11907,11549,11238,12094,11921,12020,12630,13111,13973,12932,13142,13198,13748,13978,13803,13617,13327,13414,13418,13158,13414,13482,14251,14251,14382,14361,14090,14084,13978,13789,13684,13465,13614,13459,13774,13721,13870,14134,14379,14341,14417,14184,14227,14288,13882,13862,13875,13752,14148,14164,14095,14100,13848,14035,14070,13973,14165,13852,13802,14062,14059,13963,13848,13899,13861,13607,13780,13718,14047,13805,13917,14136,14523,13785,13642,13700,13545,13265,12997,12966,12770,12544,12620,13023,12981,12926,12771,13064,13054,13099,13211,13198,13525,13663,13467,13206,13279,13265,13203,12899,12698,12462,12247,11996,11819,11802,12089,12093,11909,12074,12354,12211,12217,12501,12655,12605,12732,13144,13144,12953,12787,12619,12446,12303,12127,12091,13139,12580,12614,12156,11998,11981,12570,12124,11872,11733,11747,11641
GRAPHITE,568,567.3,568.05,559.3,565.25,562.3,554.65,560.65,565.4,563.55,560.05,558.45,558.1,560.45,557.1,565.3,567.7,569.65,570.3,555.45,553.15,547.05,547.05,525.25,498.25,498.15,509.65,506.05,511.75,513.15,495.1,491.6,488.45,501.1,483.05,460.55,472.3,466.15,475.9,469.85,499.95,499.55,502.25,496.45,484.5,455.4,441.75,439.6,409.3,400.7,389.45,401.45,424.8,420.4,409.65,401.05,394.2,391.45,374.45,379.6,391.95,410.9,412.85,400.45,426.8,433.05,441.45,461.25,461.05,458.65,464.15,460.1,495.9,503.3,493.4,477.95,484.4,499.7,497.25,479.8,451.45,462.15,446.6,451.8,468.45,474,482.1,485.45,482.35,482.6,476.35,461.9,469.5,459.65,452.2,449.45,471.25,459.35,460.25,449.3,436.85,466.15,462.75,485.4,481.85,486.4,568.2,542.9,539,529.9,539.4,536.9,535.5,531.2,553.25,546.15,544.8,555.25,570.15,555,542,553.95,552.95,550,533.95,523.35,538.45,538.15,553.7,538,545,560.55,550.5,558.3,557.35,569.75,566.2,572.85,563.4,566.7,564.3,555.5,557.8,559.6,564.65,562.4,585.3,584.65,587.15,579.1,579.15,576.75,562.65,575.75,563.65,542.3,539.5,550.4,554.7,572.75,527.25,527.1,532.15,536.05,530.95,523.35,523.3,537.1,539,534.45,548.35,553.5,543.75,541.2,537.15,527.6,520.8,515.5,510.8,517.9,518.85,524.95,521.35,516.45,515.05,519.9,523,522.15,533.4,538.3,544.75,554.55,565.45,569.9,569.45,573.6,572,570.9,553.55,545.75,555.45,548.65,555.15,567.55,574.25,590.35,589.95,563.25,554.2,551.2,557.3,556.2,551.35,548.3,556.5,556.55,556.45,562.55,590.3,630.55,636.05,623.15,618.65,612.8,591.15,577.25,538.55,569.8,568.4,571.35,571.65,573.7,596.4,568.55,562.55,555,553.85
NATIONALUM,250.56,250.21,249.53,230.78,226.46,219.91,226.63,226.88,220.87,215.36,217.49,213.38,217.07,213.59,209.66,211.7,214.13,216.55,208,200.08,205.87,204.38,199.27,202.26,191.6,199.51,195.21,198.63,205.54,210.55,205.93,203.44,205.8,203.2,197.46,189.53,193.79,193.13,202.24,189.53,195.88,199.64,196.88,200.49,191.05,183.31,189.68,191.46,181.63,180.74,179.57,187.08,193.09,201.01,189.53,180.79,179.36,177.6,179.39,179.08,189.29,192.79,195.17,188.12,189.71,191.54,187.87,188.55,186.38,190.57,185.52,187.04,180.66,179.24,178.81,175.53,175.29,174.21,172.66,157.7,144.69,146.62,143.45,143.22,151.42,151.22,152.89,161.41,158.79,162.07,162.03,156.5,159.87,157.6,156.47,159.77,160.86,154.88,158.28,154.12,156.84,168.95,165.04,173.16,178.56,177.19,181.93,179.07,181.75,184.95,183.84,183.54,181.95,183.27,183.62,180.35,180.77,182.1,182.72,182.4,188.47,187.24,191.7,190.01,187.06,185.68,188.03,185.17,186.19,181.93,183.99,188.28,189.75,187.94,193.59,190.83,192.7,190.27,192.41,192.25,192.09,188.56,189.91,186.23,188.95,189.5,189.47,190.48,188.02,189.12,188.02,194.99,196.69,198.09,198.9,193.66,187.7,189.68,187.13,185.06,180.7,187.14,187.26,188.63,189.76,187.41,187.07,186.52,189.94,187.58,188.33,191.31,192.22,191.47,188.87,190.41,186.02,184.79,186.18,191.79,200.53,207.12,206.67,212.14,210.56,206.62,209.13,214.4,218.3,216.79,216.48,213.26,213.8,211.6,210.94,208.84,206.09,205.61,200.58,203.91,213.87,214.5,221.16,217.15,217.07,223.62,229.55,224.3,225.38,223.91,226.55,226.84,225.35,226.03,227.35,228.28,236.1,237.87,236.76,238.1,238.08,234.14,238.66,233.27,230.59,234.73,257.36,265.66,266.95,268.67,262.57,260.76,257.3,256.6,257.62,250.68,251.06
ZYDUSLIFE,982.45,974.2,986.45,976.5,978.5,987.75,969.9,979.55,985.6,973.5,973.35,964.8,957.65,972.4,956.95,971.7,973.8,990.75,975.8,961.45,1000.85,981.45,1010.5,1004.4,975.1,1000.15,984.9,988.15,994.65,995.5,985.9,978.5,989.15,957.6,922.6,910.25,932.15,953.45,970.25,962.7,974,977,1008.2,994.15,964.65,942.25,934.05,942.85,901.85,923.9,914.05,891.45,899.65,885.35,891.25,882.95,886.45,876.6,870.45,871.65,887.45,907.4,900.8,893.7,899.85,888.25,883.1,880,902.15,909.9,917.25,918.6,923.7,907.35,907.5,890.75,886.4,877.5,891.15,901.9,866.9,837.6,859.1,844.4,868.85,883.15,822.1,831.55,845.35,852.7,868,880.25,859.65,886.55,888.05,888.25,885.6,892.5,880.65,886.15,873.7,878.65,884.85,901.85,903.5,904.7,902.7,911.25,883.3,889.65,903.45,908.6,912.85,918.1,925.6,924.75,930,928,926.4,931.5,955.7,960.15,973.65,981.8,978.8,978.8,974.95,974.4,957.65,958.3,950.05,957.1,952.1,964.55,974.75,981.95,981.8,989.95,1002.5,995.4,999.4,1001,998.8,983.2,978.45,972.95,979.6,968.45,967.65,968.9,982.75,974.95,970,956.75,961.95,971.25,976.4,980.1,994.85,995.15,969.8,949.05,958.85,960.25,932.7,944.45,936.15,955.55,955.65,988.6,988.8,986.5,989.45,983.3,985.8,988.8,1023.15,987.85,978.6,981.05,991.05,996.1,1008.2,1011.95,1013.85,1009.65,1035.6,1039.6,1043.6,1044.75,1036.9,1034.5,1033.8,1047.85,1037.3,1035.7,1044.85,1036,1019.25,975,992.1,981.9,991.15,988.3,994.65,987.9,985.95,994.45,993.45,995.5,979.25,977.3,984.6,987.65,1002.35,999.5,1009,1004.9,1013.85,1001.25,1002.9,986.15,974.45,981.05,971.7,936.7,944.1,948.4,938.9,951.4,944.15,944.45,934.75,928.4,930.2,928,924.3
LTFOODS,441.6,439.5,427.25,435.15,431.5,417.75,430.2,425.05,418.7,412.2,402.15,403.7,400.35,402.75,421.9,419.1,432.25,430.65,431.15,406.75,426.85,416.6,409.7,402.75,386.05,388.6,400.55,400.95,395.75,398.65,387.35,390.7,400.55,399.35,370.3,356.8,371.7,368.85,390.1,371.25,384.8,394.25,401,400.4,396.75,381.75,391.15,393.5,386.65,376.6,362.05,385.5,381.9,376.25,367.9,357.2,353.5,339.55,334.35,319.5,337.25,349.85,350.05,349.1,344.4,341.75,334.55,340.9,357.4,371.85,375.85,381.3,389.75,371.9,364.75,376.75,381,362.4,369.9,366.65,352.75,336.85,341,321.35,354.35,360.5,351.35,357.25,357.4,361.2,368.15,364.5,355.25,355.5,352.4,346.55,341.55,344.65,334.85,351,348.9,359.55,366.55,370.2,368.75,363.25,370.85,384.15,377.3,398.15,402.25,413.15,421.2,412.4,422.4,423.95,439.9,445.9,446.05,443.1,456.55,477.35,471.4,468.8,465.75,463.95,458.8,451,441.95,437.95,424.7,432.85,405.6,441.7,448.9,441.4,483.25,486.45,475.95,494.75,499.55,487.35,485.3,481.9,493.95,496.05,484.5,481.75,491.2,502.2,509.05,503.6,502.45,497.35,487.7,490.7,488.25,480.6,500.7,501.05,486.45,477,485.75,474.35,468.15,461.2,455,467.6,456.65,459.1,445.75,446.25,454.45,454.5,448.85,433.6,428.25,437.55,426.1,421.35,432,436.7,449.4,440.75,443.1,444.95,440.1,453.4,463.2,462.8,459.9,458.3,462.05,464.2,472.75,456.65,429.9,432.25,425.65,415.75,404.3,405.6,401.3,403.85,394.15,397.15,394.25,386.85,402.05,400.3,407.4,412.8,413.7,419.2,422.6,430.9,425.5,425.95,422.9,415.7,422.6,417.15,420.5,415.1,403.6,407.7,404.3,404.7,407.15,416.2,410.25,412.9,412.65,407.9,414.6,408.25,409.55
GAIL,208.67,207.54,205.82,205.22,204.9,203.82,199.57,193.54,193.62,192.42,193.97,198.06,197.63,192.5,188.74,190.98,191.09,191.1,191.09,184.67,186.06,190.58,183.02,179.58,172.15,175.96,177.94,180.52,180.95,182.06,179.91,176.46,179.66,175.84,167.65,166.13,165.22,167.11,177.12,174.34,178,179.5,178.41,171.05,168.1,161.69,159.76,162.33,162.29,160.17,164.07,163.53,167.14,164.21,164.58,160.74,159.37,156.04,154.05,153.17,158.95,161.46,158.14,155.14,156.78,159.2,157.96,156.9,163,165.96,168.46,175.05,181.28,177.7,174.07,181.56,183.04,186.32,184.06,183.63,176.61,169.03,172.57,168.86,171.71,178.99,184.7,186.99,195.32,193.24,193.5,193.24,186.74,189.32,189.6,189.09,189.54,191.19,186.41,189.23,184.27,181.6,187.8,183.83,185.93,185.02,186.28,189.48,191.1,190.64,192.61,191.28,193.15,193.98,194.34,191.75,189.8,191.71,191.91,189.52,190.62,191.15,193.64,195.67,200.09,192.18,191.34,191.63,190.47,185.72,180.41,181.85,184.76,185.49,183.98,186.79,191.02,190.84,189.62,190.76,192.74,193.41,193.15,192.63,185.03,185.67,181.89,183.64,184.71,184.33,185.29,185.23,184.12,184.03,186.39,187.97,183.51,180.63,182.98,180.57,177.68,174.39,174.54,171.34,169.91,169.49,171.15,173.02,174.3,173.36,173.93,173.66,174.89,178.12,177.77,176.81,175.9,171.64,171.22,173.07,175.94,179.29,178.02,174.66,173.97,172.37,172.96,173.9,179.01,178.55,179.93,182.24,181.6,180.95,181.65,180.95,178.66,175.91,174.42,172.02,176.49,176.29,174.56,177.36,176.62,179.9,177.52,178.45,179.21,180.33,175.37,177.37,179.17,177.6,178.42,178.39,180.08,181.02,180.17,178.46,184.64,183.09,182.76,183.69,181.62,178.98,180.47,181.52,182.34,182.45,183.67,183.41,185.3,184.31,184.05,184.31,182.99
TIMKEN,3351.95,3308.6,3304.05,3241.85,3199.2,3175.3,3156.75,3162.2,3194.1,3249.75,3197.2,3218.7,3163.6,3114.95,3032.45,3121.8,3040.5,3011.55,3001.05,2939.35,2924.4,2898.15,2934.8,2889.3,2750.1,2826.75,2823.4,2905.2,2866.45,2889,2830.55,2811,2899.7,2861.25,2763.6,2730,2860.25,2839.1,2857.8,2779.95,2809.6,2795.85,2726.9,2661.65,2683.85,2818.15,2726.8,2659.8,2622.6,2595.7,2540.95,2498.7,2503.15,2570.65,2495.25,2539.9,2522.55,2474.2,2500.95,2511.2,2604,2615.35,2577.55,2582.3,2581.35,2584.85,2577.35,2594.95,2663.2,2675.45,2702.3,2706.6,2788.05,2775.6,2768.8,2709.55,2750.65,2666.15,2705.65,2575.9,2480.55,2303.9,2304.25,2270.45,2474.6,2545.8,2566,2580.2,2617.1,2653.2,2619.7,2588,2529.9,2534,2537.4,2452.5,2728.4,2645.3,2636.6,2703.8,2780.9,2791.3,2849.4,2852.9,2908.7,2961.7,3096,3088.9,2981.1,3006.9,2961.7,2948.4,3113.8,3125.9,3152.7,3134.5,3124.6,3174.1,3245.8,3274,3298.1,3309.6,3353.5,3398.8,3411.4,3265.3,3314,3250.6,3189.1,3236.8,3199.2,3279.2,3248.2,3387.5,3388.6,3333.9,3353.2,3498.3,3447.8,3392.7,3331.4,3309.2,3353.3,3308.8,3361.3,3354.8,3356.9,3372.8,3377,3407.1,3437.8,3445,3492.8,3500.6,3533.7,3514.2,3389.1,3447.8,3359.5,3391,3318.9,3155.1,3091.5,2998.4,2919.9,2898,2869.1,2851.4,2891.3,2851.9,2835.7,2850.7,2939.4,2957.6,2979.5,3001.7,3027.4,2941.2,2883,2888.2,2931.9,2931.3,2934.7,2876,2877.5,2921,2935.4,3023.8,3034.3,3025.9,3026.5,3049.3,3053.5,3050.7,3042.3,3049.6,3046.1,3020,3033.4,2998.2,2994.2,3009.9,3068.8,3076,3022.8,3034.4,2957.8,2980,2985.3,2930.2,2909.4,2929.3,2947.2,2957.7,2927.7,2961.9,2982.1,2989.2,3022,3038.4,3012.7,3055.8,3144,3061.9,3051.7,3054.4,3015.4,3024.4,3049.3,3077.6,3069.8,3065,3122.6,3098.3,3084,3087.2,3070.4
YESBANK,21.84,21.6,21.58,21.2,21.09,21.25,20.96,20.62,20.36,19.83,19.91,19.8,19.8,19.82,19.54,19.59,19.63,19.59,19.96,18.9,19.02,18.77,18.49,17.96,17.12,18.02,17.97,18.29,18.26,18.93,18.5,18.35,18.47,18.24,18.49,18.37,18.81,18.95,19.23,18.79,19.12,19.42,19.28,19.12,18.59,18.11,18.13,18.17,17.76,17.66,17.46,18,18.21,17.93,17.86,17.79,17.36,16.75,16.31,16.34,16.92,16.98,16.88,16.52,16.37,16.15,16.19,16.11,16.44,17.03,16.94,17.17,17.43,17.03,16.96,17.26,16.88,17.33,17.4,17.95,17.19,16.85,17.17,17.16,17.15,17.52,17.87,18.09,18.82,18.69,18.42,18.43,17.77,18.09,17.99,17.72,17.7,17.73,17.93,18.27,18.23,20.02,20.41,20.87,20.96,21.51,21.55,21.2,20.82,20.98,20.97,21.15,20.99,21.13,21.11,21.31,21.48,23.28,20.86,21.14,20.93,20.85,21.02,20.83,20.71,20.42,20.16,20.24,19.94,19.89,19.41,19.73,19.88,19.97,20.23,20.08,20.18,20.34,20.43,20.28,20.15,20.05,20,20,19.91,19.81,19.66,19.99,20.46,20.24,20.14,20.17,20.16,19.99,19.9,20.01,19.6,19.33,19.4,19.22,18.92,18.6,18.89,18.86,18.73,18.77,18.54,18.77,18.72,18.83,18.78,19.09,19.35,19.36,19.43,19.28,19.55,18.95,18.68,19.1,19.55,19.55,20.35,20.29,20.44,20.18,20.34,20.77,20.98,20.86,21.01,21.01,21.15,21.07,21.17,21.21,21.38,21.19,21.35,20.97,21.04,21.25,21.76,21.85,21.93,22.22,22.04,22.42,24,24.03,23.32,23.32,23.12,22.25,22.64,22.75,22.72,22.67,22.77,22.73,22.69,22.23,22.74,22.97,23.02,22.63,22.85,22.74,22.63,22.75,22.48,22.5,23.16,22.99,22.93,22.63,22.43
TATATECH,947.95,943.6,943.15,941.95,937.55,932.1,933.2,914.6,911.7,893.3,889.4,908.5,900.5,898.85,894.8,891.35,890.8,904.8,896.6,876.4,881.45,886.3,874.3,834.15,794.9,799.15,799.9,806.5,807.7,812.45,816.85,798.9,798.85,782.9,760.05,754.1,781.4,777.15,787.6,768.25,769.75,794.5,785.2,776.6,769.35,746.7,738.55,737.9,733.85,720.95,721.3,729.65,748,742.55,733.15,731.15,715.25,671.75,666.25,647,674.4,670.6,671.55,653.7,646.8,642.1,636.8,648.05,671.3,665.95,685.75,698.7,698.3,700.1,687.15,679.9,687.05,687.85,680.05,648.7,608.4,615.85,613.15,632.05,650.45,653.8,651.5,683.95,705.75,720.5,717.2,693.2,705.6,663.7,657.85,647.1,666.05,648.6,657.7,654.7,665.95,701.05,704.5,706.45,720,750.9,759.8,743.75,757.2,763.65,764.75,763.4,773.05,757.6,771.2,773.6,774.3,767.5,759.55,764.6,758.45,775.8,787.6,784.95,763.4,753.5,749.95,739.3,732,717.2,706.65,699.5,698.1,699.9,703.55,715.2,711,710.45,705.7,706.15,708.15,704.3,700,703.95,708.55,708.8,716.8,731.95,734.6,724.8,712.5,716.35,715.6,716.15,718.15,708.35,699.3,707.4,709.35,702.25,693.9,694,688.1,668.5,668.2,659.2,660.1,659.2,666.75,663.35,671.75,682.75,689,686.55,683.6,685.15,679.15,662.15,657.25,677.15,681.1,684.8,676.05,672.1,678.2,679.55,704.85,702.1,702.1,711.45,711.2,714,717.4,724.4,702.25,697.8,684.55,680.15,667.3,676.2,669.5,690.4,707.05,710.85,712.95,708.55,717.6,714.35,700.7,688,695.3,692.1,685.2,680.85,685,691.4,689.65,695.8,695.5,701.15,699.9,692.25,696.25,686.8,676.9,672.95,678.9,684.85,696.1,686,679.85,682.8,675.05,682.3,679.8,670.45,677.95
BANKINDIA,115.88,115.4,114.3,113.01,113.05,114.25,110.23,107.95,106.55,103.03,102.43,102.35,103.17,102.8,100.93,101.9,102.64,103.78,104.72,99.81,100.21,100.11,98.68,94.27,90.35,94.62,96.13,99.74,100.23,101.67,100.06,99.03,99.71,98.37,104.29,109.51,110.82,111.23,112.52,103.92,106.86,107.89,107.63,106.16,103.93,101.22,102.5,101.1,99.3,99.03,96,99.37,104.74,101.51,100.89,98.08,96.58,95.16,95.52,95.9,97.88,97.92,97.41,94.39,94.99,93.96,94.12,98.58,103.21,102.4,105.84,107.64,105.96,105.41,107.8,107.12,110.29,111.55,114.92,111.49,105.77,109.25,106.76,108.16,111.36,115.48,117.1,119.87,118.83,117.78,118.57,115.29,118.38,117.82,115.15,115.38,116.36,109.07,109.19,107.86,110.22,110.09,112.56,113.86,114.05,114.33,117.94,116.17,117.96,116.45,117.06,117.31,116.72,119.94,119.21,121.94,125.25,124.59,124.89,124.25,124.38,129.31,126.28,123.95,122.77,121.19,121.55,119.65,119.68,115.68,113.18,114.41,115.27,116.15,116.95,116.77,118.56,121.09,119.26,118.49,117.81,117.72,116.96,115.91,114.42,114.56,114.98,115.79,118.02,116.1,115.02,114.67,113.13,113.23,114.69,113.14,111.5,112.17,114.14,111.38,109.29,111.69,110.72,111.71,111.91,110.63,113.2,113.51,113.56,113.19,114.86,116.49,116.33,115.95,115.46,114.97,112.38,110.27,110.29,111.89,112.92,113.57,112.14,112.57,113.2,112.77,117.49,118.1,117.34,117.99,117.53,119.64,119.01,120.47,120.53,121.43,120.99,119.76,116.33,118.77,123.41,124.63,125.53,126.04,126.24,124.83,125.79,126.77,126.86,124.3,126.34,125.42,123.11,129.77,130.26,135.53,133.9,139.71,141.09,140.77,138.84,139.88,142.13,142.16,140.17,144.58,145.94,145.51,146.66,144.62,146.52,147.35,146.49,148.59,147.72,145.46,145.85
GLENMARK,1514.15,1542.65,1526.4,1535.05,1518.15,1551.35,1514.1,1524.7,1540.8,1541.65,1550.6,1535.8,1541.45,1585.95,1589.8,1609.1,1614.5,1639.35,1636.1,1623.75,1642.05,1627.9,1593.3,1541.7,1496.9,1515.95,1477.25,1461.55,1468.1,1503.6,1499.5,1501.35,1510.95,1450.1,1400.4,1399.2,1453.6,1448.85,1453.2,1414.45,1451.55,1493.2,1499.85,1540.15,1511.1,1453.05,1406.15,1411.2,1323.05,1373.8,1379.3,1369.45,1348.95,1300.8,1325.15,1316.35,1313.35,1278.95,1313.2,1334.25,1388,1396.7,1404.4,1403.1,1400.2,1422.3,1405.15,1430,1456.35,1486.7,1478.8,1514.75,1492.65,1480.75,1461.8,1519.85,1541.05,1509.2,1515.45,1545.25,1499.85,1442.2,1440.8,1376.3,1378.1,1376.9,1356.8,1342.4,1368.8,1390.8,1412.5,1420.9,1360.7,1407.6,1384.4,1381.2,1375,1406.4,1405.9,1435.1,1418.9,1398.2,1381.7,1417.4,1442.9,1447,1448.6,1438.5,1436.2,1440.1,1431.4,1420.2,1390.1,1385,1380,1406.4,1457.1,1497.5,1514,1512.8,1584.8,1590.2,1599.2,1615.6,1635.4,1639.6,1669.9,1683.4,1653.2,1660.4,1639.2,1636.7,1684.8,1683.1,1717.1,1732,1711.2,1753.8,1754.3,1770,1783.5,1830.4,1860.1,1830.5,1818.8,1904,2181.1,2219.2,2226.1,2204.8,2226.7,2225.5,2184.8,2157.9,2138.8,2144.2,2145.3,2144.4,2158,2153.6,2134.1,2067.8,2074.9,2052.6,2025.6,2062.8,2019.6,2049.3,2058.2,2029.3,2044.6,1973.9,1945.8,1924,1940.9,1937.3,1956.1,1950.7,1936.9,1923.9,1926.8,1918.8,2004.4,1990.9,2051.9,2051.9,2116.3,2130.9,2127.7,2132.5,2099.5,2077,2042.4,2108.4,2085.2,2017.8,2016.8,2018.6,2030.7,1971.7,1958.2,1952.7,1959.2,1980.2,1971.2,1962.6,1929.3,1935.6,1939.3,1909.6,1892.8,1894.2,1864.4,1861.9,1852.8,1855.4,1850.6,1818.8,1812.7,1815.1,1843.3,1882.8,1891.2,1898.4,1845.1,1810.4,1811.5,1829.9,1817.3,1847.8,1880.6,1895.6,1868.9,1842.8,1840.8,1878,1844.2
ICICIGI,1962.2,1945.8,1948.65,1961.35,1983.35,1963.8,1917.3,1874.7,1898,1902.15,1862.05,1868.95,1861.15,1832.45,1806.8,1787.75,1809.45,1832.9,1838.2,1812.75,1883.7,1859.2,1888.25,1877.6,1836.95,1831.2,1894.55,1907.9,1948.75,1922.7,1902.5,1849.9,1834.1,1815.65,1778.7,1774.7,1841.5,1845.5,1858.5,1885.35,1874.4,1854.65,1827.9,1826.95,1828.45,1795.1,1764.8,1776.85,1737.95,1725.05,1738.4,1728.95,1727.3,1733.1,1710.85,1687.75,1701.2,1690.95,1663.5,1639.7,1676.9,1702.3,1686.95,1699.6,1700.45,1665.7,1678.75,1727,1752.1,1756.5,1724.75,1723.2,1785.05,1779.5,1772.45,1794.25,1792.85,1791.9,1829.95,1831.5,1829.55,1744.4,1776.85,1786.5,1718.55,1822.6,1811.8,1793.4,1841.1,1845.2,1880,1880.3,1854.1,1850.2,1856.1,1876.5,1867.9,1852.3,1795.1,1826,1791.8,1782.2,1836.7,1866.5,1850.9,1873.1,1849.6,1884.7,1875.2,1878.1,1868.6,1895.1,1843.3,1841,1848.2,1855.2,1875.4,1863.7,1861.1,1873.4,1877.5,2006.2,2021.4,1977.7,1942,1901.9,1940.7,1944.7,1916.6,1932.3,1927.5,1971,1972.6,1986.8,2010.8,2017,2017.1,2040.2,2063.6,2044.4,2034.1,2035.4,2025.5,2036.9,2020.2,1994.6,2012.2,2019.7,2002.7,1970.8,1948.9,1912.8,1952.2,1962.3,1936.8,1906.9,1921.3,1904.1,1915.5,1920.4,1927,1867.3,1895.6,1900.2,1884,1903.4,1894.7,1901.7,1902.9,1912.7,1898.3,1946.4,1952.9,1968.5,1967.1,1910.7,1919,1872.7,1860.3,1839.6,1840.3,1822.7,1822,1871.5,1840.4,1833,1834.9,1855.2,1870.9,1893.6,1900.2,1912.5,1872.1,1885.6,1866,1886.3,1894.7,1878.4,1881.8,1894,1903.5,1889.8,1903.6,1911.6,1925.8,1906,1878.1,1882.7,1862.8,1833.4,1854.8,2020.3,2010.1,2001,2011.1,2007,1979.2,1993.9,1986.4,2019,2029.9,2014.1,1993.7,2007.6,2040,2001,2020.2,2025.4,1996.1,2028.6,2033.8,2005.1,2042.9,2025.8,2041.7,2037.6,2004.1
VEDL,497.05,500.25,514.35,522,519.5,513.45,503.2,496.75,492.3,477.25,473.2,462.1,460.45,451.1,439.65,444.45,444.45,449.75,458.25,442.3,448.25,446.4,438.9,432.15,413.7,430.6,435.25,449.85,454.05,460.95,453.9,451.5,446.5,442,423.9,425.35,430.6,432.45,441.4,421.7,437.7,444.45,443.75,455.8,435.8,421.45,421.9,424.55,413.35,415.15,418.2,423.5,433.5,438.2,422.85,409.25,404.55,394.75,409.15,406.75,428.95,442.95,445.45,437.4,441.55,444.95,442.95,460,460.55,470.75,467.3,472.25,461.8,464.15,472.35,463.4,457.4,457.65,439.5,401.45,374.05,376.1,370.55,380.15,395.8,398.7,400.05,411.95,413.05,418.2,420.25,413.3,416.1,416.3,419.2,415.1,419.5,410.95,416,407.1,407.9,436.05,435.4,442.7,443.8,441.2,442.05,435.35,437.75,435.1,440.05,445.55,448,446.85,451.65,435.55,432.4,434,436.85,439.15,448.05,457.9,461.55,469.3,460.5,458.1,463.9,458.95,456.5,439.5,447.1,449.85,445.8,441.95,455.5,463.75,460.85,465.9,469.45,458.3,459.05,454.2,456.3,440.75,439.2,442.75,448.2,450,447.45,444.35,445.8,453.85,450.6,455.65,451.35,443.55,437.95,439.5,434.6,425.65,424.45,431.45,438.45,440.55,437.8,431.45,430.1,433.25,438.75,430.2,438.2,450.2,445.5,446.9,444.25,450.3,428.2,424.5,420.65,431,431.6,439.45,435.7,445.5,434.4,432.8,433.7,437.7,450.9,454.4,461.3,456.15,455.65,455.6,458.45,457.2,448.45,461.65,447.95,452.25,465.8,464.85,470.95,470.8,471.85,472.7,484.2,482.2,479.3,480.05,483.05,479.1,474.05,473.9,475.65,483.25,495.6,505.25,502.45,516.2,506.95,493.55,513,508.15,504.95,515.05,519.6,523.85,520.6,529.6,525.35,520.8,510.7,511.8,509.75,496.4,495.15
NBCC,103.33,102.66,102.05,100.65,99.29,101.07,100.64,98.73,97.1,94.43,92.64,93.2,92.07,93.39,88.18,92.95,92.95,93.35,92.52,87.85,89.28,89.83,87.75,84.49,78.93,84.11,86.25,87.83,95.31,98.76,95.1,92.38,92.04,91.32,89.08,87.01,91.68,93.16,99.83,90.76,93.06,95.1,94.38,92.48,90.21,85.36,85.87,85.75,82.11,82.02,77.79,80.71,82.71,81.08,79.95,78.71,75.75,72.86,73.68,74.57,78.99,80.08,80.76,78.65,78.87,79.11,77.89,77.9,79.73,83.33,82.98,83.73,85.36,83.16,81.07,82.71,81.89,81.61,82.89,84.41,82.73,79.46,83.07,87.01,89.1,89.77,95.8,98.4,99.98,100.2,100.81,99.87,95.49,98.64,97.31,95.19,93.96,96.29,92.58,95.9,93.93,92.22,99.81,101.69,106.75,106.72,111.08,115.93,110.89,113.21,113.11,112.49,114.27,114.97,115.6,116.2,123.36,124.8,123.42,124.88,127.04,127.72,128.7,124.78,124.31,120.69,120.64,122.25,120.14,118.92,114.29,117.08,119.91,121.05,124.9,123.91,123.2,122.72,123.21,120.08,117.51,117.87,115.93,115.74,114.54,113.97,112.9,113.03,114.9,114.99,114.46,113.05,115.31,114.58,114.39,113.68,109.25,108.51,109.57,108.82,108.18,107.26,110.83,110.5,110.1,109.64,105.81,109.12,106.82,105.78,103.46,105.63,106.58,105.39,104.33,103.59,104.12,100.89,98.9,98.26,100.23,101.58,103.29,101.78,102.28,102.54,102.65,105.52,107.81,106.49,107.66,109.59,110.01,109.8,110.81,114.95,112.84,110.06,109.19,105.18,107.33,107.08,109.48,113.12,111.34,112.62,111.05,113.65,112.66,113.29,109.84,111.87,112.36,111.41,113.48,112.72,111.48,111.69,111.5,110.31,115.22,118.37,117.41,117.64,113.95,111.44,113.39,113.19,113.59,112.06,108.98,114.14,116.82,114.96,113.04,115.99,112.61
BAJAJFINSV,1637.05,1663.4,1686.5,1679.3,1679.7,1673.65,1643.15,1630.75,1589.55,1569.65,1563.4,1564.55,1559.3,1579.3,1576.7,1568.1,1576.4,1700.65,1701.1,1684.6,1682.75,1697,1690.3,1701.25,1674.15,1713.5,1671.65,1697.35,1680.65,1735.2,1717,1743.3,1746.15,1728.7,1711.6,1768.95,1790.4,1745.2,1736.1,1794.85,1813.25,1796.75,1788,1798.35,1792.4,1744.85,1788.7,1849.25,1841.3,1894.85,1893.7,1875.35,1881.25,1879.35,1857.8,1875.1,1925.55,1872.3,1838.55,1790.3,1801.8,1845.45,1845.3,1840.35,1805.4,1819.45,1807.45,1871.6,1844.65,1842.25,1851.85,1847.25,1894.15,1945.05,1943.4,2005.75,2007.35,1937.1,1930.95,1920.45,1912.3,1852.65,1903.2,1895.7,1946.3,1968,1969.2,2035.3,2103.5,2077,2100.8,2105,2045.5,2049.7,2066.9,1951.6,1958,2026.2,2035.8,2030.3,2006,1970,2050.4,2018.2,2020.4,2041.9,2033.6,2038.3,2005.1,2037.3,2001,2036.5,2052.6,2029.9,2022.4,2010.9,2017.4,2029,1991.9,1956.1,1944,1990,2017.4,1998.1,2012.9,2028.8,2011,2028.2,2003.3,1981.4,1967.6,1986.2,1997.6,2009.2,2011.8,2053.6,2044,2056,2053.8,2007.9,1980.7,1994.4,2006.4,2018.3,2026.4,2039.4,2017.2,2003.6,2036.5,2036,2026.5,2029.6,2053.9,2039.6,2060.5,2032.3,1985.8,1977.8,1972.6,1959.8,1948,1916.3,1933.6,1939.4,1924,1914,1919.2,1922.8,1908,1914.4,1925.1,1993.5,1972.2,1958.5,1980,1965.9,1963.8,1924.2,1917.6,1913.5,1943.5,1955.9,1966.1,2002.2,2014.4,2008.4,2025.3,2038.2,2037.8,2081.5,2080,2080.3,2057,2069.2,2067.3,2069.5,2084.4,2069.2,2035.6,2003.2,2024.7,2006.4,2007,2000.9,2033.2,2032.6,2013.6,2014.6,2004.3,2020.4,2019.4,2084.1,2090.2,2083.7,2139.8,2169.1,2176.6,2159.5,2170.2,2140.2,2137,2114.6,2088.3,2081.6,2073.2,2063.2,2102.1,2118.3,1989.4,2035.5,2056.2,2065.8,2079.6,2050.2,2050.2,2095.6,2052.4
BAJAJFINSV,1637.05,1663.4,1686.5,1679.3,1679.7,1673.65,1643.15,1630.75,1589.55,1569.65,1563.4,1564.55,1559.3,1579.3,1576.7,1568.1,1576.4,1700.65,1701.1,1684.6,1682.75,1697,1690.3,1701.25,1674.15,1713.5,1671.65,1697.35,1680.65,1735.2,1717,1743.3,1746.15,1728.7,1711.6,1768.95,1790.4,1745.2,1736.1,1794.85,1813.25,1796.75,1788,1798.35,1792.4,1744.85,1788.7,1849.25,1841.3,1894.85,1893.7,1875.35,1881.25,1879.35,1857.8,1875.1,1925.55,1872.3,1838.55,1790.3,1801.8,1845.45,1845.3,1840.35,1805.4,1819.45,1807.45,1871.6,1844.65,1842.25,1851.85,1847.25,1894.15,1945.05,1943.4,2005.75,2007.35,1937.1,1930.95,1920.45,1912.3,1852.65,1903.2,1895.7,1946.3,1968,1969.2,2035.3,2103.5,2077,2100.8,2105,2045.5,2049.7,2066.9,1951.6,1958,2026.2,2035.8,2030.3,2006,1970,2050.4,2018.2,2020.4,2041.9,2033.6,2038.3,2005.1,2037.3,2001,2036.5,2052.6,2029.9,2022.4,2010.9,2017.4,2029,1991.9,1956.1,1944,1990,2017.4,1998.1,2012.9,2028.8,2011,2028.2,2003.3,1981.4,1967.6,1986.2,1997.6,2009.2,2011.8,2053.6,2044,2056,2053.8,2007.9,1980.7,1994.4,2006.4,2018.3,2026.4,2039.4,2017.2,2003.6,2036.5,2036,2026.5,2029.6,2053.9,2039.6,2060.5,2032.3,1985.8,1977.8,1972.6,1959.8,1948,1916.3,1933.6,1939.4,1924,1914,1919.2,1922.8,1908,1914.4,1925.1,1993.5,1972.2,1958.5,1980,1965.9,1963.8,1924.2,1917.6,1913.5,1943.5,1955.9,1966.1,2002.2,2014.4,2008.4,2025.3,2038.2,2037.8,2081.5,2080,2080.3,2057,2069.2,2067.3,2069.5,2084.4,2069.2,2035.6,2003.2,2024.7,2006.4,2007,2000.9,2033.2,2032.6,2013.6,2014.6,2004.3,2020.4,2019.4,2084.1,2090.2,2083.7,2139.8,2169.1,2176.6,2159.5,2170.2,2140.2,2137,2114.6,2088.3,2081.6,2073.2,2063.2,2102.1,2118.3,1989.4,2035.5,2056.2,2065.8,2079.6,2050.2,2050.2,2095.6,2052.4
HSCL,565.3,565.4,568.95,565.5,562,556.55,551.6,545.5,541.35,546.85,549.85,551.75,565.8,572.95,588.35,584.7,581.25,587.5,591.6,567.65,569.8,572.4,579.05,575.1,546.6,546.05,540.05,543.3,536.15,540.15,529.2,531.2,532.4,514.05,482.1,461.65,482.8,485.15,493.7,482.3,489.45,512.75,501.6,493.3,475.35,449.75,434.15,439.15,413.7,417.4,414.65,441.25,448.4,456.95,446.7,434.15,421.8,408.25,398.6,410.5,434.45,436.4,434.8,411.2,406.25,404.65,401.6,420.85,431.15,426.45,441.55,458.05,432.85,423.55,429.65,424.35,435.85,454.9,456.3,434,412.45,412.95,408.65,436.8,449.5,443.85,463.05,479.05,481,467.05,466.05,455.7,452.15,461.55,437.7,430.9,440.9,430.1,425.4,430.55,414.35,440.65,445.3,446.55,452.45,461.9,463.2,463.05,465.1,474.7,474.2,477.25,479.1,476.15,476.1,472.4,464.3,472.85,482.35,497.3,496.4,497.3,490.35,487.2,476.6,469.45,469.15,457.9,450.45,437.9,439.5,440.75,440.05,452.65,448.95,505.15,517.8,502.9,493.95,503.7,499.35,491.05,493,509.95,510.05,499.2,516.65,513.1,514.15,517.7,513.95,510.2,513.15,514.85,513,498.35,481.1,486.5,478.9,473.05,462.75,474.85,471.35,456.85,451,449.35,446.45,469.3,473.7,466.65,471.05,480.1,477.6,478.3,469.45,466.15,455.6,450.7,445.9,452.65,461.75,464.55,457.2,454.8,452.35,450.5,468.4,474.95,469.7,466,463.75,467.9,469.85,467.05,455.2,451.65,467.85,462.3,452.5,447.6,440.55,448.25,451.5,456.8,461.7,461.8,452.75,455.5,467.95,466.05,471.9,467.9,456.3,460,467.85,470.7,471.9,474.1,474.3,485.75,486,482.25,475.65,462.55,456.3,452.7,451.4,459.2,459.8,456.6,454.6,456.25,450.55,451.55,446.25,440.55,422
JWL,502.35,497,552.3,561.1,555.45,557.55,547.3,530.15,536.15,540.8,527.45,519.6,509.85,504.65,485.7,500.95,507.05,506.75,509.45,477.95,488.6,481,468.35,448.85,422.5,441.2,433.15,494.75,489.55,503,485,473.55,474.5,422.45,402.35,395.75,363,355.8,400.65,357.65,350.8,356.75,352.4,342.05,333.85,317.95,325.7,325.9,312.5,306.95,299.45,321.8,318.15,315.5,308.55,307.8,299.35,290.15,283.9,292.75,301.65,306.55,315.85,300.8,298.35,295.2,295.05,302.95,315.2,313.5,347.9,365.05,363.7,370.2,371.65,369.25,371.65,371,376.45,368.8,372.15,373.85,361.45,370.9,379.85,383.15,383.95,389.25,386.7,382.85,383.4,375.6,366.2,369.95,354.6,352.65,357.65,340.15,342.6,340.3,334.3,370.1,373.1,383.15,388.25,422.05,411.2,392.35,398.8,399.95,396.85,401.1,400.55,407.45,405.6,395.2,400.65,390.75,399.75,407.65,399.75,407.6,409.9,408,395.4,390.4,391.3,384.05,379.25,365.75,369.55,371.9,379,382.1,384.35,387.6,388.4,386.25,383.7,382.45,381.1,376.7,375,375.5,375.25,370.75,368.9,370.2,372.65,369.55,366.6,368.8,364.05,362.8,359.65,352.7,342.05,350.05,348.45,341.6,336.1,341.4,343.65,337.5,338.75,331.95,330.5,329.75,316.75,314.2,325.3,330.55,329.85,343.25,340.9,336.15,329.65,319.55,317.55,321.45,330.2,329.95,325,323.35,324.7,319.85,319.2,333.45,336.3,344.55,342.05,346.4,344.8,339.75,333.9,331.05,327.3,323.85,336.4,335.85,335.55,338.3,339.7,338.15,344.35,336.85,335.8,334.4,328.2,324.35,323.5,322.65,319.2,322.2,323.35,322.05,322.75,323.6,320.75,329.05,326.5,322.65,324.05,322.05,316.1,312.8,311,311.35,310.3,306.3,304,308.55,304.7,302.85,302.1,298.4,286.95
ENGINERSIN,207.9,207.83,206.62,203.13,201.84,201.47,199.35,192.94,192.66,183.68,183.72,186.12,186.11,188.46,177.51,182.01,184.29,182.72,187.65,181.43,181.69,181.86,176.78,173.08,162.18,168.14,176.82,176.38,179.27,181.14,176.49,173.23,172.31,167.22,160.64,157.81,163.08,166.85,171.05,162.86,166.92,168.87,167.89,164.38,169.51,161,168.87,165.01,160.48,156.37,157.65,168.29,175.03,169.36,164.79,165.76,161.69,150.18,146.85,147.95,158.59,158.62,161.37,156.6,161.01,156.09,161.48,159,159.86,164.5,161.83,163.81,166.39,163.28,156.35,157.83,160.58,162.37,162.43,166.68,162.7,157.01,164.05,158.88,159.93,169.3,183.72,181.22,179.19,184.13,185.25,182.89,179.37,177.9,184.79,178.65,176.2,180.82,173.54,175.64,172.07,175.38,184.09,183.96,186.36,189.14,193.53,192.14,194.84,203.77,200.71,199.46,200.08,204.05,211.38,217.36,229.48,230.52,229.66,232.11,231.29,229.71,232.01,242.37,229.82,222.41,223.9,224.05,221.75,223.21,214.89,221.17,228.79,234.32,235.66,233.14,238.03,240.81,238.52,234.46,234.78,243,236.54,241.62,246.01,250.14,250.52,249.08,246.97,246.58,240.01,235.23,235.04,242.23,240.6,234.71,229.38,216.48,216.54,215.73,213.79,206.94,211.17,210.15,204.97,203.24,199.28,203.03,202.08,201.24,190.31,191.31,195.98,194.32,195.23,191.51,193.68,195.68,200.27,198.34,201.08,203.43,201.93,199.61,201.2,200.84,205.7,208.97,208.92,208.8,210.88,208.86,210.06,207.45,206.6,207.71,203.7,202.65,198.85,195.86,192.61,193.07,201.66,201.26,198.31,201.62,199.62,202.43,202.89,199.56,196.14,199.8,199.77,198.73,198.16,199.28,198.96,200.53,200.89,197.77,201.28,205.02,202.18,201.21,197.5,194.4,196.44,193.8,194.19,193.88,190.48,200.25,204.99,201.12,201.96,198.13,195.77
RADICO,2399.45,2425.85,2432.55,2432.75,2439.95,2432.65,2455.3,2553.2,2520.55,2488.8,2468.7,2534.3,2541.95,2551.55,2580.1,2605.9,2582.1,2587,2590.55,2514.95,2496.1,2411.1,2388.3,2280.9,2160.9,2151.8,2205.85,2198.7,2282.75,2349.35,2284.3,2211.15,2231.35,2211.55,2144.3,2111.2,2154.3,2198.8,2178.4,2341.45,2304.9,2304.35,2260,2247,2210.9,2208.25,2237.15,2125.2,2042.9,1950.45,1890.75,2016.75,2195.7,2098.95,2035.35,2048.05,2085.1,2073.05,2065.35,2051.2,2105.15,2209.25,2194.9,2192.25,2181.55,2173.7,2191.05,2247.8,2272.3,2286.45,2307.7,2301.6,2332.3,2350.95,2375.3,2428.95,2327.25,2370.6,2366.8,2340.5,2248,2323.3,2320.8,2359.7,2412.4,2438,2460.3,2436.3,2512,2490.9,2469.9,2441.8,2469.2,2489.8,2455.7,2445.5,2532.6,2537.2,2445.9,2474.7,2448.8,2529.9,2589.9,2572.7,2590.1,2571.6,2588.8,2560.7,2439.4,2474.4,2452.6,2440,2447.5,2455.7,2496.7,2532.8,2548.9,2670.8,2723.4,2703.1,2630.4,2650,2654.9,2555.1,2589.4,2608,2616.5,2604,2655.7,2654.9,2632.9,2650.7,2683.3,2690.2,2673.2,2588.8,2617.2,2569.2,2519,2581.4,2630.9,2634.3,2637.4,2675.9,2698.4,2718.3,2748.2,2746.2,2740,2737.9,2718.3,2727.9,2758.2,2762.1,2726.3,2702.1,2679.5,2687.1,2711.6,2734.5,2838.8,2798.3,2887.1,2837.6,2837,2824.1,2856.3,2895.5,2823.9,2857.6,2851.3,2821.8,2833.5,2894.8,2890.4,2912.7,2904.5,2840,2852.5,2856.7,2896.7,2902.1,2840.4,2787.2,2759.9,2757.7,2810,2877,2870.9,2980.6,2994.4,3010.9,3010.5,3052.5,3027.6,2957.6,2969.3,2962.8,2882.8,2886.6,2887.9,2914.2,2957.6,2951.2,2997.4,2982.7,2987.8,2988.4,2996.5,2911.3,2951.7,2997.9,3108.5,3254.7,3302.1,3283.3,3220,3214,3188.3,3164.1,3144.7,3131.5,3193.6,3199.6,3185.9,3310.9,3259.6,3275.6,3302.7,3187.1,3259.9,3285.4,3290.8,3229.5,3368,3273.1,3256.1
WIPRO,303.75,308.1,309,309.1,309.95,309.2,308.85,312.6,312.75,305.2,307.9,305.3,305.05,309.1,303.7,301.85,300.3,303.8,294.45,294.3,294.05,297.55,292.3,300.55,291.85,292.85,292.65,288.05,281.95,300.25,298.35,309.1,317.7,320.1,307.95,303.6,312.45,309,311.9,313.6,316.25,317.1,317.95,318,319.05,313,310.2,308.55,308.1,305.35,312.2,314.1,313.3,306.35,295.05,291.3,294.5,277.65,283.55,280,285.1,285.9,284.8,280.9,277.75,268.55,264,259.85,261.25,265.7,268,264.3,269.4,271,267.4,272.2,262.25,262.6,263.6,256.35,246.3,242.9,247.25,236.65,239.75,244,247.65,236.9,238.45,234.15,243.6,242.75,240.9,240.5,241.4,241.5,242.87,243.57,241.19,244.04,241.57,242.01,257.28,251.57,252.94,256.57,254.31,251.75,249.71,250.92,245.94,247.36,250.24,248.25,247.43,250.14,249.67,247.68,246.22,246.86,247.94,248.59,251.29,254.87,258.92,259.61,260.21,262.89,262.91,261.59,265.58,266.54,263.24,264.97,269.41,268.52,265.05,265.98,264.55,267,267.05,270.05,267.75,269.65,267.8,265.05,258.3,254.25,257.4,262.8,260.6,266.95,260.35,259.7,261.4,261.85,259.2,250.05,251.8,250.2,248.3,242.75,246.05,245.91,239.96,242.32,239.05,241.62,241.72,241.65,246.81,245.21,246.96,250.84,249.91,248.64,253.84,252.03,250.65,249.41,250.36,250.93,249.56,244.97,243.67,242.52,249.15,255.75,253.91,251.94,251.28,254.01,254.15,256.93,255.88,250.33,249.63,244.59,242,235.75,239.64,239.37,241.07,240.98,242.13,243.53,244.27,246.4,248.7,245.13,248.42,250.21,253.81,240.9,241.24,241.36,244.3,242.98,243.91,242.38,242.28,241.92,240.67,240.5,237.92,240.05,236.49,239.84,241.69,245.22,245.33,244.37,244.05,240.9,246.07,246.26,244.49
LALPATHLAB,3136.8,3166.25,3153.45,3039.4,3002,2978.5,3026.9,3038.95,3022.5,2946.25,2946.2,2924.15,2954.55,2948.7,2954.9,3000.4,3053.05,3001,2944.65,3000.45,3100.65,2994.55,3004.25,2928.15,2863.8,2803.05,2771.45,2813.45,2810.05,2820.5,2794.3,2842.85,2877.65,2828.85,2746.7,2681.95,2759,2877.85,2853.05,2817.25,2830.2,2792.5,2805.55,2811.8,2772.8,2716.3,2673.4,2623.5,2620.3,2629.5,2627.15,2612.85,2625.45,2599.5,2589.75,2410.1,2358.55,2310.45,2349.7,2386.7,2427.3,2518.4,2493.25,2603.95,2528.3,2523.25,2525.05,2532.2,2559.8,2518.25,2533.85,2490.45,2502.9,2447.8,2488,2478.8,2399.4,2497.15,2514.85,2515.7,2463.1,2535.95,2667.75,2701.8,2752.8,2772.3,2714.1,2727.2,2762.1,2768.2,2788.2,2911.2,2811.7,2777.8,2769.1,2793.6,2758.5,2807.8,2852.3,2775.3,2774.4,2807.1,2779.8,2806.4,2792.7,2799.6,2794.4,2821.3,2835.2,2820.2,2849.8,2863.9,2848.8,2826.8,2829.4,2786.6,2766.1,2823.8,2850.4,2857,2846.2,2874.7,2960.1,2985.1,2971.6,2953.4,2947,2928.2,2911.5,2879.7,2912.3,2803.9,2737.3,2767.2,2749.4,2768.9,2796.3,2774,2772.8,2756.7,2849,2854.7,2880,2963.7,2929.5,2926.5,2897.5,2974.3,2985.6,2982.3,3003.5,2973.6,3004,3017.2,3092.7,3077.1,3032.4,3026.2,3099.1,3150.9,3177.2,3100,3194.4,3208.9,3213.1,3190.3,3219,3256,3295.4,3347.8,3428.7,3386.4,3450.9,3383.4,3374.9,3359.9,3308.5,3323.3,3308.9,3272.1,3228.3,3337.6,3319.4,3249.6,3195,3176,3223.7,3283.9,3343.9,3298,3270.3,3261.3,3285.4,3473.5,3388.5,3330.3,3304.4,3261.1,3194.5,3132.8,3118.1,3168.7,3127.7,3179.6,3146.6,3079.6,3088.2,3096.8,3223.3,3176.2,3122.4,3156.7,3108.1,3147.3,3136.3,3071.7,3048.2,3144.1,3091.7,3089.6,3089.4,3135.5,3254.9,3153.7,3108,3096.7,3089.4,3064.1,3080.7,3143.6,3153.2,3158.3,3182.6,3208.1,3127.4,3142.2,3121.1
PNBHOUSING,959.3,964.5,939.9,927.95,934.1,921.75,889.4,873,872.1,868.85,842.95,846.75,850.4,851,869.7,877.7,908.1,924.8,926.65,897.15,885.6,873.9,890.75,855.3,809.4,840.95,856.6,895.6,903.9,912.45,898.5,911.45,883.75,863.4,813.3,843.05,871.15,861.7,878.2,879.9,868.85,900.85,907,888.85,866.5,830.55,818.7,806.15,792.7,781.25,800.3,810.9,826.65,804.7,789,792.2,784.7,763.35,766.05,785.5,805,818.15,818.2,786.8,791.7,801,803.45,817.5,833.85,826.05,860.8,872.95,870.65,851.95,871,881.5,872.85,917.05,937.4,949.45,923.65,964.1,923.15,979.4,970.8,1001.7,990.65,1006.75,994.95,999.75,1008.85,971.7,986.25,1030.4,1010.2,1000.2,1057.4,1038.9,1060,1024.4,1031.1,1070.8,1092.2,1082.2,1074,1072.1,1054.9,1041.5,1050.8,1044.3,1043.2,1046.8,1040.6,1045.8,1042.6,1044.9,1073.3,1050.7,1057,1063.9,1104.9,1126.1,1126.2,1121.8,1089.2,1055.6,1063.1,1061.2,1057.5,1038.5,1049.8,1059.7,1066,1083.1,1110.2,1107.1,1109.4,1104,1084.6,1084.4,1081,1088.2,1088.1,1098.7,1084.3,1076.8,1088.1,1099.6,1106.1,1092.5,1082.2,1084.2,1086.6,1063.6,1050.2,1010.4,1013.5,1006.3,986.8,986.2,808.45,778.5,767.8,774.8,758.7,770.75,773.6,767.15,773.05,767,786.2,817.7,808.45,804.25,799.75,799.85,782.9,767.05,753.6,761.25,785.45,791.85,782.6,791.7,799.85,800.4,808.8,812.35,830.15,835.3,830.95,840.6,861.3,869.45,859.05,891.75,889.9,907.75,864.1,870.05,863.6,882.3,888.05,895.05,890,876.25,876.1,853.6,853.25,843.1,848.85,843.4,838.85,869.15,875.6,883.6,907.3,927.6,933.5,938.45,934.55,928.7,937.9,931.65,908.55,896.15,898.95,898.5,899.05,912.55,915.4,917.65,920,908.85,905.25,887.15,872.1
TATACOMM,1785.35,1775.1,1839.95,1851.85,1840.95,1856.25,1813.55,1795.55,1768,1710.45,1709.45,1721.8,1733.35,1713.6,1697.1,1703.4,1725.65,1745.05,1736.55,1691.2,1686.45,1704.7,1706.8,1718.9,1632.3,1676.9,1675.25,1707.2,1698.15,1729.9,1697.05,1677.95,1646.3,1629.45,1569.4,1559.25,1555.1,1586.95,1633,1560.5,1586.45,1605.35,1586.9,1605.8,1572,1525.35,1522.15,1523.2,1503.2,1507.45,1488.3,1501.8,1486.3,1450.15,1436.05,1405.45,1388.95,1352.5,1323.95,1316.25,1390,1398.4,1383.85,1373.2,1492.35,1508.05,1503.95,1502,1506.2,1561.1,1605.2,1610,1611.95,1578.25,1604.95,1594.55,1578.2,1579.65,1595.2,1631.25,1598.05,1549.85,1565.5,1547.35,1564.25,1591,1593.7,1565,1573.8,1598.7,1584.4,1608.1,1569.6,1581.1,1579.5,1591.4,1559.2,1591.1,1545.6,1543.6,1507.5,1515.8,1567.4,1565.3,1603.8,1615.1,1632.3,1643.5,1634.3,1664.7,1667.4,1674.6,1690.7,1687.9,1690.1,1688.4,1676.2,1676.2,1663.2,1682.7,1713.1,1713.1,1744.6,1735,1712.8,1700.7,1706,1710.5,1709.6,1699.7,1648.7,1654.5,1643.7,1645.9,1672.2,1673,1678.8,1690.6,1725.8,1807.5,1778,1762.4,1768.3,1763.5,1761.2,1753.4,1711.8,1713.4,1728.7,1724.1,1731.6,1763.8,1771.2,1736.7,1741.6,1728.5,1728.8,1724.6,1729.4,1758.6,1724.7,1667.2,1675.4,1691.2,1685,1672.5,1654.5,1664.9,1627,1639.8,1694.9,1673.4,1668.8,1645.2,1589,1604.5,1594.8,1562.8,1559.6,1548.6,1561,1551.5,1566.1,1554.3,1549.6,1547,1603.5,1582.7,1583.3,1614,1670.3,1713.8,1693.1,1683.6,1684.4,1652.9,1655.3,1654.6,1658.8,1613.7,1613,1613.3,1613.2,1613.8,1658.5,1662.5,1689.2,1696.8,1870.2,1798.2,1872.6,1955.1,1971.3,1926.9,1905.1,1915.3,1852.2,1896,1941.3,1906.7,1909.7,1913.8,1875.4,1901,1905.4,1842,1849.4,1843.9,1840,1840,1888.7,1874,1906.9,1880.9,1875.5,1917.4,1920.9
JUSTDIAL,1140.4,1088,1074.8,1062.45,1041.4,1038.15,1020.05,1009.75,1010.25,982.65,991.15,1003.45,999.95,998.65,990.05,993.5,1007.7,1009.45,1064.2,1023.7,1085,1082.55,1075.2,1035.1,899.3,901.5,893.05,895.75,913.4,941.35,943.85,946.5,926.2,903.1,859.3,843.6,871.6,873.3,891.3,832.95,859.1,870.45,884.1,872.3,852.55,830.95,834.25,818.7,800.45,779.35,791.65,839.2,894.5,867.85,833,821.6,892.45,840.25,793.1,823.3,829.2,863.55,888.75,841.5,840.15,826.25,819.75,815.2,837.05,855.7,858.05,867.3,879.25,853.2,831,843.7,815.6,810.75,815.2,835.55,820.85,795.35,801,816,835.5,880.2,916.95,921.9,1028.25,984.25,985.4,960.3,923.35,939.45,942.75,936.8,938.4,919.2,898.65,901.65,881.4,884.9,926.15,938.5,937.15,936,951.85,941.3,914.8,918.25,918.55,927.65,915.05,900.8,896.05,885.6,888.45,882.6,894,887,899.5,895.7,916.35,918.3,921.3,903.8,895.2,881.55,880.4,876.5,870.3,877.75,868.2,885.3,918.9,910.05,915.3,929,929,920.7,926.85,933.25,917.5,912.55,920.4,926.75,944.05,934.85,941.15,894.95,896.9,885.4,870.65,865.15,864.85,863.5,851.65,855.7,850.25,850.1,840.7,827.6,831.2,842.2,829.85,835.35,827.65,830.9,831.35,823.8,820.75,828.55,836.45,841.35,841.35,834.65,830.7,820.15,810.65,808.95,815.15,819.45,818.85,821.45,821.05,824.2,841.15,854.9,860.2,860,850.95,849.85,846,849.55,837.75,838.35,834.25,824.15,820.15,818.15,830.8,829.2,833.45,832.15,828.9,822.85,819.1,822.75,832.45,860.95,819.5,805.95,803.2,790.45,785.3,794.35,777.5,775.3,791.4,792.25,788,780.15,774.55,765.3,758.95,753.3,753.05,745.95,733.2,747.05,744.3,734.95,772.2,777.3,767.15,764.95,748.65
MPHASIS,3104.6,3181.8,3184.55,3190.35,3195.4,3197.3,3181.2,3176.55,3117.1,2950.6,2977.65,2930.65,2908.45,2883.95,2935.25,2847.2,2854.9,2898.7,2869.25,2897.65,2926.2,2924.85,2871.95,2915,2777.5,2780.25,2779.75,2821.4,2817.2,2805.25,2773.55,2808.95,2918.95,3009.3,2937.1,2883.75,3009.25,2867.6,2867.95,2817.75,2805.45,2841.9,2825.65,2868.5,2786.95,2713.6,2666.6,2601.95,2554.25,2591.35,2578.95,2611.25,2637.25,2567.55,2487.9,2452.9,2376.4,2247.25,2265.4,2246.6,2307.85,2343,2302.25,2265,2277.85,2225.05,2205.15,2201.85,2293.4,2285.85,2305.85,2429.95,2482.95,2534.4,2515.15,2528.2,2500.2,2446.75,2474.4,2374.05,2229.2,2102.2,2168.9,2117.6,2160.55,2269.7,2267.1,2273.7,2380.7,2401.8,2507.3,2468.1,2538.6,2503.4,2511.9,2469,2460.7,2456.1,2357.7,2402.2,2374.9,2387.3,2532.4,2490.6,2571.6,2624.3,2600.4,2534.5,2532.4,2557.6,2543.7,2541.4,2546,2537.8,2531.5,2566.4,2558.8,2491.1,2501.4,2503.3,2529.8,2545.2,2603,2671.4,2679.9,2664.3,2644.2,2707.4,2693.4,2687.4,2648.3,2696.1,2673.2,2682.8,2752.6,2802.5,2800,2845.4,2881.5,2888.5,2882.8,2924.2,2874.6,2909.6,2863.9,2861.1,2838.8,2829.5,2884.8,2876.8,2844,2832.7,2802.9,2777.2,2736.4,2653.5,2625,2703.8,2774.3,2806.6,2790.2,2757.4,2747.3,2705.2,2654.1,2702.7,2695.9,2672.2,2717.8,2695.2,2720.2,2698.1,2742.6,2835.5,2854.4,2848.6,2917.7,2873.2,2831.8,2788,2921.5,2902.6,2892.9,2861.2,2797.4,2787.1,2853.3,2968.4,2925.5,2904.2,2939.2,2950.7,2978.1,3000.6,2993.8,2852.4,2766.6,2740.9,2717.4,2642.4,2678.1,2654.8,2691,2736.9,2792.3,2817.7,2799.8,2807.2,2783.2,2750.2,2745.3,2781.9,2783.6,2693.7,2747.5,2740.7,2799.2,2818.9,2888.7,2830.9,2874.6,2893.7,2764.4,2784.2,2766.6,2773.9,2736,2776.2,2777.5,2825.8,2822,2772.1,2688.7,2658.5,2713.7,2740.4,2747.1
INDGN,593.1,590.75,590.9,600.65,589.6,584.1,588.9,602.05,606.55,587.7,588.8,590,592.65,602,601,603.7,606.8,601.6,596.7,591.65,621.6,630.6,629.05,614.9,603.35,632.75,650.45,640.15,651.45,673.75,659.3,658.7,662.4,658.8,611.4,605.7,622.3,600.7,599.7,622.95,620,608.15,623.95,629.15,618.7,590.3,594.1,601.6,570,576.2,567.6,568.7,556.7,555.55,541.4,512.5,503.95,514.05,528.95,529,524.4,526.3,534,505.65,577.55,522.55,513.3,529.7,536.5,538.85,528.8,552.05,560.8,540.15,566.85,578.5,575.8,579.05,574.3,555.45,532.9,550.6,553.05,571.3,579.85,574.85,570.15,567.65,574.1,576.3,572.1,567.4,571.5,558.1,547.75,531.8,557.55,544.6,553.9,546.15,553.4,568,571.75,573.15,609.75,612.15,599.35,596.3,600.4,605.95,600.1,609.15,604.35,587.7,590.25,600.55,605.4,619.7,590.4,595.7,581.6,590.8,583.3,606.8,598.85,599.25,593.05,581.1,586.4,573.65,577.1,572.5,575,580.55,574.65,568.4,574.65,575.35,570,566.25,567.5,568.15,562.1,574.15,570.75,563.95,563.75,577.05,581.25,576.3,575.4,561.45,550.4,558.95,556.65,555.85,547.65,548.85,546.45,543,577.3,587.55,568.45,570.6,575.8,571.05,572.15,574.55,572.2,572.65,588,589.55,579.4,572.85,572.5,568.95,562,553.2,542.3,547.35,546,553,543.7,561.4,553.5,550.3,557.6,568.8,575.05,573.1,572.9,585.8,585.95,586.55,577.6,574.8,572.35,571.9,575.4,573,561,565.85,579.75,571.9,551.8,550.35,553.5,556.65,548.35,532.65,544.55,539.85,542.65,556.8,554.7,546.35,540.15,543.35,547.7,545.5,552.05,539.4,536.3,539.05,530.15,523.1,518.3,511.25,508.8,514,509.85,508.15,506.05,514.7,515.1,510.05,514.3
INDIANB,597.7,596.85,583.15,577.65,572.85,582.35,565.7,555.4,554.6,537.15,537.6,541.15,543.8,547.2,530.95,529.95,517.55,523.35,524.35,509.8,511.35,507.5,500.35,492.4,475.8,505.8,502.85,527.35,524.45,532.2,525.3,521.2,516.7,501.25,498.55,514.15,544.75,545.85,555.75,520.4,540.25,540.2,547.9,543.35,524.5,513.55,518.35,519.9,508.45,517.55,518.75,525.95,525.65,516.1,528.15,522,521.6,510.8,500.1,504.55,521.4,526.8,530.15,508.25,511.4,493.85,490.4,499.45,512.95,525.25,534.25,547.95,548,543.05,542.75,552.9,541.3,530.95,529.7,549.2,546.05,539.45,547.05,526.95,535.8,541.25,568.15,575.2,577.55,582.8,582.1,574.05,569.2,586.3,577.35,565.8,558.1,576.5,561.45,558.3,553.95,552.05,572.1,580.85,584.7,588.9,594.55,611.5,610.75,601.7,592.4,594.1,594.85,597.55,608.15,601.05,616.6,646.25,632.4,633.65,629.7,634.05,651.8,628.75,625,625.1,624.85,632.7,634.05,628.65,615.15,615.65,617.25,623.3,620.7,635.95,626.8,643.45,649.65,650.65,645.95,650.5,644.15,638.55,638.8,631.25,631.5,635.1,633.7,641.5,637.95,631.65,634.75,627.9,624.4,652.15,637.55,626.7,630.5,614.6,621.7,621.2,638.15,634.75,637.5,647.65,650.85,674,671.4,670.7,668.25,676.3,671.65,670.05,670.85,670.25,668.05,655.9,652.85,653.1,668.5,664.15,670.5,664.2,664.25,670.45,670,692.4,695.85,697.75,696.55,694.85,703.75,699.25,701.5,704.55,695.1,708.2,712.4,706.35,724.6,750.7,737.05,765.95,758.05,757.7,760.6,766.2,776.25,783.5,768.15,775.3,771.05,782.35,813.8,813.3,826.2,820.05,825.85,852.9,854.45,854.85,858.7,880.35,872.4,865.8,873.95,876.35,867.9,867.5,869.45,868.45,890.15,886.9,885.55,882.35,851.8
HBLENGINE,631.45,648.4,632,631.7,613.45,621.85,633.2,626.75,624.5,592.25,604.05,602.2,594.75,568.9,527.85,543,532.15,549.7,557.4,565.35,551.85,545.75,545.6,529.4,501.4,512.6,544.7,564.1,596.85,576.05,574.8,581.4,576.7,550.45,528.75,481.95,507.45,492.6,501.05,477.6,457.3,488.95,489.8,478.3,470.2,463.55,453.6,433.1,424.4,438.75,458.6,453.4,456.25,435,438.15,423.2,414.8,406.45,418.75,482.4,460.1,465.3,481,472.5,459.85,465.45,472.5,511.7,516.1,528.5,507.95,481.45,488.15,478,500.95,518.9,515.1,517.7,523.4,531.25,525.65,517.55,511.2,497.75,493.9,481.95,493.4,500.3,477.65,478.85,468.5,468.4,505.55,506.55,569.05,577.2,568.75,587.25,572.6,574.1,569.25,576.1,555.25,564,569.45,589.8,600.3,603.15,593.2,607.35,610.35,607.05,603.65,603.8,611.1,601.2,589.4,605.6,593.3,579.2,563.55,578.4,566.3,591.15,590.1,585.45,590.95,592.9,620.4,626.85,636.05,630.45,636.8,628,619.45,622.65,611.2,599.75,605.8,606.05,610.3,602.35,596.45,593,585.25,588.25,572.85,559,579.5,582.2,587.2,599.85,610,610.8,602.5,594.75,599.8,683.95,692,763.4,765.65,772.85,789.85,791.95,794.8,800.65,780.3,771.3,780.9,807.1,839.1,854.45,851.05,851.2,862.5,837.3,848.7,867.15,853.3,873.3,909.45,886.95,878.2,858.35,838.35,818.5,812.3,829.4,820.05,835.65,810.7,813.6,834.3,846.85,859.65,871.15,889,875.5,882.5,916.75,917.7,896.4,921.45,936.05,944.05,954.15,924.9,931.7,992.45,1001.7,1011.7,1002.75,1004.2,988.4,994.9,966.1,979.2,1098.8,994.2,975.1,964.8,1041.3,1038.4,1028.7,935.4,931.1,896.9,885.2,881.6,884.5,877.5,885.7,870.35,846.5,844.15,810.2,807.6
ECLERX,3678.8,3725.45,3796.8,3834.85,3815.55,3833.45,3757.15,3739.95,3738.8,3608.95,3611.9,3625.75,3552,3650.1,3502.4,3483.4,3467.05,3517.3,3507.65,3389,3390.6,3335.5,3269.3,3269.95,3203.25,3188.4,3214.85,3267,3202.75,3243.4,3243.35,3155.25,3177.2,3068.05,2995.8,2980.85,3133.05,3004,3058.15,3212.35,3196.05,3299,3180.5,3194.95,3147.85,3038.4,3093.4,3079.55,3100.1,2999.7,3027.9,3112.45,3120.6,3118.95,3075.35,3019.25,2950.95,2833.9,2622.55,2667.65,2692.7,2787.45,2793.1,2696.8,2592.2,2615.25,2521.15,2571.25,2584.5,2620.8,2749.3,2758.2,2769.6,2742.65,2763.15,2777,2737.6,2745.4,2781.35,2643.65,2496.75,2502.15,2414.05,2402.2,2506.1,2517.2,2503.2,2580.4,2563.4,2644.2,2655,2563.6,2543.1,2601.1,2515.1,2498.6,2491.2,2407.1,2428.8,2453.6,2449.4,2591.2,2704.4,2748.7,3156,3301.8,3283.4,3363.2,3409.9,3379,3356.8,3363.2,3407.4,3363,3509.6,3542.1,3465.4,3527.5,3502.2,3572.6,3606.3,3647.8,3688.7,3676.1,3678.7,3576.8,3608.5,3625.7,3616.8,3472.6,3390.2,3481.7,3508.2,3509.9,3513.6,3509.6,3501.2,3472.6,3439.1,3414.4,3406.5,3413.7,3368.8,3372,3410.3,3481.2,3592,3563.2,3572,3669.1,3715.7,3712.2,3736,3681.8,3659,3646.8,3774.1,3722,3784.1,3767.2,3799.2,4087.3,3977.1,3951.6,4114.5,4109.3,4108.9,4094.3,3989.3,3997.2,3912.5,4041.2,3989.9,3998.5,3897.5,4238.8,4454.9,4245.1,4221.3,4496.8,4534.5,4408,4439,4290.6,4234.5,4338.2,4475,4509.1,4429.3,4370.2,4374.8,4394.4,4409,4270.3,4264.1,4250.9,4099.5,4247,4156.9,4049.2,4015.7,3973.5,3928,4018.8,4009.9,4061,3969,4084.1,4144.4,4031,4085.4,4112,4069.7,4314.4,4439.8,4343.8,4446.6,4787.3,4717.4,4639.6,4721.3,4727.6,4733,4738.4,4569.9,4279.5,4363.4,4341.7,4487.5,4446.8,4400.6,4565.1,4451.9,4425.4,4595.7,4457.1,4519
GESHIP,1107.55,1079,1083.8,1084.35,1072.85,1070.3,1050.3,1029.6,1024.65,993.3,950.7,969.55,964.55,983.05,946.65,962,969.95,978.45,984.7,945.3,980.75,964.2,952.3,937.85,896.7,932.95,913.45,988.3,952.15,959.35,948.7,947.45,965.3,938.15,912.05,908.9,931.25,948.15,984,954.85,938.4,924.45,898.5,913.15,912.9,884.5,893,911.95,902.5,902.65,894.55,902.55,911.65,905.05,891.7,883.05,837.95,810.7,821.9,821.65,847.3,872.55,906.5,892.95,905.15,895.9,897.1,891.15,898.2,930.2,952.95,942.25,945.4,924.85,915.6,920.05,931.65,923.25,928.35,936.1,906.6,872.9,864.6,860.4,862.95,880.1,889.45,878.2,906.85,911.75,924.25,917.1,886.7,908.2,900.7,870.05,877.6,930.8,887.6,872.55,863.85,875.55,912.8,895.45,921.5,909.4,972.75,962.45,917.55,910.5,911.8,923.3,931.8,934.3,941.35,936.9,930.8,971.85,976.6,990.5,1000,985.2,987.35,981.65,966.7,975,989.45,1005.15,978.35,962.6,956.2,962.85,994.55,972.7,986,987.95,973.8,978.85,979.8,1000,999.95,1033,1023.5,1015.4,1028.5,1006.25,992,994.8,988.2,990.4,995.15,991.6,990.4,990.15,989.65,976.05,961.85,933.8,958.15,947,939.9,929.25,930.5,924.5,932.05,939.95,930.85,946.85,973.95,958.85,970.8,974.05,982.5,982.3,980.15,967.85,954.5,947.4,934.7,927.35,956.4,960.6,958.8,971,971.15,951.9,975.15,987.75,986.55,992,995.7,1058.15,1047.7,1059.65,1054.4,1047.85,1042,1028.95,1018,995.1,976,993.75,994.6,1054.15,1061.55,1048.25,1040.5,1050.2,1049.75,1045.95,1029.2,1032.25,1045,1034.5,1033.45,1036,1019.25,1022.8,1052.5,1058.05,1071.9,1083.65,1099.6,1084.6,1053.4,1049.5,1085.2,1089.6,1108.8,1159,1136,1133.2,1133.4,1131.3,1117.2,1100.6,1096.6
WOCKPHARMA,1395.75,1399.05,1427.05,1388.2,1396.95,1531.1,1482.05,1445.85,1474.45,1454.35,1439.2,1490.2,1460.15,1478.05,1419.6,1416.85,1455.7,1446.45,1519.2,1465.65,1483.3,1457.75,1443.05,1388.15,1318.8,1367,1337.45,1368.25,1404.55,1392.5,1339.6,1300.1,1430.1,1376.05,1275.3,1276,1325.45,1288.1,1416.9,1572.75,1630.4,1652.6,1651.1,1599.35,1519.4,1443.45,1512.1,1436.5,1385.15,1410.25,1356.9,1366.1,1385.15,1316.55,1268.2,1229.95,1168.45,1155.5,1200.1,1223.55,1284.7,1330.05,1319.65,1259.7,1289.1,1313.05,1292.05,1288.8,1354.25,1421.95,1470.25,1518.8,1477.95,1426.6,1417.55,1409.2,1424.4,1447.9,1438.35,1418.7,1347.8,1213.05,1264.05,1200.2,1319.15,1402.3,1392.4,1413.8,1401.4,1411.1,1414.6,1465.2,1397.6,1391.5,1363.7,1296.7,1310.1,1294.8,1230.7,1251.6,1235.2,1224.3,1270,1276.8,1257.3,1283.4,1330.4,1358.9,1324.7,1341.2,1320.2,1340.6,1334.6,1351.8,1337.1,1346.8,1465.3,1466,1488.5,1492.4,1529,1505.4,1510,1546.6,1831.1,1784.5,1776.2,1803.9,1727.6,1718.5,1687.3,1730.8,1752.1,1730.9,1718.9,1655.7,1640.2,1714,1677.4,1697.7,1748.4,1724.8,1703.5,1657.8,1717,1696.8,1757.1,1816.7,1828,1821,1820.2,1773.9,1733,1711.3,1713.7,1701.3,1677.5,1682.9,1697.3,1684.8,1667.5,1612.4,1578.2,1545.6,1477.2,1521.7,1472.2,1463,1515.6,1501.6,1525,1507.4,1493.2,1486.6,1461.9,1479.4,1448.9,1470.2,1426.3,1427.5,1415.7,1415.1,1488,1475.9,1478.8,1460.6,1493.7,1559.9,1527.3,1518,1513.2,1549,1548.2,1526.5,1505.7,1481.1,1476.9,1490.1,1476.1,1336.5,1564.4,1516,1492.8,1460,1429.2,1424.6,1394.5,1399.6,1418.5,1388.3,1368.4,1355.2,1356.5,1342.7,1339,1372.7,1358.8,1332.4,1294.4,1296.9,1306.6,1291.1,1281.5,1413.8,1365.3,1353.3,1337.7,1361.3,1331.8,1360.2,1347,1345.5,1368.3,1344.4,1330.6,1325.1,1311.3
BRIGADE,1279.1,1280.05,1235.95,1250.35,1248.15,1288.4,1298.85,1275.35,1302.95,1236.7,1258.4,1264.8,1246.2,1246.7,1226.7,1243,1240.15,1277.15,1295.1,1254,1248.85,1221.65,1184.55,1148.25,1063,1081.25,1103.75,1137.8,1133.1,1137,1112.5,1069.75,1057.15,1030.8,1017.9,1013.9,1093.05,1113.9,1171.05,1163.25,1158.1,1158.65,1155.5,1146.7,1105.4,1058.45,1026.1,1026.2,1016.8,987.3,973.85,1023.85,1017,1006.05,997.25,976.2,979.1,947.05,940,948.3,965.1,958.2,954.35,957.2,952.8,976.45,950.45,937,937.4,948.4,957.25,963.85,993.6,979.35,976,993.4,976.65,958.45,978.9,985.9,949.1,895.85,923.95,909.35,934.6,972.65,983.15,985.7,1008.5,1033.8,1048.75,1037.4,1023,1024.9,1014.1,1028.6,987,1020.7,997.3,1018,1002.7,1016.5,1038.7,1080.4,1092.2,1065.1,1108.6,1115.2,1110.3,1110.8,1100.6,1090.2,1083,1077.3,1086.7,1108.6,1094.4,1176.3,1231.9,1213,1261.2,1278,1252.7,1231.1,1234.8,1210.1,1185.4,1195.9,1177.5,1167.7,1135.4,1144.6,1142.3,1142.4,1158,1128,1109.3,1109.8,1094.9,1059.3,1051.2,1073.3,1091.6,1120.9,1077.4,1079.9,1063,1084.9,1091,1115,1131.8,1111.8,1101.6,1086.9,1049.4,1061.2,1057.6,1013.8,1009,987.2,1007.8,982.7,985.3,992.8,968.7,954.1,947.8,961.3,974.2,966.2,937.6,962.6,955.7,956.3,967.6,962.5,968.6,944.2,952.9,923.1,927.25,925.85,931.9,928.45,910.35,909,904.35,935.9,934.25,945.6,970.05,952.6,949.8,953.25,937.35,924.6,914.35,914.9,920.45,905.1,887.75,896.05,895.4,896.75,893.85,926.45,912.2,919.1,942.65,930.45,914.95,956.8,967.75,980.85,979.1,980.85,997.8,1000.4,1035.85,1011.05,1034.5,1038.9,1037.7,1041.4,1018,993,980,978.4,968.4,958.9,950.7,944.2,945.4,926,925.2,923.3,898.7
PTCIL,11631.6,11778.15,11763.65,11676.15,11550.6,11652.05,11440.8,11595.8,11706.4,11595.7,12480.9,12394.7,12348.8,13530.8,13498.7,13458.6,13335.55,13301.75,14404.3,15645.5,16925,17153.1,17392.15,17083.15,17315.1,17300.85,17215,17214.2,16574.9,15792.65,15572.95,14905.8,15027.15,15473.2,15179.85,14420.85,13806.95,13582.7,14203.45,14611.45,14654.65,14623.9,14627.65,14173.45,14503.75,14121.6,14126.75,13854.2,13083.35,11927.35,10734.65,10197.95,10604.35,10350.35,10258.3,10142.7,10413.35,10204.8,10287.6,10801.95,11342,11909.1,12276.45,12237.2,12341.05,12121.55,12126.95,12360,12568.2,12586.3,12582.95,13211.9,13872.45,14512.95,14865.4,14940.3,14944.65,14324.65,14199.7,14102.75,13797.25,12800.55,13280.25,13171.55,13273,14560,14696,14416,14416,14298,14274,13986,13601,13729,13590,12794,12970,12765,12339,12390,12242,12286,12749,12752,14005,14351,14269,14002,14230,14427,15635,15425,15654,15723,15566,15276,15299,15280,15264,14757,14838,14604,14403,14674,15426,15357,15277,15239,14895,14770,14403,14065,14687,14748,14910,14842,15067,15569,14929,15021,14755,14898,14795,14891,14607,14333,14405,14487,14558,14599,14508,14498,14563,14547,14395,14553,14629,14683,14753,14756,14925,14801,14808,14903,15028,14955,15105,14262,14190,14185,13731,13702,13402,13661,13367,13764,14232,13964,13959,14011,13840,13807,13705,13687,13583,13522,13560,14030,14234,14166,14530,14611,15465,15518,14942,15211,15221,15203,15486,15249,15188,15528,15698,16648,16623,15976,15968,16676,16247,16424,16558,16825,16680,16760,16831,17017,16905,16990,17461,17141,17004,17035,17283,17354,17201,17430,17441,17327,17513,17526,17285,16944,17324,17234,17231,17153,17236
VTL,529.35,536,524.1,525.05,546.6,557.85,555.5,545.2,543,525,525.3,529.9,512.4,513.3,505.75,506,505.3,513.8,509.7,487.1,510.25,493.3,481.8,472.45,450.4,460.85,474.8,486.45,494.75,495.65,478.15,479.45,456.9,440.65,439.85,442.85,456.9,460.15,456.75,442.35,445.2,440.5,450.75,450.8,441.15,428.15,437.45,437.95,435.6,430.6,423.15,427.7,426,420.1,407.55,407.65,396.25,379.7,374.05,386.45,397.55,397.75,401.15,387.9,380.85,380.35,366.25,363,379.65,386.8,396.05,396.05,399.85,402.2,403.8,394.75,395.15,398.25,402,476,470.75,453.35,445.6,436.55,461.1,485.35,496.4,502.65,497.75,488.85,497.65,487.4,464.7,466.5,464.7,454.2,464.9,464.35,451.45,472.8,472.75,481.05,481.9,476.55,476.55,482,499.8,515.5,511.9,512.95,505.1,502,494.65,488.85,498.75,499.6,491.75,493.2,490.95,489,488.05,485.4,486.8,489.45,492.2,490.55,482.15,472.7,477.55,468.15,455.25,457.95,467.9,478.3,488,486,493.05,500.55,502.85,497.9,498.9,500.35,498.7,500.75,503.8,508.1,497.6,491.55,501.15,500.1,502.15,501.25,500.65,484.55,484.3,492.85,473.65,459.55,460,458.35,436.9,420.75,416.9,418.05,408.2,396.8,393.05,390.25,399.65,400.15,394.05,409.4,435.1,429.05,421.35,414.75,413.5,398.3,450.2,424.35,418.25,412.2,416.35,411.05,406.75,410.05,409.7,442.95,435.35,429.9,426.3,436.9,445.5,435.7,426.1,421.55,417.7,416,413.65,417.2,409.7,412.85,409.45,407.95,403.45,401.95,396.9,400.25,402.05,398.7,394.65,401.85,409.4,404.55,406.3,408.25,437.4,442.1,440.45,433.3,442.4,438.9,436.05,443.4,437.9,429.25,438.3,435.85,446.8,447.35,450.85,452.8,460.25,455.55,460.65,465.25,451.95
TECHM,1777.85,1763.55,1762.8,1789.6,1796.4,1775.55,1770.75,1778.9,1754.35,1686.05,1712.4,1704.9,1698.7,1711.65,1740.85,1706.2,1703.85,1726.95,1689.45,1686.3,1671.15,1663.75,1642.8,1705.6,1659.65,1647.5,1675.95,1687.65,1660.3,1674.6,1640.5,1683.95,1713.4,1723.05,1653.9,1648.35,1681.15,1670.1,1674.45,1654.7,1659.05,1661,1669.6,1692.1,1699.05,1669.1,1680.2,1675.3,1659.1,1664.95,1705,1685.8,1657.85,1649.5,1613.7,1593.95,1588.25,1487.85,1493.05,1488.25,1538.1,1503.45,1492.35,1486.85,1479.2,1438.3,1440.65,1430.65,1396.15,1410.55,1409.25,1458.65,1455.5,1416.3,1423.9,1418.25,1395.15,1423.05,1369.35,1320.95,1288,1314.4,1272.75,1282.25,1301.7,1308.7,1306.8,1373.5,1376.5,1439.6,1445.2,1462,1461.5,1495.3,1503,1496.3,1494.6,1496.2,1495.2,1502.8,1493.7,1573.1,1572.5,1603.2,1629.1,1617,1597.8,1576,1598.2,1565.6,1580.3,1601.4,1592.4,1580.3,1600,1573.9,1549.1,1543.8,1556.7,1562.8,1571.1,1579.1,1610.9,1637.5,1644.4,1659,1693.9,1718.6,1710.7,1684,1696.1,1681.8,1677.1,1705,1690.2,1674.4,1687,1671.2,1677.1,1671.9,1655.2,1623.9,1635.4,1614.8,1600.1,1602.5,1576.7,1579,1607.9,1563.7,1548.9,1543.8,1547.2,1546.6,1498.6,1461.9,1450.6,1453.8,1463.2,1463.7,1438.8,1475,1485.4,1459,1482,1480.4,1481.1,1509.3,1506.3,1486.7,1471.2,1496.7,1524.1,1521.3,1505,1527.1,1502.2,1495.6,1481.4,1505.5,1512.8,1508.2,1500.4,1477.9,1460.7,1498.2,1526,1521.2,1525.5,1519.8,1531.5,1547.2,1550.7,1553.8,1505.4,1471.9,1452.4,1444.3,1407.7,1410.7,1400.3,1416,1400.6,1439.3,1438.9,1458.2,1466.6,1457.2,1450.9,1468,1459,1463.8,1447.6,1444.4,1448.7,1463.4,1453.7,1462.8,1447.4,1452.2,1433.8,1424.4,1419.8,1409.2,1413.6,1386.7,1397.8,1408,1456.1,1451.4,1439.2,1452.8,1422,1433.9,1456,1461.5,1494.7
HCLTECH,1909.9,1936.35,1930.9,1936.2,1968.8,1954.4,1950.6,1960.35,1934.25,1911.35,1903,1896.95,1900.75,1892,1928.95,1917.4,1911.95,1972.2,1946.65,1953.05,1915.9,1932.25,1934.8,1995.1,1989.4,1813.55,1825.7,1792.25,1788.9,1796.2,1802.4,1827.7,1807,1792.85,1711.95,1693.25,1719,1713.1,1725.45,1692,1732.55,1712.85,1723.5,1725.65,1733.85,1723.2,1717.3,1703.1,1711.25,1709.9,1725.5,1712.3,1687.55,1700.7,1644.05,1636.1,1629.2,1575.05,1572.4,1535.5,1572.95,1585.45,1557.95,1549.3,1567.85,1540.6,1534.75,1545.15,1558.2,1544.45,1562,1566.7,1604.15,1624.9,1633.4,1630.15,1592.5,1530.35,1527.55,1470.1,1422.1,1374.1,1403.35,1380,1390.55,1426.5,1431.7,1438,1482,1479.9,1594,1586.7,1578.2,1549.3,1569,1567.5,1576.5,1568.6,1579.1,1563.3,1580.7,1569.4,1670.3,1619.6,1637.7,1696,1659.9,1649.6,1638.3,1652,1633,1648.2,1673.6,1652.1,1657.3,1664.7,1636.6,1631.5,1630.4,1626.1,1632.4,1637.7,1648.3,1668.1,1721.9,1701.2,1695.3,1723,1729.6,1715.9,1713.9,1739.9,1703.2,1691.8,1717.1,1724.1,1723.3,1728.6,1718.3,1718.6,1711.9,1725.9,1710.4,1708.1,1674,1663.7,1638.3,1619.8,1566.4,1562.8,1543.9,1548.8,1530.4,1520.1,1529.8,1507.2,1490.1,1466.1,1472.4,1476.5,1467.9,1452.1,1474.4,1482.7,1463.2,1475.5,1475.7,1488,1499.1,1501.1,1489.8,1485,1476.1,1496,1493.5,1466.3,1504.2,1492.8,1449.8,1454.8,1468.4,1465.7,1466.1,1443.3,1419,1403,1427.1,1463.9,1467.7,1467.2,1466.5,1483.1,1481.5,1493.8,1467.4,1439.9,1429.8,1442.3,1423.8,1395.3,1387.4,1385.1,1389.5,1393.5,1417.7,1433.4,1453.2,1486.5,1495.5,1494.7,1495.4,1495.7,1515,1486.2,1495.4,1486,1523.9,1523.8,1533.5,1522.1,1557.3,1549.8,1541.5,1543.5,1529.1,1526.4,1512.4,1540.5,1570,1594,1598.5,1594.6,1606.4,1595.2,1662.6,1645.4,1608
HCLTECH,1909.9,1936.35,1930.9,1936.2,1968.8,1954.4,1950.6,1960.35,1934.25,1911.35,1903,1896.95,1900.75,1892,1928.95,1917.4,1911.95,1972.2,1946.65,1953.05,1915.9,1932.25,1934.8,1995.1,1989.4,1813.55,1825.7,1792.25,1788.9,1796.2,1802.4,1827.7,1807,1792.85,1711.95,1693.25,1719,1713.1,1725.45,1692,1732.55,1712.85,1723.5,1725.65,1733.85,1723.2,1717.3,1703.1,1711.25,1709.9,1725.5,1712.3,1687.55,1700.7,1644.05,1636.1,1629.2,1575.05,1572.4,1535.5,1572.95,1585.45,1557.95,1549.3,1567.85,1540.6,1534.75,1545.15,1558.2,1544.45,1562,1566.7,1604.15,1624.9,1633.4,1630.15,1592.5,1530.35,1527.55,1470.1,1422.1,1374.1,1403.35,1380,1390.55,1426.5,1431.7,1438,1482,1479.9,1594,1586.7,1578.2,1549.3,1569,1567.5,1576.5,1568.6,1579.1,1563.3,1580.7,1569.4,1670.3,1619.6,1637.7,1696,1659.9,1649.6,1638.3,1652,1633,1648.2,1673.6,1652.1,1657.3,1664.7,1636.6,1631.5,1630.4,1626.1,1632.4,1637.7,1648.3,1668.1,1721.9,1701.2,1695.3,1723,1729.6,1715.9,1713.9,1739.9,1703.2,1691.8,1717.1,1724.1,1723.3,1728.6,1718.3,1718.6,1711.9,1725.9,1710.4,1708.1,1674,1663.7,1638.3,1619.8,1566.4,1562.8,1543.9,1548.8,1530.4,1520.1,1529.8,1507.2,1490.1,1466.1,1472.4,1476.5,1467.9,1452.1,1474.4,1482.7,1463.2,1475.5,1475.7,1488,1499.1,1501.1,1489.8,1485,1476.1,1496,1493.5,1466.3,1504.2,1492.8,1449.8,1454.8,1468.4,1465.7,1466.1,1443.3,1419,1403,1427.1,1463.9,1467.7,1467.2,1466.5,1483.1,1481.5,1493.8,1467.4,1439.9,1429.8,1442.3,1423.8,1395.3,1387.4,1385.1,1389.5,1393.5,1417.7,1433.4,1453.2,1486.5,1495.5,1494.7,1495.4,1495.7,1515,1486.2,1495.4,1486,1523.9,1523.8,1533.5,1522.1,1557.3,1549.8,1541.5,1543.5,1529.1,1526.4,1512.4,1540.5,1570,1594,1598.5,1594.6,1606.4,1595.2,1662.6,1645.4,1608
UNIONBANK,129.26,129.48,129.19,128.88,127.25,128.9,125.08,122.87,121,116.78,119.25,118.16,119.05,117.87,118.93,120.37,123.06,121.41,124.06,114.72,112.81,111.12,108.06,103.62,101.25,104.08,106.09,109.93,108.7,111.63,109.53,110,109.7,107.3,105.59,110.57,112.54,111.05,115.49,109.15,113.88,119.22,119.37,117.85,114.85,110.61,114.98,113.02,109.44,109.01,109.73,114.92,117.08,115.68,117.3,116.29,115.13,112.1,109.07,112.67,115.97,116.9,117.78,114.18,114.85,113.6,113.7,112.5,117.7,119.68,119.19,122.52,127.46,123.36,120.21,124.21,126.18,124.78,127.31,131.29,122.11,117.93,120.84,116.75,117.83,122.4,127.26,126.59,128.64,127.93,129.3,128.52,124.94,128.55,128.37,125.78,126.22,126.21,118.22,118.47,115.58,122.9,128.11,130.77,134.93,132.17,133.02,136.97,138.44,139.46,139.94,140.43,140.41,141.09,143.02,141.11,146.79,153.17,151.64,153.15,152.55,153.28,155.39,154.31,152.82,150.5,146.24,146.97,144.96,144.12,139.68,143.48,142.84,147.09,144.3,148.12,149.06,153.6,154.64,153.39,151.59,153.09,152.17,150.25,144.59,143.86,143.74,147.01,146.23,148.34,146.31,146.46,142.64,142.93,143.38,144.97,136.22,133.44,132.73,130.76,130.96,128.1,129.04,127.98,131.02,132.45,130.98,134.78,135.54,135.69,134.84,135.79,137.53,136.91,136.53,134.76,133.04,129.67,127.08,124.82,128.16,127.66,128.46,126.83,127.34,128.05,127.24,132.51,133.72,133.88,134.64,134.29,137.03,136.59,140.3,138.81,140.2,139.17,138.77,134.08,135.4,138.51,138.75,137.71,136.68,138.54,136.02,137.83,139.27,139.9,137,139.44,138.81,136.69,141.33,141.66,142.85,141.77,144.96,147.07,146.12,142.32,148.67,150.88,151.54,150.15,153.3,154.24,152.62,156.29,151.9,152.76,154.08,153.11,154.48,153.19,150.89
CHENNPETRO,600.2,605.4,601.75,598.35,592.4,594.05,585.7,574.55,606.2,594.3,601.4,594.95,607.65,606.15,592.1,625.8,631.95,634.3,633.45,597.6,604.45,615.4,612.15,601.6,574.75,575.1,574.5,578.4,590.95,597.85,584.8,581.95,576.15,556.9,529.9,523.65,525.65,524.5,541.45,515.9,527.35,532.65,526.75,522.85,517.05,501.7,501.25,501.75,479.35,484.05,478.6,496.25,499.85,505.1,508.4,491.75,469.8,451.6,452.05,462.65,471.3,527.05,529.2,513.05,551.5,552.8,570.15,559.9,573.35,575.5,632.95,637.55,614.25,630.55,626.15,615.1,599.95,608.45,610.25,608.8,594.5,610,606.8,616.2,619.45,631,621.75,635.35,633.8,628.4,627.15,631,620.95,619.55,612.3,617.7,625.55,607.95,615.15,605.35,591.9,618.75,621.15,626.85,640.3,646.75,652.45,675,691.45,684.2,680.6,686.85,684.05,719.05,721.65,676.2,666.8,651.15,658.5,652.95,648.35,655.9,668.85,683.65,664.4,641.95,627.05,637.2,629.05,608.25,632.95,702.35,685.8,667.9,671.55,683.1,679.4,681.75,700.7,712.4,771.15,738.2,734.05,738.6,733.8,719.3,721.9,743.7,749.15,747.25,779.4,779.7,787.15,777.75,761.6,687.6,720.9,705.3,699.4,682.65,656.5,649.1,638.95,634.65,641.15,643.5,659.1,660.8,651.25,633.35,627.05,656.15,659.45,663.6,659.2,660.9,649.9,645.25,645.4,687.05,699.6,699.05,692.85,702.4,702.4,723.2,725.35,742.65,734.85,751.9,751.9,739.8,744.85,742.4,756,751.7,753.3,754.5,760.5,763.35,757.8,757.1,780.4,807.7,805.3,803.55,798.9,802.25,787.25,768.45,758.2,735.55,723.6,775.85,779.3,746.8,772.35,769.85,843.2,809.7,885,979.35,953,982.85,975.85,1016.3,1000.25,1032.55,1034.15,1035,1029,1075.8,1096.55,1060.4,1076.35,1025.2,989.2
JSWINFRA,331.6,328.1,324.35,319.2,322.1,319.85,317.4,318.25,313.6,308.7,313.15,312.3,309.55,323,319.4,318,324.2,328.2,330.55,315.6,323.75,318.7,314.05,308.9,287.75,291.95,289.15,298.8,297.75,295.85,288.15,282.5,282.2,273.4,260.75,261.2,276.65,269.6,275,257.15,260.4,260.5,258.2,258.8,256.6,243.8,236.4,240.55,228.5,225.45,225,225.35,238.3,259.3,255.7,256.2,259.35,254.75,246.85,244.55,251.8,268.55,269.9,263.1,265.05,262.5,264.3,264,269.15,287.3,295.7,312.8,312.95,306.45,316,322.9,319.8,316.45,322.2,322.5,308.65,286.4,284.35,291,296.1,305,306.5,303.65,312.1,303.75,294.7,301.25,303.55,300,300.5,293.65,289.95,289.3,287.05,290.95,287.3,283.9,293.4,294.45,297.6,297.05,288.25,291.5,288.15,284.15,288.3,287.6,287.4,286.45,287.25,289.75,290.85,289.85,286.75,292.9,307.1,303.65,317.1,311.1,311.05,304.4,302.45,305.55,303.8,308.5,299.55,301.35,302.6,307.95,311.9,317.5,316.65,313.1,313.8,310.2,307.75,305.7,305.15,311.65,312.3,312.4,317.05,316.8,310,311.3,310.45,307.95,316.75,317.2,321.7,320.65,314.45,305.65,311.35,306.05,304.75,304.05,305.3,304.95,300.4,302.6,297.2,296.9,297.5,299.8,302.85,309.1,312.65,308.3,308.75,305.2,303.25,296.6,300.1,296,298.45,302.7,306.55,303.25,300.1,301.25,313.05,313.85,314,315.25,314.9,326.2,328.75,327.7,335.8,338.65,342.05,342.75,338.25,322.65,322.75,315.25,317,315.75,308.9,307.55,307.15,307.05,307,305.6,308.85,309.3,308.95,297.2,294.05,298.05,299.75,293.65,296,294.95,296.2,295.4,289.85,289.95,289.7,283.9,280.2,278.8,283.4,284.65,281.35,280.9,281.35,276.15,277.3,276.25,269.9
TATAELXSI,7356,7403.15,7350.25,7319.7,7364.4,7357,7273.65,7230.55,7235.3,6921.6,6900.75,6857.75,6896.2,6886.35,6925.55,6796.55,6743.75,6705.25,6647.55,6486.45,6542.35,6473.5,6439.95,6000.6,5941.6,6084.8,6115.75,6184.25,6212.1,6199.8,6153.95,6167.35,6353.95,6372.7,6156.05,6125.4,6173.85,6135.7,6336,6396.25,6371.1,6384.5,6421.9,6436.6,6377.4,6116.75,6154.05,6134.35,6174,6146.85,6097.45,6017.6,6023.65,5960.45,5851.8,5695.65,5563.15,5411.1,5456.1,5389.05,5553.4,5638.3,5624.15,5503.5,5420.05,5303.85,5236.75,5269.35,5366.3,5377.35,5462.95,5629.95,5496.95,5567,5417.8,5214.6,5069.6,5229.95,5194.4,5056.65,4808.3,4869.4,4755.75,4752.05,4931,4929,4900.5,5342,5480,5664.5,5918,5612.5,5689,5764,5766,5821,5817,5700,5758,5711.5,5738,6100,5986,6100.5,6180.5,6212,6245,6195.5,6184.5,6202.5,6290.5,6431.5,6410,6471,6499.5,6439.5,6417,6407,6447.5,6491.5,6473,6631.5,6705,6624.5,6473.5,6392.5,6377,6418,6449.5,6220,6319,6313,6266,6266.5,6274.5,6345,6310,6208.5,6185,6215,6209,6175,6171.5,6152,6137.5,6066,6179,6380,6311,6196.5,6166,6198.5,6210,6235.5,6226,6062,6035.5,6090.5,6101,6093.5,6054.5,6031,5961.5,5816,5865,5759.5,5676.5,5617.5,5671,5681.5,5677.5,5726.5,5745.5,5659,5579.5,5546.5,5478.5,5338,5234,5357,5425.5,5427.5,5428,5451,5469.5,5553.5,5843.5,5752.5,5721.5,5685,5707,5683,5733.5,5722.5,5607,5555.5,5504.5,5461.5,5303,5301,5227,5226,5355.5,5394,5389.5,5460,5573,5407.5,5352,5335,5367.5,5403.5,5369.5,5397.5,5354.5,5471,5544,5585.5,5545,5538.5,5539.5,5454.5,5434,5381,5242.5,5180,5207,5283.5,5388,5307.5,5266.5,5303,5277,5347.5,5366.5,5320.5,5231
AXISBANK,1163.25,1153.65,1147.25,1145.65,1148.15,1150.9,1136.25,1122.25,1108.9,1071.85,1079.15,1078.9,1076.7,1077.45,1069.95,1064.7,1071.8,1086.6,1084.9,1063.4,1067.5,1074.95,1061.75,1040.7,1049.3,1051.65,1026.8,1038,991.05,988.05,970.2,959.3,951.05,948.5,948.1,983.8,983.4,984.7,986.1,989.4,1015.3,1013.3,1020.7,1024.1,1011.75,1007.4,1006.9,1008.2,997.5,992.95,994.15,1011.35,1017.2,1008.95,1010.05,1009.1,1016.7,1015.55,1007.25,1001.8,1014.45,1034.1,1037.65,1035.85,1025.65,1011.2,1010.2,1034.15,1045.25,1052.05,1054.35,1070.15,1097.85,1118.55,1096.25,1098.35,1102,1085.6,1084.45,1089.85,1091.3,1047.95,1077.85,1061.65,1068.95,1112.8,1161.3,1190.8,1223,1216.8,1206.9,1207.1,1166.3,1192.8,1187.3,1185,1182.2,1173.2,1161.4,1161.3,1172.2,1151.1,1203,1193.6,1195.5,1209.1,1208.8,1202.8,1195.8,1197.8,1188.5,1210.1,1215.2,1195.6,1194.7,1201.7,1192.2,1194.4,1181.5,1171,1159,1194.6,1219.9,1232.8,1231.4,1212.9,1205.8,1215.4,1215.1,1221,1217.5,1220.7,1214.1,1221.2,1213.3,1233.5,1225.1,1199.2,1173.3,1175.3,1171.1,1177.6,1175.1,1165.4,1164.7,1164.3,1173.8,1172.7,1165.9,1168.4,1159.8,1099.3,1099.6,1098,1104.8,1095.1,1086.1,1073.6,1064.2,1073.3,1068.4,1062.4,1068.6,1070.8,1071,1076.2,1058.1,1073.3,1070,1066,1068.2,1082.6,1083.2,1080.2,1078.9,1070.9,1070,1050.1,1051.9,1045.2,1061.5,1056.2,1054.7,1050.4,1055.9,1055.5,1052.2,1070.1,1087.4,1105.3,1104.4,1121.2,1126,1133,1135.9,1144.4,1170.8,1158.9,1166.6,1154,1132.2,1131.6,1159.5,1181,1212.8,1186.8,1180.6,1167.4,1180.4,1189.6,1176.8,1169.6,1196.3,1200.2,1226,1237.3,1258.8,1241.9,1254.1,1246.3,1248.8,1238.6,1232.8,1233.7,1226.6,1228.5,1222.8,1217,1222.5,1221.6,1225.2,1241.6,1249.6,1265.4,1270.4,1285.2,1275.8
AXISBANK,1163.25,1153.65,1147.25,1145.65,1148.15,1150.9,1136.25,1122.25,1108.9,1071.85,1079.15,1078.9,1076.7,1077.45,1069.95,1064.7,1071.8,1086.6,1084.9,1063.4,1067.5,1074.95,1061.75,1040.7,1049.3,1051.65,1026.8,1038,991.05,988.05,970.2,959.3,951.05,948.5,948.1,983.8,983.4,984.7,986.1,989.4,1015.3,1013.3,1020.7,1024.1,1011.75,1007.4,1006.9,1008.2,997.5,992.95,994.15,1011.35,1017.2,1008.95,1010.05,1009.1,1016.7,1015.55,1007.25,1001.8,1014.45,1034.1,1037.65,1035.85,1025.65,1011.2,1010.2,1034.15,1045.25,1052.05,1054.35,1070.15,1097.85,1118.55,1096.25,1098.35,1102,1085.6,1084.45,1089.85,1091.3,1047.95,1077.85,1061.65,1068.95,1112.8,1161.3,1190.8,1223,1216.8,1206.9,1207.1,1166.3,1192.8,1187.3,1185,1182.2,1173.2,1161.4,1161.3,1172.2,1151.1,1203,1193.6,1195.5,1209.1,1208.8,1202.8,1195.8,1197.8,1188.5,1210.1,1215.2,1195.6,1194.7,1201.7,1192.2,1194.4,1181.5,1171,1159,1194.6,1219.9,1232.8,1231.4,1212.9,1205.8,1215.4,1215.1,1221,1217.5,1220.7,1214.1,1221.2,1213.3,1233.5,1225.1,1199.2,1173.3,1175.3,1171.1,1177.6,1175.1,1165.4,1164.7,1164.3,1173.8,1172.7,1165.9,1168.4,1159.8,1099.3,1099.6,1098,1104.8,1095.1,1086.1,1073.6,1064.2,1073.3,1068.4,1062.4,1068.6,1070.8,1071,1076.2,1058.1,1073.3,1070,1066,1068.2,1082.6,1083.2,1080.2,1078.9,1070.9,1070,1050.1,1051.9,1045.2,1061.5,1056.2,1054.7,1050.4,1055.9,1055.5,1052.2,1070.1,1087.4,1105.3,1104.4,1121.2,1126,1133,1135.9,1144.4,1170.8,1158.9,1166.6,1154,1132.2,1131.6,1159.5,1181,1212.8,1186.8,1180.6,1167.4,1180.4,1189.6,1176.8,1169.6,1196.3,1200.2,1226,1237.3,1258.8,1241.9,1254.1,1246.3,1248.8,1238.6,1232.8,1233.7,1226.6,1228.5,1222.8,1217,1222.5,1221.6,1225.2,1241.6,1249.6,1265.4,1270.4,1285.2,1275.8
LUPIN,2104.7,2134.05,2150.4,2119.85,2076.75,2063.4,2047.25,2099.1,2162.85,2150.7,2160.3,2169.45,2182.1,2227.8,2311.35,2355.7,2364.9,2396.1,2368.85,2360.3,2357.65,2252.15,2252.85,2191.1,2154.45,2154.6,2128.7,2098.9,2113.15,2130.65,2104.25,2139.15,2151.2,2134.25,2079,2022.35,2068.15,2064.4,2080.45,2032.25,2111.2,2185.1,2185.35,2201.15,2169.4,2067.6,2025.2,2055.25,1969.9,2026.95,2013.5,1978.25,1977.5,1905.35,1902.8,1899.2,1891.05,1904.65,1952.95,1953.2,2010.1,2018.5,2030,2010.4,1976.1,1966.7,1968.45,2034.65,2060.95,2085.7,2114.7,2119.95,2068.75,2058.8,2018.8,2027.95,1955.4,2009.7,2095.7,1971.05,1923.05,1982.65,1919.7,1969.25,2012.8,1934.2,1937.2,2009.2,2046.7,2089.5,2104.1,2019.6,2105.4,2067.1,2095.6,2057.1,2085.3,2049,2071.4,2014.8,2037.4,2039.8,2064.4,2071.4,2072.9,2068.4,2029.6,1966.9,1996,1968.7,1978.9,1987.3,1970.2,1941.6,1970.1,1957.7,1961.1,1954,1944,1995.2,1999.6,1994.6,2004.8,2026.6,2023.2,1999.6,2010.9,1944,1954,1931.8,1948,1927.2,1930.8,1935.3,1928.7,1935.2,1938,1960.9,1968.4,1954.8,1980.9,1978.6,1922.1,1914.2,1894.8,1894.7,1926.1,1950.7,1930.1,1955.7,1932.2,1921,1903.2,1920.5,1941.4,1951,1960.5,1984.6,1984.6,1929.1,1867.3,1882.2,1864.5,1851.8,1944.2,1918,1944.8,1943.8,1989.8,1961.6,1968.3,1968.6,1940.3,1962.5,1974.7,1966.3,1924.6,1902.4,1894.9,1898,1889.7,1951.1,1939.2,1943.9,1947.2,1957.3,1979.7,1988,2043.4,2046,2051.8,2031.2,2046.6,2055.6,2004.4,2007,1990.9,1963.5,1919.8,1933.2,1911.3,1981.3,1973.6,1937.3,1924.8,1905.6,1957.6,1959.3,1972.4,1937.3,1940.5,1951.2,1940,1943.8,1942.3,1939.8,1931.2,1922.9,1918.7,1955.9,1945.8,1963.5,1983.8,1997,1955.5,1971.8,1990.2,1975.9,2033.9,2052.9,2055.3,2052.1,2047.4,2025.4,2030.8,2029.4,1999.6
ADANIGREEN,1216.95,1176.65,1148.05,1217.95,1198.4,1168.05,1143.25,1105.5,1073.65,1034.35,1034.65,1031.05,1064.25,1054,1075.65,1040.7,1046.4,1046.5,1038.25,982.6,1005.5,988.95,977.7,943.05,889.75,1006.85,1035.05,1070.25,1078.2,1066.75,1045.7,1031.7,1030.25,1012.1,998.95,987.3,987.65,971.85,997.55,970.1,983.15,1017.8,997.6,989.5,954.05,946.2,916.9,913.75,884.4,890.35,897.55,864.7,864.95,849.35,836.05,840.65,811.75,774.4,804.1,768.55,848.7,845.95,837.2,826.05,824.2,853.45,873.65,896,900.9,911.2,923.4,954.25,952.9,923.4,912.1,959.9,948.65,919.15,943.05,955.3,923.8,873.3,875.8,860.75,893.65,936.65,945.6,947.15,956.25,943.3,952.5,968.95,912.55,941,922.4,900.7,905.25,965.7,923.25,917.25,880.5,879.45,940.55,958.05,967.25,967.9,1020.1,1014,983.95,996.5,985.85,986.95,1011.85,1013,1001.85,1019.05,1014.35,1009.1,992.6,1004.8,1003.6,1018.8,1034.3,1060.5,1046.8,1015.8,989.5,992,977.5,968.9,934,947.7,960.5,987.3,981.1,992,1015.6,1025.6,1015.7,1019,1008.5,996.8,991.1,992,995.2,995.8,995.2,1025.9,1033.1,1038.6,1050.1,1030.2,1036.6,1013.7,1033.9,1020.7,975.9,1003.9,1015.6,1009.7,984.7,972.6,989.8,971.75,957.55,936.7,914.05,929.1,930.9,924.15,917.5,941.65,973.4,975.95,966.6,957.2,964.1,931.25,921.15,913.5,931.55,933.85,935.7,929.15,929.35,937.2,943.7,963.35,976.35,981.7,986.7,987.85,979.45,978.9,1030.7,1152.15,1131.45,1095.25,1079.55,1047.4,1035.35,1026.85,1064.7,1070.3,1059.4,1060.7,1045.1,1051.5,1064.3,1051.3,1036.2,1043.8,1060.3,1036.7,1034.1,1040,1044.7,1031.1,1017.1,1004.2,1112.6,1140.1,1140,1105.2,1086.4,1060.5,1059.8,1041.3,1044.2,1070.8,1076.8,1068.8,1088.6,1077.6,1069.9,1060,1030.5
KEI,6.55,6.62,6.75,7.1,7.87,7.39,7.67,7.59,7.78,8,7.8,7.8,7.8,7.8,7.74,7.59,8,8.71,8.53,8.5,8.47,8.84,8.93,9,9.28,9.82,9.63,9.55,10,10.5,10.53,10.67,10.65,10.9,10.94,11.04,10.9,10.75,10.02,10.77,11.41,11.27,10.94,11.26,11.95,12.01,12.05,13.49,13.06,12.03,11.74,12.08,11.3,10.81,10.78,11.01,10.98,12.12,11.13,10.99,11.25,10.63,11.2,11.38,10.65,10.93,11.66,10.52,10.88,10.56,10.31,10.43,10.24,11.21,11.77,11.93,12.01,12.71,12.32,11.15,9.9,9.66,9.31,9.78,9.55,9.62,9.3,9.57,9.93,9.86,9.44,9.76,9.56,9.61,9.69,9.43,9.65,9.35,9.53,9.31,8.67,8.95,8.4,8.18,8.13,8.39,8.64,9.79,9.21,9.26,8.9,8.73,9.12,8.9,9.13,9.94,9.94,9.86,10.05,9.86,9.7,9.4,9.14,9.36,9.28,9.35,9.72,9.56,9.98,9.64,9.9,9.97,9.85,9.47,9.28,9.13,9.51,9.3,9.38,9.37,9.08,8.95,9,8.53,8.67,8.59,8.37,8.12,8.18,7.88,7.69,8.18,8.35,7.88,7.99,8.41,8.49,8.34,8.49,8.76,8.59,8.49,8.16,7.91,8.09,8.3,8.3,7.96,8.25,7.8,7.8,7.86,7.84,7.57,7.35,7.28,7.68,7.6,7.56,7.61,7.72,7.71,7.64,7.49,7.44,7.21,7.09,7.33,7.48,7.5,7.43,7.48,7.98,8,7.87,7.59,7.83,7.91,8.03,7.91,8.04,7.86,7.71,7.67,7.68,7.87,7.56,7.87,7.81,7.68,7.25,7.25,7.22,6.98,6.8,6.29,6.26,6.11,6.31,6.44,6.2,6,6.11,6.07,6.06,5.96,5.9,5.86,5.76,5.82,5.92,5.89,5.63,5.58,5.63,5.81,5.84
MRF,141,140,141,141,140,141,138,138,137,139,138,138,139,140,141,144,145,144,144,144,144,146,145,147,151,154,152,156,157,159,151,151,148,150,148,148,119,115,124,124,120,122,118,117,121,119,115,118,120,119,119,119,116,114,114,109,109,106,110,118,132,113,120,124,125,124,122,123,118,112,118,120,120,117,116,117,118,115,115,113,110,113,109,112,113,113,113,113,117,116,115,115,112,110,112,112,113,117,117,118,118,116,116,114,115,113,112,113,115,117,121,120,117,115,117,119,117,121,124,126,128,121,128,130,133,128,127,125,125,127,127,128,128,130,130,131,133,131,131,131,130,129,128,129,134,134,134,134,131,125,133,132,129,133,120,119,120,120,123,120,121,122,120,117,121,120,119,112,108,109,109,107,105,105,105,106,110,107,108,109,109,109,107,105,104,104,101,104,104,109,108,107,105,102,103,102,104,110,106,109,107,109,114,114,117,112,112,112,112,112,111,112,110,109,112,111,112,112,112,111,112,112,111,110,110,110,111,113,113,111,111,113,110,111,113,110,110
JKTYRE,420.8,412.75,407.7,408.85,408.7,410.1,409.4,399.25,395.3,380.75,388.15,383,381.05,384.2,391.5,388.55,386.8,389.05,387.45,371.8,374.05,375.05,370.6,362.7,354.15,362.3,363.05,361.45,359.3,361.45,358.25,346.3,349.25,342.3,319.2,307.6,315.3,313,317.5,310.75,313.3,311.25,311.05,305.3,299.3,295.15,292.85,293.5,285.2,282.7,283.05,287.8,294.8,292.05,287.4,283.95,273.35,264.85,253.4,260.45,269.35,272.95,279.65,270.4,269.55,270.95,267.9,263.05,271.65,282.2,285.6,294.75,297,289.7,282.7,284.45,277.45,284.4,288.05,292.7,278.45,263.25,272.7,272.15,284.05,301,303.45,307,311.5,311.95,309.45,315.2,310,307.3,307.6,310.4,310.7,320.7,311.7,326.8,324.4,322.9,334.85,333.85,344.5,339.85,351.4,354,347.9,393.5,382.8,383.05,378.2,375.9,376.2,375.9,373.25,376.25,367.95,372.85,372.35,369.1,382.95,381.25,380.95,375.05,367.75,368.1,362.9,363.6,353.55,349.7,342.25,345.75,356.5,355.4,356.8,356.5,356.45,367.05,368.45,367.85,368.7,371.25,373.15,369.8,362.9,366.1,371.3,367.1,375.8,369.4,358.7,353.1,353.55,353.5,345,339.5,343.55,341.65,335.05,329.4,330.5,326.75,322.05,324.4,328,319.6,313.9,313.8,311.95,325.55,329.85,329.85,329.45,324.95,326.3,320.7,321.55,320.9,331.95,351.95,346.2,344.55,348.1,351.5,356.05,356.3,367.6,368.9,369.65,376.75,377.05,374.5,374.9,378.35,381.05,375.25,373.25,358.15,355.15,357.65,366.45,373.45,371.1,376.25,380.1,380.8,382.3,379.85,374.8,377.65,386.45,390.25,418.45,421.2,420.95,411.95,411.9,426.75,424.15,436.1,432.05,442.75,453.3,447.9,458.5,455.7,452.85,466.85,465.75,460,461.85,455.8,446.6,450.55,446.45
LTIM,6389.05,6579.3,6598.6,6667.65,6714.45,6738.45,6696.95,6574.05,6220.6,5824.3,5730.45,5725.7,5752.35,5678,5643.5,5585.9,5673.35,5753.05,5733.4,5731.35,5756.95,5881.85,5840.7,6124.4,6030.75,5751.9,5837.55,5978.8,5890.3,5825.3,5758.4,5849.9,6002.05,5998.15,5685.7,5665.4,5882.75,5840.25,5914.15,5790.65,5902.25,6024.7,5944.85,5956.6,5797.9,5677.7,5705.5,5601.45,5511.6,5472.6,5668.6,5470.1,5395.25,5298.5,5047.45,4963.2,4878.6,4665.95,4834.2,4685,4773.5,4823.1,4721.95,4670.95,4654.45,4485.9,4467.05,4359.35,4445.55,4365.45,4421.15,4520.25,4620.4,4606.4,4619.75,4655.9,4491.35,4426.6,4499.9,4341.95,4136.25,4057.15,4175.85,4107.85,4240.8,4317.6,4276.3,4191.9,4297.4,4320.4,4536.7,4533.8,4498.3,4486.7,4598.1,4586.5,4579.9,4621.2,4536.6,4559.1,4600.2,4621.6,4940.4,4919.5,5034.2,5033.9,5047.8,5020.1,5015.4,5033.8,5023.2,5045.8,5111.6,5107.7,5099.3,5128.2,5068.9,5072.5,5061,5153,5181.5,5204,5258,5385,5394,5415,5429,5449.5,5514.5,5450.5,5368,5376.5,5327.5,5336.5,5436,5373,5293,5317,5304,5304.5,5324.5,5316,5350,5369,5329.5,5320,5206,5158,5250.5,5327,5194.5,5124,5154,5175.5,5298,5206,5096,5047,5056.5,5139.5,5106,5017.5,5089,5131.5,5035.5,5037.5,5012,5066.5,5107,5114.5,5108,5089.5,5111,5180.5,5235,5224.5,5293,5165.5,5123,5133.5,5197,5243.5,5191,5210,5195.5,5089,5185.5,5307,5291.5,5332.5,5341.5,5375.5,5423,5524.5,5509.5,5260,5262.5,5207,5214,5075,5158,5157.5,5123,5120,5274,5269,5342.5,5434,5471.5,5498,5469,5609.5,5622.5,5605,5596.5,5561,5617,5546,5640,5596,5674,5699,5684.5,5704.5,5620,5652,5567.5,5643,5710.5,5893.5,5847,5809,5848.5,5756,5972,6027,5926
GMDCLTD,362.05,366.5,369.7,361.35,358.25,354.85,353.9,344.75,339.9,326,326.1,329.6,325.65,328.05,316.05,321.8,323.8,326.75,326.55,308.9,315.35,314.05,311.05,297.6,282.15,292.7,292.65,326.9,327.25,325.15,318.5,312.25,311.3,303.25,289.25,285.3,322.4,314.9,322.05,306.3,317,314.4,313.1,308.4,294.4,281.9,282.25,278,269.7,262.8,255.3,264.8,270.9,266.95,261.25,255.85,250.75,241.4,238.38,241.48,248.79,257.53,261.81,254.67,253.79,251.52,250.13,246.1,251.92,263.58,267.35,271.71,274.87,265.63,260.73,265.9,265.22,274.35,279.15,288.25,272.8,261.65,267.35,268.65,276.05,287,315,319.6,328,330.85,323.9,324.3,309.1,315.3,313.35,304.15,305.1,308.65,296.1,306.2,300.15,294.65,313.95,311.2,319.1,329.95,354.6,356.55,354.75,351.85,346.9,354.35,361.7,358.65,356.8,364,357.3,363.05,366.7,368.95,382.6,401.05,414.25,410.75,412.95,404.25,408.7,413.85,399.35,395.05,383.45,389.8,393.5,397.3,403.5,404.75,411.75,411.6,420.35,417.35,407.7,407.2,396.9,389.75,391.15,387.5,379.1,376.5,381.25,379,379.4,435.3,435.85,457.5,457.9,452.45,434.4,409.45,411.1,402.85,393.8,381.9,408.55,411.3,396.15,413.95,402.05,418.3,413,415.55,424.95,436.05,427.7,419.9,427.9,427.3,421.5,409.65,415.1,403.85,431.4,440.05,459.7,455.2,509,539.15,522.5,522.35,514.35,569.85,560.35,547.95,547.7,552.05,572.05,565.15,627.4,606.2,602.15,589,602.9,599.05,620.6,613.1,610.7,583.95,587.3,630.3,606.55,597.05,588.85,601.95,590.65,567.1,578.2,584.65,581.3,585.3,577.8,578.75,591.2,595.1,594.3,600.45,588.1,566.75,600.3,599.55,599.9,594.15,588.9,567.6,563.45,543.5,515.4,510.05,488.9
DRREDDY,1255.15,1240.35,1238.55,1245.4,1246.35,1269.95,1247.65,1275.4,1325.6,1343.65,1341.35,1350.9,1355.15,1389.45,1376.9,1388.5,1369,1375.05,1352.65,1350.35,1351.55,1370.75,1371.6,1354.4,1335.1,1337.55,1337.2,1302.75,1309.4,1302.35,1288.15,1296.25,1289.4,1224.4,1197.65,1181.25,1181.2,1194.5,1217.35,1203.85,1219.95,1227.55,1236.65,1240.4,1220.95,1209.8,1215.85,1223.6,1197.05,1198.95,1197.4,1165.85,1170.95,1151.8,1164.55,1128.15,1125.55,1116.5,1119.6,1120.15,1126.4,1140.1,1133.25,1120.2,1116.65,1105.15,1107.95,1151.5,1163.7,1172.1,1187.2,1200.15,1210.3,1177.9,1164.6,1162.2,1144.2,1152.2,1150,1151.45,1109.95,1087.9,1107.95,1094.05,1109.5,1154.9,1158.4,1163.6,1177.4,1175,1186,1200.5,1174.8,1198.7,1176,1183.9,1182.9,1171.3,1160.4,1160.7,1148,1155.9,1195.6,1207.1,1220,1236.3,1230.7,1219,1224.2,1224.7,1222.2,1230.1,1240.9,1243.2,1242.6,1248.2,1251.2,1247.7,1248.3,1251.9,1290.6,1320.9,1319.1,1348.8,1351.1,1362.7,1362.5,1346.8,1318.8,1313.3,1326.1,1325.3,1317.9,1337.3,1341.6,1321.5,1301,1283.3,1276.8,1270.8,1291.3,1307.4,1310.5,1283.8,1269.4,1262.6,1254.7,1250.6,1260.9,1259.4,1263.1,1257.5,1259.3,1240,1247.4,1265.5,1277.9,1287.4,1299.8,1292.1,1270.3,1220.6,1225,1214.8,1196.7,1200.8,1211.4,1219.5,1220.3,1253.4,1260.4,1262.7,1244.2,1245.4,1276.6,1277.6,1283.9,1263.2,1259.8,1260.1,1279.9,1253.7,1262.2,1253,1268.1,1250.6,1291.3,1304.2,1303.1,1316.7,1300.8,1310.4,1311.4,1322.7,1321.7,1301.4,1308.4,1298.1,1275.2,1253.1,1234.6,1223.7,1244.7,1248.1,1248.6,1248.5,1234.5,1246.1,1264.4,1262.4,1237.3,1232.4,1240.2,1255.9,1282,1288.7,1279.4,1283.6,1284.3,1289.4,1250.9,1202.2,1197.6,1196,1200,1205.2,1205.4,1198.7,1211.5,1229.6,1234.9,1246,1244.4,1243.8,1250.2,1248.6,1243.9
TRITURBINE,780.65,807.05,818.45,812.6,805.3,819.25,828.85,824.7,779.65,754.65,739.8,739.25,736.1,748.55,739.25,741.35,753.8,763.4,778.05,752.25,762.65,739.25,719.35,709.6,675.2,687.3,701.95,700.95,682.6,718.55,683.85,676.05,659.4,649.75,629.35,593.2,622.3,634.95,670.35,634,573.55,577.7,568.8,582,567.85,556.85,575.8,566.3,588.7,546.9,566.55,562.6,577.8,588.2,563.6,550.05,524,486,478.3,486.85,500.75,535.75,613.5,565.85,530.25,519.65,514.25,510.05,576.05,567.2,568.3,565.55,575.8,555.65,563.85,560.45,563.6,536.45,541.95,535.4,518.4,493.4,488.4,477.35,495.8,507.35,512.95,509.9,512.6,509.7,521.25,520.15,506.75,525.15,523.35,520.15,507.75,526.45,504.55,517,526.1,515.65,559.5,550.6,574.05,615.2,605.15,600.4,585.1,575,572.35,581.65,590.8,606,592.1,595.4,581.25,575.55,590.15,591.15,587.15,591.75,607.45,608.6,611.95,602.3,600.35,600.9,605.2,615,609.15,602.2,597.95,606.8,611.95,608.3,606.7,612.45,606,619.25,637.05,645.65,637.15,640.05,643.25,647.35,643.8,649,660.8,651.9,651.15,667.75,665.65,660.4,629,624.35,616,613,606.2,609.7,599.3,587.85,590.35,532.85,529.35,519.6,528.05,520.95,515.7,517,511.3,525.95,525.55,532.35,535.5,534.05,532.15,529.8,524,519.1,520.5,530.25,527.4,514.85,511.05,508.05,513.3,515.95,513.4,531.65,542.35,539.85,540.15,537,536.1,539.8,530.15,522.15,516.15,515.5,519.05,518.95,523.6,521.65,521.8,523.8,526.45,528,526.65,525.45,524.15,523.5,522.3,521.3,518.1,528.2,528.75,523.95,521,522.3,536,528.25,535.3,540.05,536.2,526.25,515.85,529.05,536.2,543.2,535.25,540.55,537.15,540.15,546.7,541.15,539.35
AUROPHARMA,1239.5,1237.1,1225.85,1214.6,1208.4,1244.7,1213.75,1247.55,1254.7,1241.7,1252.95,1262.45,1256.25,1269.95,1298.3,1334.5,1353.25,1348.8,1319.45,1312.8,1297.5,1281.65,1248.4,1199.55,1161.4,1174.5,1147.55,1156.3,1178.35,1202.05,1187,1191.8,1244.8,1212.2,1176.3,1138.6,1156.15,1183.15,1171.9,1125.4,1171.3,1191.75,1191.8,1191.7,1177.15,1147.7,1144.55,1179.95,1131.35,1169.6,1163.35,1135.2,1121.25,1115.15,1101.8,1081.05,1080.7,1058.3,1062.5,1051.75,1093,1114.5,1097.4,1093.2,1090.65,1107.9,1094.75,1115.9,1137,1163.8,1174.15,1200.35,1209.6,1194.95,1157.45,1164.25,1160.5,1134.15,1157.85,1176.35,1105.35,1094.05,1097,1058,1082.45,1134.7,1133.4,1171.6,1201.2,1187.7,1246.8,1257.8,1220.1,1247.2,1209.6,1229.1,1211.9,1242,1210.1,1197.1,1157.6,1164.4,1205.9,1223.8,1220,1216.9,1201.2,1205.9,1191.8,1204.1,1188.2,1197.1,1180.9,1191.2,1147.8,1172.9,1147.8,1136.8,1143.8,1138.7,1159.5,1161.1,1161.1,1170.9,1161,1155.2,1150.2,1145.4,1109.7,1105.3,1082.5,1097.2,1099.7,1104.2,1120.2,1123.2,1121,1134.8,1132.5,1158,1156.1,1191.3,1185.1,1147.7,1142.6,1129.9,1124.8,1138.6,1152,1152.9,1154.2,1139.5,1138.5,1101.4,1117.4,1114.1,1122.8,1127,1158.1,1158,1139.8,1079.8,1090.4,1079.3,1072.3,1069.6,1042.1,1052.9,1058.2,1078.2,1083.6,1089.3,1089.7,1046.4,1041,1050.4,1067.4,1045.6,1026.3,1027.9,1025,1022.2,1034.9,1036,1044.1,1040.2,1043.9,1050.3,1109.2,1094.4,1100.1,1091.6,1095.7,1128.9,1119.2,1117.4,1109.9,1090.9,1097,1090,1089.5,1083.9,1086,1093.3,1096.5,1090.1,1070.8,1119.9,1130.3,1136.8,1124.8,1109,1106.3,1101,1099.4,1100.5,1099.1,1085,1094.7,1099.4,1111.7,1102.5,1138.9,1158.6,1149.1,1140.6,1123.8,1154.8,1168.2,1183.6,1210.2,1222.5,1236.9,1239.3,1235.8,1207.7,1205.9
AUROPHARMA,1239.5,1237.1,1225.85,1214.6,1208.4,1244.7,1213.75,1247.55,1254.7,1241.7,1252.95,1262.45,1256.25,1269.95,1298.3,1334.5,1353.25,1348.8,1319.45,1312.8,1297.5,1281.65,1248.4,1199.55,1161.4,1174.5,1147.55,1156.3,1178.35,1202.05,1187,1191.8,1244.8,1212.2,1176.3,1138.6,1156.15,1183.15,1171.9,1125.4,1171.3,1191.75,1191.8,1191.7,1177.15,1147.7,1144.55,1179.95,1131.35,1169.6,1163.35,1135.2,1121.25,1115.15,1101.8,1081.05,1080.7,1058.3,1062.5,1051.75,1093,1114.5,1097.4,1093.2,1090.65,1107.9,1094.75,1115.9,1137,1163.8,1174.15,1200.35,1209.6,1194.95,1157.45,1164.25,1160.5,1134.15,1157.85,1176.35,1105.35,1094.05,1097,1058,1082.45,1134.7,1133.4,1171.6,1201.2,1187.7,1246.8,1257.8,1220.1,1247.2,1209.6,1229.1,1211.9,1242,1210.1,1197.1,1157.6,1164.4,1205.9,1223.8,1220,1216.9,1201.2,1205.9,1191.8,1204.1,1188.2,1197.1,1180.9,1191.2,1147.8,1172.9,1147.8,1136.8,1143.8,1138.7,1159.5,1161.1,1161.1,1170.9,1161,1155.2,1150.2,1145.4,1109.7,1105.3,1082.5,1097.2,1099.7,1104.2,1120.2,1123.2,1121,1134.8,1132.5,1158,1156.1,1191.3,1185.1,1147.7,1142.6,1129.9,1124.8,1138.6,1152,1152.9,1154.2,1139.5,1138.5,1101.4,1117.4,1114.1,1122.8,1127,1158.1,1158,1139.8,1079.8,1090.4,1079.3,1072.3,1069.6,1042.1,1052.9,1058.2,1078.2,1083.6,1089.3,1089.7,1046.4,1041,1050.4,1067.4,1045.6,1026.3,1027.9,1025,1022.2,1034.9,1036,1044.1,1040.2,1043.9,1050.3,1109.2,1094.4,1100.1,1091.6,1095.7,1128.9,1119.2,1117.4,1109.9,1090.9,1097,1090,1089.5,1083.9,1086,1093.3,1096.5,1090.1,1070.8,1119.9,1130.3,1136.8,1124.8,1109,1106.3,1101,1099.4,1100.5,1099.1,1085,1094.7,1099.4,1111.7,1102.5,1138.9,1158.6,1149.1,1140.6,1123.8,1154.8,1168.2,1183.6,1210.2,1222.5,1236.9,1239.3,1235.8,1207.7,1205.9
INDUSTOWER,362.15,360.05,359.6,343.85,350,353,345.85,340.75,346.4,337.1,335,333.55,332.35,329.55,340.05,341.8,343.95,346.4,344,329.8,328.15,330.35,330.8,320.4,320.5,340.3,351.8,354.55,362.7,375.6,361.65,357.1,366.6,367.95,348.95,353.5,346.7,345.6,347.2,350.1,356.9,358.05,356.1,363.3,352.05,348.2,347.4,348.75,335.5,339.3,337.05,341.4,341.1,336.4,330.2,331.6,338.25,323.35,326.7,327,336.8,330.45,327.4,330.2,341.4,324.65,327,326.95,336.85,339.3,340.6,348.85,349.05,339.75,339.25,338.4,334.3,352.45,361.3,358,360.5,356,370.65,370.6,373.65,380.45,386.1,397.9,407.5,400.85,400.1,406.5,397.35,408.1,402.6,408.2,379.3,384.1,378.9,383.85,384.65,388.2,397.4,394.75,396,396.95,400.45,389.1,386.5,387.95,383.95,383.6,380.5,383.85,391.3,391.25,384.15,382.5,380.85,383.35,384.4,391.1,395.7,393.35,387.9,382.75,380.35,391.05,392.1,391.9,389.65,404.3,401.9,415.05,415.5,415.35,412.2,421.1,420.35,423.25,425.75,424.95,408.4,406.25,405.15,402.2,404.4,404.1,408,405,406.25,403.4,404.15,396.3,405.25,401.55,393.55,384.6,390.55,383.8,363,345.1,345.8,342.85,340.95,334.65,332.55,337.4,339.5,337.3,333,337.6,339.95,349.1,348.05,353.55,354.75,342.55,335.6,338.6,339.4,329.45,324.15,324.05,337.4,344.1,346.9,349.3,353.25,361.85,359.3,357.6,354.25,354.3,356.85,356,359.1,358.15,356.45,346.3,347.2,342.9,352.05,353.1,353.65,357.9,354.75,354.85,353.7,349.9,338.55,344.8,343.95,343,354.4,360.3,358.75,361.55,371.3,385.9,381.05,368.25,363.6,382.75,392.55,398.3,400.8,398.75,400.6,406.95,407.85,412.35,410.15,402.2,403.25,400.5,397
CYIENT,2002.15,2065.8,2086.75,2089.65,2080.25,2076.75,2063,2052.45,2017.5,1924.4,1894.95,1902.3,1928.35,1930.8,1849.05,1837.35,1805.15,1798,1776.85,1748.05,1833,1799.15,1793.8,1740.7,1682.1,1713.45,1717.05,1765.9,1755.25,1738.8,1733,1708.7,1755.25,1344.9,1350.7,1317.25,1365.35,1362.55,1454.45,1429.85,1445.15,1509.55,1496.7,1524.35,1499.85,1455.55,1433,1449,1419.15,1439.3,1470,1476.5,1452.55,1364.85,1353.8,1334.1,1308,1267.15,1229.85,1211.5,1269.6,1275.15,1269.6,1260.05,1243.75,1211.8,1192.35,1204.05,1224.15,1253.75,1283.25,1316.75,1321,1301.45,1279.75,1280.75,1264.9,1235.15,1250.35,1216.25,1158.75,1121.2,1153.3,1149.1,1144.2,1186.9,1184.5,1189.5,1241,1205.3,1247.2,1242.8,1170.8,1181.7,1198,1187.7,1193.2,1204.8,1162.9,1180.6,1179.2,1179.3,1258.4,1243.4,1287.2,1293.4,1304.3,1298.2,1290.2,1304.6,1299.1,1332.6,1351.2,1346.8,1346.2,1354.6,1346.8,1334,1328,1350.4,1339.2,1326.7,1324,1349,1343.4,1315.2,1304.4,1317.7,1331.6,1356.5,1289.2,1306.6,1309.3,1308.7,1296.6,1295.5,1303.6,1288.6,1294.6,1295.7,1297.3,1294.4,1296.5,1289.9,1291.2,1293.9,1271.3,1293.8,1305.4,1304,1296.4,1278.6,1283.1,1271.2,1280.3,1241.6,1243.2,1233.6,1232.4,1224.3,1205.6,1181.9,1210,1208,1196.2,1187,1166,1162.8,1170.8,1169.1,1173,1182,1209.2,1230.6,1234,1230.1,1244,1202.6,1176.6,1168,1192.3,1203.1,1203.2,1183,1165.5,1167.6,1181.6,1228.9,1233.6,1227,1222.1,1272.2,1260.6,1249,1242.2,1194.8,1197.6,1180.6,1170.1,1134.1,1148,1146.2,1149.4,1170.3,1180.6,1178.9,1171.8,1176.7,1176.9,1162.9,1152.7,1125,1180.6,1170.7,1195.6,1190.7,1211.7,1185.6,1208.1,1187.7,1185.3,1175.8,1162.5,1160.5,1156.6,1142.2,1112.7,1143.2,1158.5,1167,1153.8,1131.6,1134.2,1127.9,1152.6,1148.9,1120.2
CGPOWER,793.5,797.2,783.1,783.15,769,770.95,770.8,766.8,764.65,730.05,727.6,713.7,743.75,748.25,735.85,728,741,748,736.75,714.3,718,694.6,678.15,650.2,615.1,640.15,610.3,627,649.15,684,658.05,637.25,627.9,620.55,595.45,574.95,625.75,620.6,634.85,585.5,603.85,629.6,614.65,617.45,592,588,576.75,579.5,552.35,583,578.75,584.2,595.8,589.95,602.5,598.5,580.35,572.6,586.7,603.3,612.9,628.1,630.05,596.8,608.15,608.4,599.1,613.55,635.15,663.3,654.6,641.25,632.9,626.9,635.8,637.15,638.5,615,623.6,615.95,575.2,540.5,549.4,551,572.4,589.25,598.75,619.85,650.6,645.3,660.15,646,633.1,633.6,638.45,626.8,622.15,635.1,598.45,609.4,610.25,609.6,645.8,652.15,673,678.2,696.45,696.65,691,694,696.45,696.45,697.75,694.7,687.75,697.05,686.7,679.1,678.35,689.95,696.5,681.6,694.65,690.55,695.75,675.9,672.2,682.2,694.1,683.95,666.7,688.25,683.3,682.45,676.6,674.75,672.2,682.15,683.05,666.1,667.45,676.6,680.45,675.8,672.05,677.3,667.75,674.8,677.45,675.35,689.35,667.6,680.65,683.8,682.95,680.35,662.55,658.95,659.05,660.35,661.7,651.3,662.25,680.25,680.55,681.55,666.4,664.9,658.55,670.45,665.95,669.15,676.8,674.25,677.55,679.85,677.2,671.3,664,694.3,717.2,739.65,733.3,740.2,736.3,746.35,740.1,768.95,785.2,785.4,791.35,792.2,791.95,784.55,779.4,770.2,773.45,770.1,759.1,739.4,747.3,740.95,739.8,747.5,745.4,748,743.95,761.15,753.4,747.05,745.95,757.3,760.6,757.7,740.15,739,732.85,723.85,728.35,722.5,748.6,734.7,736.65,745.35,747.6,732.7,733.25,738.15,732.95,739.85,745.2,743.5,749.75,733.75,724.1,721.25,710.2
PREMIERENE,1291.6,1281.3,1329.15,1307.35,1294.85,1373.5,1323.95,1290.5,1295.4,1296.4,1321.65,1320.2,1285.95,1310.35,1334.6,1353.1,1332.6,1327.8,1324.7,1274.75,1305.15,1255.65,1212,1127.1,1095.9,1116,1147,1170.45,1140.9,1193.95,1176.05,1038.8,1036.45,999.35,932.4,880.1,939.2,949.5,1032.05,1070.4,1019.25,1021,1021.95,1036.45,984.05,934.65,970.6,1000.25,961.8,969.05,979.65,999.9,986.15,970.85,940.4,945.15,924.3,873.3,855.7,857.5,901.35,923.2,940.45,897.15,911.55,895.25,888.15,889,894.2,930.7,947.95,915.7,921.25,910.05,898.2,948.6,937.95,910,889.8,894.4,879.25,843.15,847.55,854.15,892.95,929.15,940.75,967.25,1009.4,1026.9,1068.7,1037.25,989.35,1008.85,1002.05,982,999.3,990,950.75,954.7,944.7,945.65,990.55,1019.55,1019.9,1035.7,1125.95,1090.1,1068,1083.1,1083.5,1062.25,1043.7,1037.2,1040.45,1063.85,1061.6,1077.3,1082.7,1058,1048.9,1053.7,1062.2,1084.4,1058,1024.2,1011.9,1031.1,1005.1,1000.3,968,1028.4,1019.3,1021.4,1019,1043.9,1044.5,1061.1,1056.9,1056.3,1053.1,1058.3,1042,1056.6,1074.1,1115.8,1105,1108.8,1072,1076.6,1080.3,1058.4,1053.2,1051.8,1089.9,1101.6,1089.1,1053.4,1052.6,1070.2,1032.1,1010.3,1019.3,997.3,1003.6,990.6,984.9,1003.6,1017.1,999.1,986.3,998.6,1026.6,1037.5,1022.7,1008.6,1003.9,1011.2,1002.6,994.1,1036.35,1020.25,1025.05,1012.5,1000.25,995.05,998.55,1041.8,1067.05,1055.2,1051.4,1081.35,1078.3,1052,1051.3,1027,1012.35,1044.7,1049.5,1028.35,1020.2,1021.55,1017.9,1043.4,1020.4,1019.2,1019.1,1029.1,1023.6,1031,1057,1059.6,1067.7,1065.7,1052,1059.5,1063.3,1070.7,1100,1090.9,1099.2,1099.8,1093.2,1065.9,1041.8,1004.2,1029.8,1023.5,1025.1,1063.6,1061.2,997.9,1010,995.9,994.1,997.9,989.2
ELECON,625.65,660.6,657.2,650.95,648.35,645.4,638.4,613.05,617.85,601.75,602.4,627.5,641.7,642.35,629.2,634.5,635.5,630.3,633.85,605.3,611.7,605.75,605.3,594.95,550.95,566.2,617.3,598.15,590.25,604.25,605.6,550.8,568.9,544.25,526.3,519,517.75,520.15,532.4,480.35,494.95,500.4,516.1,510.8,507.35,464.3,464.3,484.4,461.05,445.85,445.3,466.75,477.9,475.4,464.45,448.1,437.45,414.2,388.4,392.25,419.55,424.5,437.55,415.45,399.8,401.85,391.1,415.3,431.25,425.7,439.95,457.15,437.35,460.3,461,449.15,445.95,451.05,455.1,434.25,415.6,418.4,414.55,436.05,463.15,464.45,470.25,496.25,512.35,526.4,540.3,517.75,541.1,560.25,544.85,574.8,578.9,593.6,616.1,617.8,622.1,643.1,668.95,655.2,679.8,663.25,674.2,655.9,680.55,676.75,681.15,673.3,685.85,677.65,679.15,664,699.9,689.55,705.4,692.4,694.3,686.35,691.8,682.35,669.5,669.7,669.85,650.55,638.95,631.85,633,635.8,627.3,639.1,626.4,653.35,654.7,633.75,650.85,642.25,646.1,646.6,640.25,660.35,648.7,619.3,627.35,624.35,606.95,607.35,601,599.4,597.3,594.8,588.8,577.05,563.9,578.05,579.15,570.25,563.65,572.95,572.7,561.9,553.5,541.05,541.6,545.45,567.8,552.5,562.5,575.3,577.3,564.1,556.15,574.4,555.55,538.65,552.3,554.95,558.9,562.8,553.3,553.8,569.3,559.9,600.8,590,600.5,602.55,624.5,628.3,622.5,621.5,613.45,605.4,595.85,584.45,565.7,557.9,567.9,586.85,584.55,602.5,619.65,606.7,603.85,556.85,551.75,531.4,542.25,543.05,541.4,543.65,553.7,564.75,569.1,557.8,557.15,560,568.8,561.45,557.65,565.3,546.05,537.75,523.55,513.4,525.75,540.35,535.65,545.55,536.15,538.7,532.45,514.35,494.4
TANLA,737.35,718.35,704.75,701.35,708.3,702.5,699.4,685.45,680.25,667.85,664.7,670.4,674.3,676.7,668.35,672.15,750.25,752.45,721.9,690.85,699.15,702.15,687.3,674.5,638.5,672.8,659.5,664.2,665.95,660.25,666.05,628.55,617.95,609.3,571.35,548.5,549,542.65,552.6,550.2,560.25,562.5,570.95,558.65,554.85,542.6,524.8,531.3,524.8,495.95,482.45,498.25,503.7,492.9,482.25,477.55,459.9,436.3,426.05,433.35,453.05,466.3,470.85,450.65,447.45,437,430.65,422,442.9,520.6,504.35,502.3,508.65,495.85,482.55,479.1,467.25,480.45,478.1,481.25,454.3,434.35,457.55,460.05,483.9,483.5,480.1,484.55,489.9,490.3,482.05,484,469.2,483.05,488,474.35,496.7,498.4,474.95,477.25,477.95,470.15,494.45,557.35,567.75,556.45,571.55,581.2,562.3,562.75,562.15,570.2,571.35,595.7,609.6,606.1,619.55,627.95,614.75,626.3,628.6,622.85,627.05,629.15,622.65,679.2,666.6,657.15,676.5,664.4,643.25,652.85,645.3,652.1,653.55,645.45,646.5,643.95,647.4,640,643.1,639.4,634.25,635.95,638,636.6,632.1,634.95,645.9,657.4,652.3,656.05,674.8,674.45,678.6,676.65,648.9,614.15,642.85,638.7,627.15,616.9,602.15,672.1,651.45,641.95,618.4,615.9,611.2,609.6,609.05,623.05,631.3,632.6,629,624.75,630.45,620.85,626.5,618.1,622.35,630.2,636.25,647.95,658.65,660.6,675.8,696.65,704.15,695.6,689.25,689.2,699.8,699.6,753.7,735.15,736.45,748.9,720.65,693.3,664.7,656.75,690.4,724.3,711.9,701.5,708.75,717.75,711.3,709.7,707.55,715.45,707.7,674.55,636.55,637.5,622.45,613.9,610.95,604.4,617.85,619.25,610.55,623.9,621.6,606.4,611.85,610.35,613.4,619.7,614.4,610.55,616.2,607.75,610,598.05,577.6
BHEL,249.55,248.6,253.7,244.5,242.75,247.6,242.35,239.85,242.25,235.3,240.95,239.35,241.75,235.4,225.6,229.4,233.23,232.74,230.06,219.82,224.82,221.37,216.38,204.49,192.58,197.1,202.16,210.59,214.08,216.92,209.55,205.46,206.49,200.19,194.54,187.62,199.86,196.37,208.09,196.24,206.72,209.01,204.84,202.84,202.98,199.71,198.83,201.82,193.31,193.47,186.57,195.09,200.17,196.41,191.43,194.61,187.44,179.17,185.47,192.75,196.06,198.4,196.95,192.11,194.12,193.63,193.33,203.88,205.69,206.54,211.95,217.54,213.6,210.52,213.98,216.43,211.69,212.58,218.68,214.45,207.7,210.94,211.81,212.97,221.8,226,227.39,227.19,228.32,230.53,230.5,222.37,230.31,231.33,226.84,224.54,228.72,217.75,225.15,217.17,216.63,232.95,238.38,239.36,245.68,250.35,243.78,244.43,247.42,247.57,254.8,261.86,260.17,266.61,266.41,259.83,261.4,252.95,253.75,252,255.7,258.15,260.55,257,253.8,253.55,254.45,252.35,251.8,247.2,250.45,253.8,259.95,261.85,264.45,264.1,266.3,264.65,260.6,257.6,260.15,256.35,258.1,262.05,261.3,258.7,257.35,257.5,254.35,253.25,250.5,254.65,250.5,251.2,251.05,240.15,236.75,240.55,241.65,238.45,231.6,241.43,248.25,239.83,227.97,222.71,221.46,222.87,223.99,221.33,216.62,219.7,220.67,218.48,218.59,216.51,211.5,208.51,208.01,212.22,215.07,216.97,211.09,212.36,216.68,214.52,220.03,229.08,228.72,229.67,232.19,234.32,234.49,237.17,239.6,238.73,236.01,234.62,231.01,233.97,238.45,240.17,245.02,245.31,244.86,239.04,239.04,239.64,234.86,232.44,235.8,236.17,232.62,233.76,234.6,234.29,230.94,235,237.34,245.39,261.29,265.49,264.95,267.25,260.05,263.85,273.35,285.8,287.05,281.5,281.6,285.5,289.1,289.2,285.25,282.5,277.9
HEG,597.45,572.95,568.5,546.95,568.3,578.7,563.4,565.45,567.85,541.55,532.3,530.95,514.6,515.3,497.4,510.2,530.3,533,528.25,487.75,491.15,476.95,467.5,452.15,424,428.4,427.2,431.45,430.15,432.05,423.9,416.2,413.05,408.75,410.65,401.15,403.8,393.9,395,362,373.05,374.8,376.95,369.4,365.75,351,342.95,342.8,340.65,339.9,343.25,352.05,363.05,359.25,355.85,342.55,346.2,358.4,350.65,357.95,371.9,384.55,394,387.8,399.6,406.15,400.2,402.95,419.2,417.15,424.05,429.5,431.75,483,499.25,486,482.85,482.55,500.65,498.35,474.7,455.15,457.15,444.55,453,474.6,479.75,479,480.2,479.4,473.75,476.7,464.1,478.4,472.25,466.35,460.45,468.2,447,447.35,436.25,424.9,463.3,461.6,488.2,483.75,490.6,528.7,494.45,492.55,480.2,495.3,487.8,499.9,490.7,514.35,523.5,519.25,517.35,522.95,524.5,522.5,523.5,527.15,515.05,505.05,503.55,504.7,502.5,501.05,487.2,488.6,493.75,491.4,493.75,495.35,509.7,510,513.35,502.9,505.65,505.45,489.25,494.45,493.25,501.15,505.45,531.45,531.9,533.2,550.45,539.3,538.65,540.65,541.15,530.8,513.7,514.85,525.35,534.25,573.1,532.6,530.25,527.35,522.95,519.75,505.8,505.55,507,503,504.3,513.9,509.55,502,496.65,486.7,490.95,478.2,470.95,462,478.45,478.25,490.25,496.6,492.45,491.1,499.1,508.85,510.45,518.55,514.45,510.5,518.65,518.75,521.35,517.2,519.35,521.9,521.8,506.75,507.65,504.9,513.4,516.9,520.1,510.75,515.75,535.35,515.2,519.45,518.6,511.3,521.35,512.25,506.8,513.15,514.4,515.7,524.2,534.8,580.6,588.85,591,583.55,579.7,556.65,549.5,519.3,531.8,522.15,515.25,515.9,511,516.95,520.1,513.45,503.45
ACMESOLAR,277.9,271.1,268.15,271.6,268,264.1,258.05,250.7,238.8,232.95,230.1,236.4,239.55,239.45,231.95,235.65,234.66,235.78,240.33,228.37,233.04,229.95,238.1,230.73,222.34,227.29,222.34,228.28,221.4,214.01,212.52,212.42,209.2,199.63,180.81,173.85,191.23,210.35,215.15,207.31,207.73,227.86,241.88,234.15,214.97,203.93,195.11,185.2,181.05,177.67,181.68,190.76,200.29,195.41,193.24,193.84,194.45,193.1,187.39,191.33,200.89,202.84,208.3,211.15,200.68,197.41,201.07,199.85,204.89,199.94,202.26,199.11,196.22,190.47,195.3,191.98,191.84,192.1,201.7,191.82,191.35,194.83,195.48,197.09,206.67,204.72,203.56,208.25,216.44,223.19,222.36,212.27,210.5,212.41,209.21,214.92,221.68,212.35,216.34,215.13,212.4,221.25,221.04,237.78,235.51,234.12,246.67,237.62,243.76,252.65,250.76,247.03,246.09,253.97,257.6,263.55,257.95,251.3,253.7,253.75,250.85,248.1,252.65,253.1,243.95,245.2,243.4,248.95,253.75,245.8,247.65,245.6,249.1,248.2,246.5,249.15,249.2,248.74,250.02,249.7,249.57,254.61,258.33,262.95,287.08,295.39,291.47,282.64,279.36,278.54,275.54,286.27,283.83,286.19,280.06,270.45,294.34,286.65,278.91,278.25,276.55,276.55,271.9,266.4,276.8,270.9,275.65,285.9,282.1,276.5,282.3,284,290.5,287.4,290.8,303.3,285.7,286.3,284.6,282.15,287.2,298.55,294.7,296.3,302.25,300.25,302.35,312.95,318.8,311.2,311,307.6,303.85,295,298,287.55,283.95,280.85,266.95,277.65,277,288.3,286.25,288.3,290.15,283.3,281.1,285,283.65,282.3,279.4,280.6,276.9,274.75,290.35,283.75,283.15,283.6,282.05,285.6,288.6,281.8,272.65,273.8,269.1,265.1,258,251.8,255.2,251.05,250.6,252.2,246.6,242.9,244.4,238.05,233.15
SHRIRAMFIN,621.38,637.3,649.65,649.62,632.51,627.49,595.38,586.28,589.09,575.45,576.58,576.59,585.38,579.78,583.8,577.83,583.73,612.01,609.67,593.91,591.68,579.75,561.97,532,521.1,544.1,533.2,546.8,526.5,516.7,520.3,518.65,529.8,527.45,511.65,530.1,553.5,538.3,543.75,546.15,576.75,571.3,566.35,559.55,560.8,538.55,547.15,548.65,539.15,550.35,553.35,557.8,580.85,585.1,577.2,574.25,606.8,617.3,621.3,632.9,631.3,644.35,630.85,625.6,638.25,636.95,619.55,642.3,667.95,667.9,676.8,682,678.35,672,678.5,656,637.45,639.4,654.15,653.6,614,641.45,624.55,638.8,672,676.05,691.75,703,703.5,703.9,696.65,655.2,622,614.7,611.7,604.2,628.85,623.45,636.65,615.8,601.45,645.95,633.6,651.95,674.8,665.5,677.8,658.35,658,649.75,659.85,664.5,661.9,655.7,652.25,639.35,642.55,648.25,641.2,651.45,688.25,698,700.4,686.05,668.05,667.15,676.15,665,662.1,652.2,666.35,661.65,676.05,675.1,703.2,699.95,706.85,696.45,676.9,675.4,676.15,671.3,668.95,681.05,671.75,668.25,669.75,684.45,668.35,665.45,645.5,655.65,640.15,654.05,633.55,615.85,633.45,638.35,632.8,630.85,614.2,624.9,630.1,630.6,627.35,609.65,617.6,611.9,619.25,616.45,626.8,626.35,616.3,619.8,615.85,620.85,594.7,571.65,580.25,588.6,584.6,586.3,585.8,592.5,596.75,595,604.8,620.05,632.85,623.65,618.1,623.25,626.9,633.2,627.85,628.8,625.15,612.7,606.05,611.8,616.1,648.7,645.8,671.45,666.8,666.9,669.05,665.05,672.15,674.45,677.15,672.5,675.5,693.95,695.25,709.65,715.45,719.6,723.7,738.45,738.25,748.9,796.45,796.5,792.5,816.35,821.1,832.3,822.5,814,809.3,817.9,820.2,818.05,826.6,823.3,828.2
POWERINDIA,12452.8,12501.35,12645.3,13130.7,12990,13171.95,13199,12841.35,13120.65,13316.45,13589.6,14030.95,14332.3,14687.45,14310.9,14412.2,15428.5,15169.25,15131.4,14766.65,14712.05,14305.1,13833.65,13436.35,12724.05,13428.1,12672,13055.75,12917.1,12906.5,12873.55,12110.3,11821.15,11410.9,10931.75,9621.75,10231.25,12277.5,12863.55,11748.1,12029.35,11925.35,12283.95,12274,12226.9,11738.8,11716.75,11755.2,11289.35,10865.35,10494.1,10602.95,11297.65,11567.1,11607.65,11797.9,11565.25,11284.35,11754.75,12187.35,13191.1,13613,13049.35,12714.8,12169.6,12170.55,12033.5,12650,11954,11800.25,11887.15,12059.7,12255.15,12141.6,12172.85,12947.95,12653.65,12280.55,12433.7,12406,12120.05,11520.85,11666.1,11353.45,11979.3,12574,12695,13206,13453,13802,13910,13924,13499,13961,14391,14529,14702,14574,14413,14680,14667,15080,15864,15975,16735,15570,15803,15990,15888,16601,17320,17156,16339,17302,18327,18959,19298,19221,19482,19801,19515,18203,18141,17855,17534,17034,17780,17589,18654,18461,18397,18684,18863,19311,19636,19441,19942,20007,19290,19960,19760,19965,19555,19115,19865,19475,18570,18500,18435,18560,19490,19075,19260,20115,19870,19780,19330,18880,19790,20825,20095,20550,21200,21345,20420,20710,20295,20840,20695,21120,20395,19775,19705,20000,20090,19875,19450,19780,19590,19110,18942,18815,19199,18925,18850,18851,18846,19675,19450,19911,20180,19978,20109,19379,19025,19086,18995,18997,19203,19109,19247,18001,18134,18223,18203,17547,17794,17731,17645,17786,17451,17488,17700,17439,17452,17467,17075,16767,16655,16956,17482,17933,17778,17919,20457,20207,20863,21297,21854,22018,21415,21466,21474,21415,21624,22397,21563
WELSPUNLIV,173.75,172.7,172.5,169.37,175.62,178.44,172.08,171.92,170.76,163.34,160.96,159.12,157.13,156.15,155.3,156.79,161.38,163.49,163.49,156.16,159.78,154.79,150.37,148.05,143.88,146.96,150.99,151.81,153.76,153.36,151.44,149.25,148.41,152.5,144.1,147.59,149.36,140.15,137.71,131.99,131.09,131.84,130.09,128.57,126.67,123.58,125.19,121.99,118.2,120.52,116.88,122.31,123.37,119.02,114.33,115.54,112.01,106.92,116.87,113.09,118.5,121.11,122.66,120.33,122.07,121.11,120.03,116.5,128.82,130.85,130.63,137.45,140.02,139.45,135.36,135.63,135.12,131.75,131.21,134.04,124.25,118.29,119.86,113.47,123.85,129.74,132.05,131.73,132.07,132.53,133.4,130.78,124.53,128.28,130.18,127.22,125.57,125,120.49,134.98,137.89,146.9,150.62,144.31,143.95,145.75,149.07,146.28,142.43,149.49,151.29,152.06,149.71,147.92,147.22,146.81,132.66,132.84,130.51,133.91,140.61,137.22,137.55,139.8,139.49,136.71,133.79,133.33,132.72,131.94,130.2,128.78,127.38,131.24,139.82,143.47,144.16,143.34,139.8,139.65,141.62,144.46,143.33,143.88,142.6,143.11,140.41,138.29,138.76,139.72,139.19,142.85,142.4,139.95,137.56,141,136.9,134.32,136.26,132.83,126.08,121.09,126.74,121.99,115.86,118.77,117.54,113.57,113.73,114.39,113.95,117.16,121.96,120.87,119.41,118.68,116.64,114.28,112.95,109.32,111.14,112.57,114.44,111.97,114.02,114.77,114.25,125.53,123,121.07,120.51,124.22,128.06,126.83,124.41,123.39,121.97,122.19,119.81,116.47,114.67,114.7,116.86,117.21,114.55,115.56,116.16,119.34,122.77,123.77,122.94,125.82,127.08,121.67,121.93,122.53,127.92,128.2,129.65,128.35,132.98,132.37,129.65,131.31,129.12,127.22,129.48,132.27,134.83,139.32,136.58,138.33,138.18,140.92,136.62,140.38,136.37
ABB,3.7,3.66,3.67,3.69,3.7,3.64,3.62,3.61,3.57,3.55,3.52,3.53,3.57,3.58,3.58,3.54,3.54,3.51,3.53,3.57,3.58,3.52,3.48,3.56,3.61,3.64,3.84,3.81,3.77,3.64,3.65,3.65,3.7,3.73,3.87,3.94,3.8,3.81,3.8,3.84,3.91,3.97,4.08,4.04,3.94,3.91,3.96,3.93,3.87,3.84,3.83,3.98,3.74,3.87,4.01,3.96,4.02,3.89,3.81,3.79,3.65,3.67,3.72,3.69,3.71,3.85,3.87,3.92,3.9,3.99,3.99,4.04,4.09,4.1,4.08,4.09,3.99,3.97,3.95,3.9,3.8,3.65,3.81,3.66,3.84,3.93,3.88,3.9,3.88,3.87,3.75,3.9,3.91,4,4.1,4.1,4.07,4.19,4.11,4.17,4.25,4.18,4.18,4.17,4.15,4,4.01,3.97,3.91,3.96,3.87,3.92,4.02,4.04,4.03,4.05,4.08,4.15,4.08,4.21,4.26,4.23,4.13,4.11,4.09,4.02,4.02,4.07,4.07,4.11,4.04,4.07,4.02,4.01,3.96,3.92,3.91,3.91,3.9,3.87,3.87,3.86,3.88,3.91,3.98,4.08,4.08,4.07,4.07,4.09,4.14,4.12,4.12,4.23,4.21,4.21,4.26,4.38,4.39,4.48,4.51,4.47,4.5,4.61,4.6,4.67,4.6,4.51,4.51,4.57,4.51,4.48,4.54,4.55,4.49,4.53,4.46,5.36,5.31,5.22,5.2,5.17,5.15,5.09,5.14,5.16,5.1,5.06,5.18,5.17,5.4,5.36,5.4,5.35,5.4,5.5,5.61,5.5,5.67,5.69,5.74,5.7,5.73,5.78,5.79,5.81,5.87,5.87,5.84,5.74,5.81,5.87,5.78,5.6,5.89,5.88,5.86,5.85,6.05,6.09,6,5.92,5.92,5.81,5.84,5.91,5.95,5.93,5.84,5.74,5.78,5.53,5.7,5.73,5.78,5.59,5.43
AMBER,5793.45,5723.9,5793.15,5737.45,5787.35,5991.5,6005.65,5999.6,6093.4,6122.9,6907.8,7249.9,7867.7,7442.95,7335.55,7387.55,7671.7,7544.4,7745.2,7664.8,8060.4,7791.05,7703.95,7831.15,7078.5,6898,7033.8,6815.85,6757.5,7049.55,6515.05,6283.15,6767.6,6973.8,6631.8,6673.5,6585.35,6326,6501.8,6528.4,6918.75,6908.8,6954.05,6894.05,6928.9,6433.1,5982.4,6143.7,5817.3,5779.85,5514.25,5517.9,5837,6001.2,6026.85,6024.3,5949.55,5628.65,5657,5761.6,5812.05,6174.9,6339.15,6431.35,6414.2,6522.4,6365.5,6499,6632.85,6861.9,7248.5,6890.55,7001.75,6884.9,6857.15,7131.3,7210.85,6879.55,6996.05,6929.9,6595.15,6151.4,6458.05,6159.4,6530.05,6880,6744.5,6686,6751,6635,6606,6388,6394,6381,6315.5,6155.5,6188.5,6097.5,5856.5,5982.5,6032.5,5795,6237,6214.5,6301.5,6346.5,6403.5,6252,6444,6611,6561.5,6405.5,6425,6472,6446,6362.5,6491.5,6382,6327.5,6240,6301.5,6396.5,6638,6601,6639,6525,6468,6470,6529.5,6693,6422.5,6519,6681.5,6731,6836.5,6786.5,6848.5,6769.5,7083,7224.5,7345,7349.5,7431,7510.5,7691.5,7753,7466.5,7625,7840,7600.5,7594,7603.5,7469.5,7369,7312.5,7375,7273.5,7465.5,7810.5,8040.5,7963.5,7871,7960,7891.5,7628,7729.5,7354.5,6912.5,6843,6945.5,6895,7438.5,7368.5,7362,7332.5,7260.5,7352.5,7229,7254,7267.5,7631,7645,7641.5,7698,7793.5,7473,7817,7869,7897.5,7936,8080,8298,8287.5,8261,8286.5,8310.5,8300.5,8410,8438.5,8162.5,8232,8089,8241.5,8214.5,8174.5,8417.5,8239,8246,8284.5,8327,8204.5,8148.5,8239,8249.5,8245,8245.5,8300,8321.5,8476,8526.5,8312.5,8085.5,8036.5,7957.5,7797.5,7832.5,7227,7016.5,7144.5,7204.5,7122,7376,7443.5,7356,7411,7256.5,7196
ZENSARTECH,782.55,803.1,805.95,793.8,801.2,811.35,799.6,789.85,778.1,767.9,741.45,735.8,730.2,739.3,761.2,751.65,747.35,793.1,794.1,771.7,773.3,788.9,775.9,779.85,746.9,744.2,770.05,759.8,751.8,754.8,740,750.05,836.9,831.75,817.4,786.25,850.5,860.05,870,891.6,885.1,895.45,919.85,920.3,903.95,895.5,861.4,864.5,830.25,818.95,803,809.1,806.55,791.25,761.85,804.05,797.7,738.45,702.9,711.7,718.85,751.6,742.85,726.4,681.55,666.2,654.15,642.35,667.25,671,676.3,674.05,697.3,715.75,702.25,688.25,700.85,691.9,714.05,682.45,654.7,651.05,653.05,627.55,633.45,652.8,656.45,653.1,689.45,678.85,691.3,703.45,702,721.05,749,719.45,717.5,713.45,701.25,699.65,720.75,703.45,750.5,766.9,783.6,807.35,798.75,787.3,840.6,829.1,820.45,843.25,839.2,829.6,835.15,850.4,833.05,825.6,822.3,821.95,831.5,822.7,854.45,866.95,846.55,861.5,867.35,879.45,875.6,867.05,845.7,846.85,836.7,834.55,852.45,846.3,844.75,842.55,840.65,852.2,852.4,852.65,854.65,844.95,849.25,846.5,818.7,808.65,810.5,829.85,830.8,826.4,845.45,811.3,816.1,824.9,796.65,800.1,808.45,810.05,806.15,792.2,800.65,801.65,785.35,790,785.65,791.55,808.8,801.15,803.15,798.05,802.6,815.2,809.35,792.5,810.75,804.55,778.2,768.1,787.35,793.05,778.65,779.6,776.35,772,777.85,825.3,818.4,818.25,808.55,819.75,836.2,850.5,857.75,810.3,808.1,808,802.95,774.4,749.55,763.1,768.75,760.2,755.75,760.9,770.25,784.9,798.65,778,755.8,756.3,774.95,782.7,781.7,779.9,801.1,805,807.95,800.3,801.6,803.9,797.55,755.9,736.1,703.4,697.65,722.75,729.1,741.45,728.8,724.85,724.25,703.85,709.5,719.6,709.3
SAGILITY,41.41,42.26,42.87,40.81,39.76,41.74,43.3,43.5,43.9,45.17,46.6,48.93,51.3,53.86,53.11,50.45,47.92,50.31,52.82,51.31,53.87,52.05,51.1,49.74,49.1,48.23,46.81,49.08,48.7,47.77,48.7,46.54,46.97,47.98,45.58,43.3,45.46,47.72,49.61,50.32,50.2,50.22,52.73,52.62,50.01,48.83,49.51,49.88,47.41,47.9,46.59,47.22,46.25,45.69,44.29,44.97,43.07,42.86,41.98,42.59,44,44.04,43.95,41.75,42.34,41.54,42.02,41.24,42.3,43.1,42.43,43.44,44.46,43.29,41.89,42.73,42.91,43.55,42.81,41.99,40.49,38.46,39.09,37.99,39.87,41.86,42.75,43.31,43.18,43.34,42.75,42.23,40.87,41.07,42.11,41.06,41.57,41.2,39.84,41.1,40.65,40.83,42.87,45.01,47.05,44.94,46.78,46.24,44.13,44.23,43.59,42.45,42.87,40.72,39.93,39.35,39.53,38.94,38.45,38.77,39.04,38.89,40.56,40.62,40.11,39.36,38.91,39.97,41.1,41.82,40.29,40.15,40.29,41.43,42.52,41.72,41.79,41.21,41.16,43.72,42.38,42.74,41.39,41.6,42.88,44.68,44.79,44.97,44.92,45.54,44.88,44.17,43.85,43.53,44.88,44.35,43.94,42.09,43.35,42.39,46.62,44.96,45.57,45.41,45.21,46.35,45.19,44.3,43.66,45.37,44.38,45.85,45.23,44.86,45.51,46.06,45.69,45.8,44.12,43.87,45.05,44.81,44.46,43.65,42.94,42.02,43.54,44.27,44.7,44.45,44.26,44.73,45.37,46.48,46.43,44.89,44.61,43.32,43.82,43.15,42.98,42.66,43.53,43.44,44.19,44.76,45.04,44.77,46.37,46.26,44.32,45.03,45.81,45.14,45.53,45.94,47.52,47.52,48.48,49.6,50.87,54.58,52.54,52.49,51.56,50.65,51.82,50.76,50.07,51.65,50.44,53.28,50.88,51.02,50.39,49.69,48.47
NHPC,86.77,85.98,86.11,85.04,85.44,85.23,84.97,83.64,84.44,81.47,82.03,82.05,82.04,80.33,79.75,80.69,81.94,82.47,83.09,79.27,79.19,78.99,78.11,76.6,72.57,76.39,77.18,78.83,80.4,79.96,79.02,77.76,78.46,76.88,74.77,73.09,74.58,75.47,80.55,76.73,78.91,79.53,77.61,77.43,76.17,74.39,74.1,75.3,73.29,73.21,73.01,74.62,79.8,79.89,77.24,76.01,74.31,72.9,73.37,73.57,76.35,77.51,77.03,75.8,76.58,78.36,77.57,78.16,79.13,80.2,80.04,82.56,83.62,81.31,80.94,81.28,82.2,82.14,83.69,84.53,83.04,82.58,83.58,84.4,84.2,85.42,85.32,84.98,87.71,89.88,90.37,89.08,86.07,86.77,86.52,85.79,84.99,84.63,81.71,83.41,80.2,77.97,83.3,83.53,85.96,86.95,89.71,88.99,86.61,87.62,87.5,85.97,87.06,87.22,86.74,87.08,87.41,87.32,85.09,87.11,87.63,89.31,90.93,89.71,90.28,87.62,86.06,86.5,85.07,82.53,80.87,82.31,85.21,85.45,84.97,85.38,85.55,85.81,85.47,84.71,84.97,85.04,84.44,87.96,88.29,87.52,88.05,88.78,88.1,88.58,87.84,87.03,87.53,86.33,86.48,85.84,83.48,83.7,84.04,84.46,83.25,83.24,83.49,85.23,83.99,83.41,81.78,83.45,83.91,85.11,82.32,82.78,82.09,82.76,81.83,80.71,79.6,79.84,78.34,77.23,78.56,79.56,79.38,78.09,77.82,78.64,78.57,79.56,82.28,83.5,86.61,88.61,87.21,87.09,87.82,87.73,86.63,86.29,86.43,83.64,85.87,86.32,86.37,86.93,86.61,86.46,85.44,86.67,86.94,86.45,85.36,87.04,86.95,86.74,86.56,86.35,85.82,84.79,85.02,84.63,86.95,86.15,84.84,85.33,84.16,82.85,81.48,82.31,81.89,81.98,81.46,80.3,81.25,80.53,80.05,80.12,78.82
TIINDIA,3710.15,3698.65,3680.2,3659.25,3653.65,3753.7,3705.2,3749.05,3791.4,3619.1,3621,3579.15,3636.9,3589.5,3540.65,3576.25,3579.9,3672.45,3609.65,3489.6,3473.7,3521.95,3568.3,3454.5,3230.9,3321.3,3297.8,3322.05,3408.8,3438.45,3380.25,3233.95,3363.7,3232.15,3205.05,3138.3,3199.45,3288.55,3322.1,3044.8,3092.6,2982.5,2966.15,2909.85,2868.2,2739.6,2682.6,2713.3,2580.5,2603.6,2609.9,2678,2762.9,2685.65,2662.7,2595.45,2543.8,2462.15,2640.1,2718.7,2697.45,2650.15,2701.8,2714.6,2882.05,2917.95,2926.55,2871.85,2859.4,2891.3,2872.15,2854.7,2772.4,2710.7,2761.9,2769.35,2694.15,2732.55,2699.65,2637.25,2578.95,2569.1,2500.05,2509.7,2570.7,2503.6,2495.8,2593.3,2654.1,2673,2655.5,2573.9,2642.3,2797.5,2898.6,2908.4,2991.6,2911.8,2955,2881.6,2860.3,2961.9,2994,3039,2910.2,3044.6,3126.4,2999.5,3002.7,2984.9,3046.8,3057.1,3044.2,3016.2,3054.9,3062.1,3055.7,3033.3,3078,3085.4,3067,3039.6,3088.7,3027.6,2978.2,2936.2,2987.3,2904.1,2898.6,2850.3,2926.3,2868.7,2856.7,2856.2,3005.3,3082.1,3109,3087,2995.2,2952.8,2988,2940.2,2925.1,2895.3,2899.5,2869.8,2871,2930.3,2939.8,2941.9,2918.9,2939.4,2949.5,2952.2,2934.7,2889,2821.6,2868.5,2855.4,2840.7,2808.4,2903.8,2902,2960.2,2942.9,2885.7,3000.6,3021.7,3057.2,3063.6,3051.2,3152.4,3180,3097.4,3072.1,3060,3028.4,2943.4,2961.6,3140.9,3047.5,3043.8,2996.9,2990.6,3072.3,3151.5,3235.1,3211.3,3231.2,3354.1,3404.4,3387,3389.9,3329.7,3350.1,3303,3276.5,3212.8,3129.1,3098.6,3096.7,3084.1,3136.1,3150.2,3218.4,3142.2,3191.6,3159,3116.2,3099.4,3150.2,3179,3136.4,3126.3,3129.9,3206.4,3159.2,3133.8,3125.5,3140.8,3059.7,3023,3046.5,2992.5,2977.6,2985.6,2980.3,2999.4,3035.5,3033.4,3067.6,3091.6,3031.7,3033.3,3005,2884.4,2909.3
HINDZINC,506.5,498.45,509.15,501.55,501,498.25,490.65,485.35,479.35,468.8,463.9,463.4,453.25,454.7,432.4,444,444.05,452.5,469.15,446.8,448.55,443.8,437.7,433.35,419.4,436.05,442.05,455.4,456.85,465.5,461,469.35,474.1,466.55,450.85,433.2,438.3,441.35,450.15,432.55,436.9,467.45,442.9,440.35,435.65,416.85,420.35,411.8,416.55,415.55,409.05,413.45,422.85,426.65,415.65,407.25,411.75,390.8,387.45,395.45,411.25,426.1,429.35,426.45,427.4,427.65,430,436.4,454.25,456.35,446.4,453.3,444.45,442.2,447.9,461.9,453.75,460.8,459.15,426.95,406.75,412.05,400.6,411.05,433.9,438,439.7,452.45,445.75,449.05,459.35,445,452.5,445.45,439.2,428.7,428.25,413.45,422.7,409.35,408.35,434.95,428.9,438.95,440.75,442.3,448.2,435.3,442.05,442.4,447.05,450.95,451.5,452.6,464.75,458.2,453.15,468.75,468,491.6,502.25,525,534.05,520.55,517.25,514.25,512.95,486.35,452.8,437.45,438.6,440.55,442.9,442.1,448.9,451.15,450.85,450.35,447.2,445.55,445.1,437.5,436.2,425,422.8,424.9,436.35,437.45,435.2,437.1,435.5,444.65,443.2,446.85,446.1,439.2,432.05,437.4,432.45,424.05,415.4,421.6,421.2,419.95,424.65,420.7,417.4,423.45,430.2,426.65,427.1,428.65,430,430.85,424.9,434.7,430.15,421.7,419.25,435.9,440.9,444.6,437.55,440.1,435.6,433.45,432.85,446.25,462.95,460.15,462.25,459.45,454.85,453.05,459.25,461.5,452.9,466.75,449.1,466.15,482.45,481.35,491.5,491.5,489.9,490.5,512.25,498.3,505.55,505.65,513.2,506.7,500.25,486.4,483.85,482.15,486.7,482.3,471.2,483.6,477.6,476.5,480.65,473.35,467.2,474.5,484.6,487.5,481.9,495.2,487.05,483.9,475.95,476.55,472.15,458.3,454
MSUMI,41.9,43.43,43.59,42.95,42.6,41.78,41.57,41.51,41.33,39.96,39.33,39.11,38.77,38.95,38.63,38.83,39.29,39.98,39.65,38.71,38.53,38.23,38.23,37.43,36.8,36.89,37.12,37.84,37.69,37.57,37.41,36.56,37.37,36.67,36.49,35.91,36.11,36.41,37.42,37.69,37.99,37.66,37.43,37,36.14,34.54,33.71,34.25,33.25,32.81,32.18,33.06,33.17,32.73,31.97,31.78,31.5,31.33,32.18,32.37,33.4,34.04,35.03,35.17,34.53,33.8,33.87,34.37,35.21,35.3,36.15,37.31,36.46,35.7,35.33,34.74,34.03,34.06,34.59,34.29,33.5,34.31,34.18,35.28,35.37,35.35,35.19,36.06,37.02,37.52,37.5,37.06,37.28,36.97,37.17,37.33,37.91,37.42,38.08,37.51,37.99,38.4,37.83,37.9,37.94,38.69,38.27,37.65,37.65,38.17,38.7,39.34,39.57,39.25,39.15,38.59,38.8,39,39.14,39.6,40.34,41.43,41.65,41.61,41.01,40.87,40.98,40.71,40.29,39.46,39.93,39.28,39.44,39.84,40.08,40.06,39.81,39.71,39.63,40.25,40.21,41.37,43.07,43.2,42.99,42.27,42.25,43.15,43,42.98,43.52,43.81,42.84,41.57,41.4,40.49,40.01,38.98,37.77,37.1,37.52,38.24,39.35,38.73,38.28,39.09,38.28,37.86,37.66,37.79,39.46,41.89,42.88,42.73,41.76,42.03,41.61,41.42,41.56,41.98,43,42.87,44.15,45.17,47.26,49.5,48.91,49.5,50.09,48.82,49.35,48.6,48.48,48.46,47.58,48.01,47.17,46.71,46.85,46.44,45.71,45.84,45.74,45.44,46.38,45.74,45.06,44.46,45.04,44.05,46.41,46.26,45.89,46.45,46.56,47.67,47.09,46.3,46.74,47.82,47.41,47.21,47.65,46.99,47.79,46.78,45.87,46.42,46.35,47.39,47.96,49.01,48.42,48.64,49.05,48.42,47.59
COCHINSHIP,1683.15,1633.4,1627.8,1647.4,1606.35,1607.8,1617.05,1575.15,1547.5,1493.55,1466.9,1468.4,1465.8,1539.05,1573.05,1538.75,1567,1594.85,1598.25,1518.35,1501.75,1492.4,1474.3,1431.1,1359.55,1427.5,1396.35,1446.1,1492.65,1536.55,1508.3,1462.05,1480.4,1458.6,1403.3,1409.45,1435.25,1456.4,1532.3,1410.6,1412.4,1423.8,1411.45,1360.9,1370.8,1326.45,1299.75,1299.75,1236.25,1216.35,1235,1299.15,1299.45,1324,1302.65,1304.65,1295,1268.55,1217.75,1261.85,1265.9,1288.2,1335.85,1301.45,1272.75,1282.25,1291.65,1340.9,1456.7,1450.5,1438.25,1485.05,1457.45,1451.85,1424.95,1407.9,1393.9,1411.55,1461.15,1390.75,1338.3,1379.05,1359.9,1401,1442.6,1446.7,1449.8,1487.2,1488.9,1485.7,1477.6,1415.5,1502.1,1652.4,1591.4,1530.2,1544.7,1482.7,1457.6,1443.4,1484.6,1520.8,1577,1699.4,1812.1,2035.6,1982.2,1817.6,1838.8,1903.8,1915,1884.6,1925.6,1952.5,1979.2,1947.1,1923,2034.7,2086.7,2350.8,2392.5,2301.3,2258.2,2194.8,2128.1,2161.6,2188,2192.2,2143.5,2085.7,2179.2,2231.1,2165.5,2134,2091.2,2044.2,2065.8,2045.2,2025.3,2015.4,2057.3,2051.7,2021.5,2036.3,2017.7,1982.8,1928.8,1924.1,1938,1912.6,1867.2,1876.3,1840.1,1870.7,1854.8,1808.4,1753.4,1765.5,1786.2,1770.8,1718.7,1741.9,1733.7,1707.1,1692.7,1641,1660,1667.2,1683.1,1691,1721.7,1707.4,1713.8,1707.4,1705.5,1683.5,1641.9,1604.4,1608.2,1673.9,1738.8,1738.2,1676.2,1652.2,1652.9,1629.5,1643.2,1651.2,1745.7,1807.8,1821.6,1890.5,1907.4,1900.8,1922.9,1885.4,1895,1926.9,1874.2,1772,1789.6,1861.6,1861.5,1853,1839.8,1796.8,1785.2,1776.3,1760.1,1784.5,1795.2,1791,1792,1797,1808.8,1792.4,1824.3,1820.2,1810.9,1804.5,1782.5,1789.5,1787,1768.7,1702.7,1725.8,1755.1,1754.5,1792,1707.3,1725.3,1721.7,1710,1699.3,1724.7,1697.3,1667.4
SBICARD,719.65,729.5,730.75,726.8,725.45,728.35,715.35,710.55,703.4,687,691.3,695.9,679.2,675.3,669.5,663.85,677.8,702.7,723.55,730.5,732.95,737.25,730.7,722.55,713.55,734.7,735.2,752.75,740.85,761.5,762.6,756.55,760,758.3,753.7,759.1,761.4,774.8,778.2,825.3,835.75,821.35,810.7,815.55,799.1,784.35,816.4,859.85,859,853.1,865.35,857.9,849.8,835.2,839.25,840.7,856.75,838.8,827.95,834.65,844,839.05,834.8,843.25,838.6,835.35,829.85,839.3,846.5,856.85,857.5,854.5,859.2,868.6,870.5,881.1,862.1,857,850.3,848,812.05,846.5,846.55,852,882.4,888.65,906.35,909.65,915.8,915.9,926.55,867.55,863.9,878.4,873.55,878.2,904.35,889.7,914.65,890.5,874.2,898.15,887.1,901.2,911.35,912,914.6,898.85,903.15,885.25,897.7,906.5,915.95,908.25,914.25,921.05,923.65,916.3,942.05,944.35,993.1,1017,1002.25,991.95,1002.15,1007,1008.7,991,972.6,939.7,945.6,955.9,982.1,969.8,975.3,991.35,953.1,931.8,913.1,911.4,909.6,908.95,918.75,934.5,935.5,913.45,903.5,893.75,897.35,908.8,894.6,898.65,896.65,895.55,885.8,888.5,837.1,821.4,814.7,807.4,803.95,804.5,804.85,793,796.5,786.9,797.8,789.95,790.1,789.35,811.8,820.1,818.1,825.2,821,822.05,815.7,803.6,803.5,810.85,793.4,795.35,793.15,791.45,803.85,819.35,854.4,853.75,856.15,900.05,896.55,893.3,891.7,871.65,869.05,870.3,884.75,887,873.85,863.3,876.95,875.7,892.05,902.6,905.15,920.2,923.1,921.75,920.85,916,929.2,934.85,927,937.95,936.7,928.6,928.95,900.8,905.75,910.95,885.75,878.65,887.5,880.4,870.2,872,875.05,863.45,869.8,877.65,874.95,889.2,867.35,863.7,874.1,878.05,869.7
BAJFINANCE,686.84,693.62,711.51,712.58,718.28,720.84,715.28,707.45,691.86,684.83,686.67,680.82,681.58,690.78,688.83,682.3,693.53,738.92,740.73,734.94,735.4,735.54,727.75,728.81,715.1,733.5,717.74,725.98,718.21,744.01,729.17,739.72,744.33,743.86,729.55,760.66,775.97,790.17,788.51,842.58,847.54,850.95,850.73,847.43,828.68,819.12,821.41,840.9,839.23,842.66,846.59,843.95,839.95,839.67,835.5,848.88,870.54,853.03,862.79,858.6,829.87,841.09,840.45,834.26,834.05,848.45,842.05,8580.35,868.25,873.16,867.97,891.61,909.01,906.73,886.61,900.39,894.56,869.82,866.93,859.46,871.89,856.8,882.23,873.58,892.11,914.1,905.65,916.25,927.35,926.05,932.3,930.1,911.2,909.3,909.3,863.45,886.25,893.2,879.75,898.65,883.25,864.1,901.85,904.2,908.1,918.85,916.7,925.55,907.9,919.75,913.9,924.35,926.95,917.1,926.75,920.4,918.05,911.85,897.9,898.7,893.4,937.15,960.75,949.75,942.5,936.85,933.1,938,923,919,900.5,905,915.5,916.5,928,951.5,947,936.5,936.65,923,910.15,925.3,924.65,927.65,940.6,947.65,933.5,918.85,928.4,921.75,923.3,942,948.45,952.55,968.3,958.95,913.75,880.5,886.55,884.85,881.2,875.6,885.3,891.9,876.65,879.1,877.15,877.8,853,860,861.45,905.2,902.3,887.8,895.6,894.5,900.8,876.25,876.85,877.85,889.35,890.1,896.3,934.75,937.6,944.3,948.4,967.95,970.25,1003.25,1009.85,1003.25,1007.5,996.5,992.45,1006.5,1025.5,1029.75,1012.75,985.1,990.95,998.9,987.7,989.75,1008.9,1016.55,1023.15,1024.1,1023.85,1036.75,1019.15,1059.9,1065.75,1070.1,1081,1086.5,1094.15,1089.75,1084.4,1072.75,1062.95,1052.3,1042.8,1043.1,1057,1041.9,1066.6,1085,1005.2,1013.2,1005.4,1018.5,1026.8,1013.6,1005.6,1028.6,1004.1
BAJFINANCE,686.84,693.62,711.51,712.58,718.28,720.84,715.28,707.45,691.86,684.83,686.67,680.82,681.58,690.78,688.83,682.3,693.53,738.92,740.73,734.94,735.4,735.54,727.75,728.81,715.1,733.5,717.74,725.98,718.21,744.01,729.17,739.72,744.33,743.86,729.55,760.66,775.97,790.17,788.51,842.58,847.54,850.95,850.73,847.43,828.68,819.12,821.41,840.9,839.23,842.66,846.59,843.95,839.95,839.67,835.5,848.88,870.54,853.03,862.79,858.6,829.87,841.09,840.45,834.26,834.05,848.45,842.05,8580.35,868.25,873.16,867.97,891.61,909.01,906.73,886.61,900.39,894.56,869.82,866.93,859.46,871.89,856.8,882.23,873.58,892.11,914.1,905.65,916.25,927.35,926.05,932.3,930.1,911.2,909.3,909.3,863.45,886.25,893.2,879.75,898.65,883.25,864.1,901.85,904.2,908.1,918.85,916.7,925.55,907.9,919.75,913.9,924.35,926.95,917.1,926.75,920.4,918.05,911.85,897.9,898.7,893.4,937.15,960.75,949.75,942.5,936.85,933.1,938,923,919,900.5,905,915.5,916.5,928,951.5,947,936.5,936.65,923,910.15,925.3,924.65,927.65,940.6,947.65,933.5,918.85,928.4,921.75,923.3,942,948.45,952.55,968.3,958.95,913.75,880.5,886.55,884.85,881.2,875.6,885.3,891.9,876.65,879.1,877.15,877.8,853,860,861.45,905.2,902.3,887.8,895.6,894.5,900.8,876.25,876.85,877.85,889.35,890.1,896.3,934.75,937.6,944.3,948.4,967.95,970.25,1003.25,1009.85,1003.25,1007.5,996.5,992.45,1006.5,1025.5,1029.75,1012.75,985.1,990.95,998.9,987.7,989.75,1008.9,1016.55,1023.15,1024.1,1023.85,1036.75,1019.15,1059.9,1065.75,1070.1,1081,1086.5,1094.15,1089.75,1084.4,1072.75,1062.95,1052.3,1042.8,1043.1,1057,1041.9,1066.6,1085,1005.2,1013.2,1005.4,1018.5,1026.8,1013.6,1005.6,1028.6,1004.1
MOTHERSON,111.21,111.53,111.21,109.86,109.41,112.54,109.62,106.37,105.04,104.04,104.31,104.81,104.27,104.68,102.57,104.08,103.6,106.51,106.72,102.87,102.2,100.93,99.15,96.59,93.17,97.05,99.61,99.33,100.75,100.23,97.27,95.16,96.65,95.33,91.67,92.22,94.25,92.47,94.17,87.07,91.95,91.19,91.14,92.05,90.33,85.75,85.75,86.54,84.14,83.19,85.57,85.64,87.87,85.85,84.33,83.76,81.93,79.06,79.61,78.85,82.63,85.25,85.19,83.87,83.04,83.65,81.17,80.63,83.59,86.01,85.85,87.56,89.33,87.64,89.95,87.94,87.31,87.41,88.15,85.96,79.29,76.25,76.69,75.34,78.82,85.09,85.56,86.45,88.37,88.87,90.49,90.79,89.14,89.99,90.72,88.85,88.37,92.61,90.31,94.97,94.31,91.89,96.71,94.97,94.06,95.79,98.03,98.43,97.29,98.83,98.8,98.82,99.99,98.89,99.13,101.39,102.08,100.63,100.27,101.81,103.75,104.99,107.33,105.89,106.38,103.49,102.67,102.12,100.53,99.87,98.49,100.13,98.7,100.97,102.24,102.93,102.75,103.22,101.43,101.95,102.85,102.6,103.49,102.69,103.28,102.35,100.5,101.49,104.01,102.79,102.58,100.97,100.81,97.24,98.83,103.05,100.34,101.88,102.59,98.92,97.17,95.54,98.3,97.38,95.35,94.12,91.45,90.77,90.27,93.39,93.1,94.08,99.4,97.97,97.9,95.16,94.97,92.96,92.11,92.75,96.74,96.47,96.53,94.32,94.6,98.57,98.82,100.6,100.67,104.69,107.81,109.89,109.34,108.98,109.08,109.95,112.08,107.96,105.38,105.66,106.88,105.65,106,106.67,106.22,104.12,101.64,103.44,104.1,104.1,105.05,104.78,107.27,104.7,105.77,105.37,107.31,106.25,106.93,106.98,107.73,106.88,105.39,105.57,104.49,103.92,103.8,102.55,105.46,105.92,109.13,109.84,110.02,108.96,112.16,112,109.8
COFORGE,1783.72,1801.71,1799.24,1839.19,1860.15,1856.94,1880.59,1894.27,1931.42,1874.09,1881.27,1878.74,1898.65,1890.22,1963.59,1932.59,1925.71,1939.33,1933.93,1926.35,1924.04,1911.6,1856.6,1880.83,1741.11,1718.48,1716.67,1746.27,1728.31,1732.42,1652.22,1645.64,1839.29,1846.92,1760.34,1699.76,1749.31,1665.47,1652.77,1668.82,1691.81,1700.43,1704.27,1707.17,1682.89,1619.35,1600.88,1575.09,1558.67,1536.79,1538.45,1554.93,1558.67,1499.24,1525.68,1526.75,1497.8,1472.43,1471.41,1442.48,1562.84,1525.03,1541.45,1506.91,1526.42,1480.06,1458.45,1513.2,1510.09,1515.66,1549.36,1553.91,1591.64,1605.44,1621.52,1621.84,1556.16,1552.31,1431.48,1321.58,1268.14,1294.52,1264.73,1263.33,1293.2,1281.6,1320,1387.6,1391.2,1478.4,1450.2,1478,1475.5,1497,1461,1476.4,1499.3,1485.2,1520,1550.9,1536.2,1662.3,1653.3,1692.7,1692.2,1685.2,1655.1,1641.1,1653.2,1652.4,1664.3,1691.1,1691.9,1693.4,1726.1,1710.1,1717.1,1699.8,1724.5,1766,1775.5,1794,1830.5,1816.5,1784.5,1792.5,1829.5,1840.5,1833.5,1794,1832,1831,1862,1880,1888,1899.5,1924.5,1922.5,1926.1,1938.3,1950.6,1941.7,1949.6,1931.3,1887.7,1867.8,1875,1893.9,1882.4,1865.3,1859.3,1874.3,1858.4,1849.7,1676,1688.8,1724.7,1720.5,1749.5,1748.2,1706.3,1746.5,1706.7,1638.3,1704.1,1606.8,1613.9,1625.4,1621.7,1642,1655.5,1652.7,1708.4,1728.2,1747.7,1764,1739.3,1737.2,1724.3,1764.6,1754.6,1731.8,1692.5,1658.3,1662.4,1696.6,1768.6,1771,1764,1754.3,1779.6,1791.9,1824.5,1795.3,1716.9,1667.9,1623.2,1591.3,1538.5,1552.2,1591,1600.8,1613.1,1662.4,1686.5,1713.7,1720.1,1722.3,1716,1700.5,1765.4,1761.5,1734.9,1747.4,1741.5,1754.7,1760,1830.6,1809.8,1797.4,1807.7,1778.1,1794.8,1767,1763.9,1740.2,1757.6,1797.1,1827.7,1810.2,1799.6,1801.1,1784.3,1858.2,1846.1,1797.5,1808.2
ADANIENSOL,803.45,784.55,791.5,818.15,832.4,811.9,813.35,793.85,796,767.55,773.3,771.3,792.3,805.95,826.25,806.2,805.45,809.05,821.25,768.6,781.55,770.2,751.5,729.25,688.75,771.3,780.15,792.5,805.15,815.75,813.35,802.8,808.8,790.45,755.65,747.6,744.7,740.25,748.35,728.15,751.8,775.5,773.15,773.4,741.7,732.05,756.8,744,708.4,702,677.15,670.65,678,670.95,669.6,669.7,661.7,650.9,654.05,646.65,709.45,733.25,747.6,759.1,761.05,781.75,783.2,795.6,798.55,813.9,815.1,831.7,820.25,816.55,803,872.85,872,866.35,867.9,884.35,859.4,815.05,841.15,837.4,844.8,887.4,895.15,914.15,937.5,929.6,938.8,961.7,914.35,925.3,917.65,899.65,907.15,937.2,907.4,871.6,839,827.1,894.3,904.2,890.8,910.8,915.05,888.9,869.75,872.15,879,876.55,878.7,879.15,869,880.95,867.2,874.85,856.55,866,872.2,884.1,901.4,915.5,904.5,876.95,861,865.7,848.85,846.45,823.6,828.1,837.2,851.85,850.2,864.75,883.7,881.75,872.4,878.8,875.25,877.2,883.35,881.25,890.15,891.05,874.05,880.5,879.75,876.6,873.35,869.35,871.65,867.2,863.1,849.05,817.15,815.95,826.95,823.9,808.4,793.05,799.55,802.05,791.1,794.6,790.15,792,786.75,786.3,775.8,818.75,828.2,824.2,815.15,800.15,805.75,788.65,770.95,764.15,766.65,763.05,763.7,758.35,755.95,776.25,794.15,811.75,813.7,829.9,837.15,836.55,826.45,837.6,877.15,937.4,925.1,889,894.2,879.2,871.75,872.25,896.35,916.35,926.65,919,914,931.95,925.85,937.65,933.75,944.2,947.95,929.7,937.05,936.45,952.4,944.25,946.35,921.2,967.55,965.65,986.2,994.55,985.9,968.15,960.6,959.15,989.3,1001.9,1021.4,1023.85,1021.55,1026.65,1006.25,993.6,974.8
AFFLE,1798.45,1774.25,1812.55,1803.5,1777.4,1852.45,1825.6,1818.85,1769.1,1726.4,1792.05,1779.25,1753.95,1794.3,1798.2,1783.25,1772.2,1780.05,1781.25,1709.05,1734.05,1683.25,1644.75,1601.55,1527.85,1583.3,1601.35,1602.4,1578.7,1579.25,1531.45,1529.9,1561.5,1537.8,1479.95,1458.9,1502,1499.85,1507.95,1497.55,1513.35,1647.7,1650.4,1664.8,1644.4,1568.45,1527.4,1556.3,1501.6,1544,1479.55,1472.05,1480.75,1546,1491.85,1511.05,1459.95,1400.25,1400.45,1436.35,1434.05,1436.05,1482.65,1429.45,1451.65,1446.9,1430.55,1430,1439.95,1481.25,1509.05,1541.65,1558.55,1575.55,1601.9,1655.7,1608.55,1594.4,1587.1,1602.6,1522.25,1447.85,1459.95,1401.7,1501.55,1541.4,1538.7,1566.2,1584.8,1583.3,1593,1598.3,1603,1619,1620.3,1584,1597.8,1588.9,1533.9,1535.7,1534.5,1512.5,1587.1,1590.8,1679.5,1662.4,1720,1692.6,1689,1703.3,1697,1727.4,1710.8,1677.4,1736.7,1743.7,1735.6,1776.4,1787.5,1802.8,1789,1799.2,1868.7,1939,1921.7,1898.7,1926.5,1961.1,1941.3,1903.4,1900.2,1899.7,1902.6,1910.8,1937.8,1956.6,1984.1,1998.3,1963.4,1968.8,2044.8,2012,1987,1978.7,1989.8,1960.6,1987.6,1966.6,1964.9,1951.8,1942.4,1903.8,1903.7,1897.3,1879,1855.5,1801.6,1839.8,1985.4,1983.3,1958,1947.4,1913.8,1958.8,1950.2,1949.9,1969.9,1982,1980,1983.5,1964.7,1934.9,1958.3,1948.9,1937.3,1948.4,1936.3,1894.7,1893.9,1907.6,1910.2,1901,1904.4,1906.5,1929.4,1941.6,2070.2,2028.4,2099.6,2075.9,2053.4,2067.7,2145.7,2104.8,2145.2,2146.7,2084.2,2038.6,2062.7,2006.4,1956.3,1947.7,1964.8,1938.6,1938.7,1886.9,1934.6,1957.4,1967.4,1956,1918.7,1911.5,1946.7,1892.1,1886.4,1880.9,1900.5,1887.4,1919.6,1922,1909.7,1933,1930.6,1897,1832.8,1778,1747.2,1743.8,1735.4,1775.3,1733.7,1723.9,1728.6,1693.2,1686.6,1719,1719
BEML,2195.85,2181.5,2232.5,2235.25,2204.25,2228.75,2216.8,2181.35,2140.95,2036.9,2023.3,2023.6,2005.65,2036.5,2019.13,2034.38,2060.25,2096.3,2071.2,1948.5,1919.3,1866.45,1893.3,1851,1799.58,1757.13,1753.73,1796.18,1817.5,1895.73,1836.63,1807.08,1832.68,1818.58,1726.7,1676.23,1747.43,1770.3,1922.35,1733.68,1712.1,1693.68,1639.33,1566.2,1542.63,1471.03,1442,1469.63,1379.93,1345.8,1293.7,1325.95,1312.28,1317.1,1319.98,1310.55,1285.05,1227.3,1207.2,1245.72,1268.38,1291,1334.4,1284.38,1218.78,1245.05,1276.85,1258.53,1285.18,1371.15,1371.93,1397.33,1448.98,1390.83,1380.2,1570.2,1609.78,1584.95,1562.4,1577.23,1477.38,1382.68,1437.55,1494.35,1517.38,1542.7,1558.25,1554.8,1565.45,1585.9,1585,1583.15,1524.95,1553.9,1605.6,1582,1600.9,1616.4,1554.8,1564.05,1507,1529.5,1601.25,1663.7,1694.9,1696.5,1827.05,1850.8,1777.5,1820.1,1812.2,1858.95,2139.85,2163.8,2118.7,2113,2115.05,2115.25,2166.5,2186.85,2217.65,2198.4,2180.9,2184.9,2150,2103.3,2151.35,2190,2189.15,2232.1,2143.9,2319.75,2394.35,2221.55,2223.75,2224.2,2212.95,2228.7,2216.1,2183.2,2226.55,2262.4,2289.35,2261.95,2333.7,2302.5,2214.45,2297.45,2309.5,2308.2,2273.6,2200.75,2186.6,2172.3,2142.85,2149.05,2074.35,1997.35,2031.7,2009.3,1980.35,1922.45,1992.35,1997.65,1976.3,1945.45,1929.6,1976.75,1958.6,2038.7,2026.95,2047.55,2060.45,2045.1,2014.5,2016.9,1996.8,1932.3,1919.45,1919.7,1946.75,2038.75,2051.75,1975.85,2041.55,2046.45,2023.1,2032.35,2025.7,2210.2,2192.2,2170.05,2201.7,2177.45,2178.1,2164,2167.4,2155,2179.35,2103.75,2026.85,2086.9,2159.35,2195.1,2180.25,2167.8,2136.4,2179.55,2181.95,2189.2,2179.5,2235.5,2212.9,2209.25,2171.5,2197.95,2198.5,2219.05,2210.15,2162.1,2156.25,2217.85,2199.9,2187,2150.4,1986.8,2006.7,2007.7,2018.1,2009.2,1985.1,2009.8,2008.7,1977.8,1939.1,1965.8,1903.9
NSLNISP,48.16,47.75,47.79,47.1,46.04,45.44,44.56,44.08,43.91,43.14,44.9,45.89,44.64,43.71,42.93,43.15,43.59,43.63,43.44,42.13,42.81,42.15,41.71,40.71,38.47,40.84,41,41.59,41.61,42.15,41.29,40.51,40.5,39.84,38.25,38.15,41.37,40.67,42.14,39.75,40.01,40.52,40.7,40.23,39.85,38.88,37.98,38.02,37.14,35.88,35.36,36.11,37.29,38.92,37.7,37.5,36.42,35.4,34.42,33.92,35.58,36.6,37.26,36.23,35.76,35.03,34.24,33.56,35.9,35.68,36.41,36.27,35.07,34.05,33.68,33.36,34.15,35.03,36.03,34.67,33.04,33.87,33.78,35.04,35.49,35.76,35.9,36.64,37.35,37.22,37.41,35.35,35.43,35.5,35.35,35.21,35.24,34.13,34.73,34.1,33.95,36.12,36.21,37.97,37.87,38.5,39.01,38.94,38.99,38.9,39.74,39.51,39.28,39.79,39.92,38.09,38.56,38.35,38.92,38.62,39.43,39.81,39.9,40.92,39.87,39.05,38.8,38.17,37.89,37.08,37.46,37.82,38.5,39.47,41,41.23,40.99,40.6,40.43,40.98,40.49,39.92,39.9,39.57,40.05,39.81,39.16,39.09,39.34,39.37,39.48,39.83,39.49,39.28,39.24,38.32,37.66,37.62,37.3,36.57,36.25,36.97,36.45,36.18,35.88,35.66,36.08,35.85,43.02,40.08,39.7,39.73,40.06,39.05,38.75,39.09,38.25,37.79,37.82,38.01,39.23,43,41.77,42.46,43.35,43.44,45.02,45.63,46.31,46.2,45.83,45.33,45.17,46.92,46.61,47.1,46.41,46.46,44.86,44.53,44.86,47.32,47.2,45.69,45.31,44.93,46.34,44.93,44.21,43.56,43.79,43.65,42.98,43.36,44,43.95,44.49,45.61,47.67,45.07,43.43,43.05,45.48,44.97,43.41,43.47,43.34,43.88,43.76,43.86,43.19,42.86,42.51,41.99,41.88,41.15,40.9
RAYMONDLSL,2125.5,2137.95,2241.85,2216.1,2155.1,2143.05,2069.3,2042.85,2024.6,2000.75,2000.55,2013.25,2049.85,2081.15,2113.7,2104.2,2066.9,2091.9,2069.15,2007.9,2008.05,2004.7,1979.95,1919.65,1803.65,1894,1849.55,1890,1901.9,1971.55,1890.7,1817.8,1801.8,1759.8,1693.95,1617.9,1711.45,1531.05,1478.1,1451.65,1397.45,1373.45,1337.2,1293.7,1243,1195.45,1277.7,1197.2,1140.7,1135.05,1188.45,1171.25,1199.8,1196,1166.7,1156.25,1143.9,1086.65,1047.05,1089.15,1096.1,1139.45,1132.45,1073.45,1049.3,1054.8,1064.1,1145.1,1118.4,1141.55,1082.8,1051.35,1039.85,1032.6,1040.45,1046.65,1029.55,1060.1,1046.9,1010.35,967.85,1003.4,1023,1042.55,1062,1043.1,1055.6,1053.8,1046.5,1052.2,1033.1,1011.8,1004.8,999.2,962.2,941.2,956.8,918.65,975.5,942.9,956.9,1004.55,1010,979.7,1008.9,1008.8,1022.55,1037.55,1080.3,1082.7,1074.85,1074.95,1084.75,1075.45,1033.1,1019.85,1018.4,1032,1016.1,1046.3,1047,1087.4,1109.6,1119.9,1128.2,1095.8,1093.3,1078,1059,1061.3,1038.4,1055.2,1056,1088.6,1153.8,1222.3,1309,1283.5,1249.3,1240.8,1283.6,1252.5,1316.8,1320.8,1320.2,1270.4,1269.2,1260.2,1237.1,1224.6,1196.1,1199.8,1150.4,1116.9,1129.8,1097.6,1089.8,1130.1,1124.8,1148.4,1171.4,1195.7,1175,1124.5,1129.1,1085.3,1087.4,1059.8,1040.6,1032.1,1089,1200.4,1240,1185.9,1159.7,1179.4,1153.7,1122,1105.9,1117.5,1190.6,1243.3,1240.4,1233.3,1228.8,1282.3,1309.1,1289.5,1321.9,1302.6,1329.8,1321.1,1312.4,1270.8,1252.7,1267.2,1263.6,1254.4,1205.7,1156.4,1161.1,1181,1163.9,1162.9,1175.2,1197.5,1215.4,1216.3,1200.9,1186.4,1176.1,1190.6,1183.4,1189.6,1195.5,1210.1,1167.1,1208.1,1203.5,1213.3,1182.6,1182.3,1198.6,1173.1,1150.8,1153.2,1135.7,1124.6,1137.2,1119.9,1124.5,1126.7,1116,1131.8,1147.9,1124.2,1094.9
DATAPATTNS,2650.15,2628,2647.2,2601.35,2541.2,2642.8,2606.85,2525,2487.7,2567.75,2480.65,2487.4,2483.45,2512.6,2417.8,2470.7,2498.25,2490.8,2485.25,2344.8,2389,2313.35,2310.55,2234.2,2089,2149.05,2139.5,2193.4,2281.05,2359.6,2296.05,2199.95,2184.25,2106.35,1980,2066,2102.05,2129.6,2207.4,2000.2,2024.75,2027.2,1963.9,1924.8,1869.45,1766.75,1719.05,1683.3,1606,1518.5,1423.75,1544.85,1576.1,1553.6,1642.9,1608.05,1520.5,1437.75,1433.9,1411.6,1415.05,1421.1,1628.25,1631,1582.05,1586.3,1663.1,1618,1650.3,1714.05,1688.95,1713.35,1738.3,1729.45,1692.65,1688.25,1689.95,1696.25,1722.15,1739.75,1681.15,1642.7,1662.8,1627.65,1681.95,1878.7,1890.7,1897.4,1959,2130.1,2171.4,2153,2086.6,2236.2,2556.9,2486.6,2310.3,2285.4,2194.8,2158.2,2202.3,2295.2,2386,2485.3,2538.4,2625,2868.2,2801.7,2639.4,2744.2,2740.8,2718.4,2824.8,2813.8,2845.7,2861.4,2848.2,2947.3,2963.9,2985.2,3171.3,3064.3,2953.9,3123.4,3027.8,2930,3002.5,2960.8,2999.3,3001.2,2935.1,2957.8,3023.7,2934.6,2790.6,2862.5,2824,2900.7,2929.1,2953.7,2966.8,2981.5,2962.9,2989.7,3025.3,2945.7,2849.1,2862.7,2872.2,2893.2,2895.6,2757.5,2728.2,2808.1,2777.8,2780.7,2677.4,2571.6,2584.4,2592.9,2640.9,2550.5,2713.8,2661.4,2596.1,2569.6,2427.5,2514.3,2525.1,2506,2517.5,2591.4,2541,2560.3,2599.9,2590.6,2557.4,2505.6,2425.8,2402.8,2511.8,2545.5,2546.5,2443.3,2476.8,2538.6,2560.8,2568.6,2576.9,2711,2717.2,2762.1,2870.2,2833.8,2860.2,2814.2,2773.3,2737.9,2752.8,2654.9,2541.4,2549.4,2630.9,2835.3,2841.7,2822,2781.2,2824.9,2805.3,2717.6,2759,2697.2,2731.7,2806.8,2782,2842,2797.9,2798.7,2790.8,2787.5,2753,2708,2744,2751.5,2700.5,2613.8,2616.2,2644.4,2756.7,2792.2,3003.4,3100.7,3085.9,3114.4,3055.2,3104.6,3028.4
SONATSOFTW,670.1,670.9,683.15,675.2,675.05,674,672.85,666.1,658.95,635.7,621.5,618.2,615.1,600.4,592.6,599.4,605.3,628.05,628.65,622.7,618.85,613.45,609.4,609.65,587.65,588.4,589.45,585.35,570.5,560.2,560.95,556.65,591.1,562.55,540.2,511.25,532.85,522.15,529,533,536.85,549.95,551.6,489.3,467.2,446.15,443.8,430.35,420.2,420.2,410.85,416.55,421.7,411.75,406,394.05,382.55,361,369.8,375,387,392.6,390.75,375.05,361.95,350.85,358.9,354.65,355.3,364.65,375.1,380.05,370.05,360.05,356.35,345.7,348.6,351.55,341.2,321.45,301.1,305.5,312.7,315.55,333.4,335.05,314.7,321,321.2,327.9,355.5,337.9,362.75,376,421.55,420.65,422.3,385.3,397.2,392.6,365.7,396.6,400,392.95,397.5,397.8,389,392.35,394.95,390.65,394.8,399.6,401.25,404.75,404.5,409.05,412.05,414.25,412.35,409.45,410.15,414.7,417.7,428.25,414.7,411.3,425.15,419.3,415.8,401.95,397.9,394.6,393.55,413.65,410.6,412.35,410.05,409.9,405.6,406.15,410.5,417.1,439.95,433.65,430.3,430.05,432.9,435.9,436.3,437.45,437.05,438.05,430.05,428.2,430.3,413,408,408.25,413.95,391.95,364.65,359.1,355.4,347.05,349.6,342.9,329.75,373.6,367.45,359.7,356.6,355.9,372.35,377.15,372.8,381.35,364.25,358.2,350.85,354,356.3,359.55,359.95,359,355.4,369.5,372.4,379.25,382.6,379.9,378.8,390.2,400.5,394.1,392.65,386.65,376.85,368.3,357.8,343.15,346.1,348.3,349.6,351.8,352.6,370.7,374.9,368.7,363.35,363.5,370.35,370.8,366.9,359.6,363.4,373.1,371.65,374.2,370.5,374.4,372.65,369.85,371.7,374.25,365.85,367.8,376.15,371.8,392.8,389.4,374.15,370.95,365.5,370.05,364.95,358.05,360.3
CHOLAHLDNG,1547.7,1534,1526.6,1537.7,1509.6,1553.75,1506.6,1496.75,1470.7,1437.35,1400.85,1399.7,1399.45,1410.65,1436.3,1398.85,1399.4,1504.8,1552.75,1538.2,1533.3,1542.3,1580.05,1495.4,1467.45,1471.05,1467.05,1445.85,1434.8,1436.8,1437.3,1422.65,1441.65,1426.55,1418.05,1432.25,1503.75,1531.55,1518.8,1518.35,1515.45,1502.55,1495,1475.35,1454.05,1512.5,1473.15,1512.15,1505.6,1455.45,1496.2,1519.55,1479.55,1505.85,1504.05,1568.4,1636.2,1641.9,1580.35,1594.85,1609.65,1617.8,1600.2,1624.65,1605.25,1595.9,1594,1658.7,1638.7,1626.6,1692.3,1774.8,1826.3,1712.9,1721.6,1751.45,1711.4,1775.65,1747,1694.25,1558.85,1718.45,1647.9,1780.4,1813.6,1804.3,1872.9,1958.5,1967.7,1961.8,1951,1980.3,1893.1,1947.4,1864.1,1812.6,1857.9,1886,1866.7,1829,1718,1801.1,1784.7,1846.9,1877.2,1867.9,1888.9,1856.6,1862.9,1842,1814.3,1829.9,1892.8,1953.2,1929.8,1866.2,1880.8,1898.7,1829.2,1791.1,1940.3,1988.8,1998.8,1977.4,1960.6,1998.4,1995.9,2010.2,2019.9,1974.3,2027.6,1995.5,2043.9,2028.4,2045.3,2062,2166,2112,2148.8,2082.5,2099.2,2072.4,2072.6,2080,2116.4,2077.4,2049.8,2072.5,2104.9,2140.4,2116.1,2115.8,2096.8,2071.8,2046.7,1994.9,1901.5,1912.5,1908.2,1887.7,1828.4,1821.6,1802.8,1794.6,1849.1,1853.4,1845.1,1855.3,1873.2,1883.7,1935.5,1848.2,1861.6,1885.8,1862.6,1838.1,1784.5,1759.5,1725.7,1755.8,1758.8,1748.2,1739.8,1760,1728.6,1766.7,1805,1881.1,1865.4,1891.4,1955.8,1971.8,1951.4,2019.5,1988.8,1922.4,1912.2,1869,1839.6,1937.3,1885,1907.6,1841.2,1888.1,1887.6,1851.7,1836.4,1837.4,1837.8,1832.2,1908.7,1892.4,1866.5,1851.5,1856.8,1896.1,2012.7,1957.8,1941.6,1913.6,1919.2,1912.6,2005.5,2014.8,1972.6,1884.1,1913.5,1937.5,1949.9,1967,1976.5,1972.9,1923.6,1889.9,1885,1844.3,1826.3
PERSISTENT,6234.25,6345.35,6359.75,6435.95,6477.65,6508.6,6549.35,6548.25,6674.2,6368.7,6403.15,6350.9,6395.8,6393.6,6637.7,6457.7,6436.8,6481.15,6405.95,6311.15,6334.3,6230.2,6179.35,6319.65,6003.4,5880.1,6111.25,6071.6,5961.2,6090.9,5896.7,5683.15,6287.7,6360.65,6061.25,5910.3,6275.95,6056.7,6032.6,6076.75,6111.9,6189.45,6228.6,6254.1,5993.9,5828.35,5705.2,5663.3,5562.7,5531.3,5797.25,5899.8,5917.9,5710.3,5639.8,5508.1,5473.25,5303.9,5292.55,5153,5391.1,5303.25,5278.8,5167,5239.95,5185.2,5125.75,5100,5309.3,5280.6,5194.05,5275.55,5421.3,5558.3,5517,5641.45,5513.75,5211.55,5317.5,4793.35,4609.95,4573.55,4595.3,4402.75,4544.6,4716,4705.5,4836,4900.5,4961,5163.5,5156.5,5273.5,5287,5404,5321.5,5425.5,5533,5425,5504,5469.5,5443,5876.5,5761,5758.5,5653.5,5699,5669.5,5647,5670,5582.5,5662,5691,5645.5,5584,5670,5638,5519,5485,5504,5623,5676.5,5790.5,5946,5965.5,5922,5882.5,6019,6068,6025.5,5898.5,6106.5,6080,6082.5,6108.5,6055.5,6010.5,6041.5,6038.5,6014.5,5950.5,5896,5840.5,5784,5724,5680.5,5578.5,5605,5581.5,5592.5,5494.5,5547.5,5779,5713.5,5605.5,5174,5150.5,5149.5,5176.5,5162.5,5160.5,5061.5,5177.5,5191.5,5047,5182.5,5105.5,5171,5232.5,5247.5,5289,5232.5,5236.5,5345,5347.5,5369,5450,5376.5,5313.5,5305.5,5420,5402.5,5367,5293.5,5132,5011,5131,5419,5407.5,5411,5363.5,5490.5,5535.5,5567.5,5506,5271,5240.5,5191.5,5102.5,4951,4870.5,4822.5,4955.4,5068.8,5189.3,5271.2,5263.6,5345.3,5357.7,5329.7,5337.9,5724.6,5841.5,5755.7,5844.7,5800.1,5835.9,5826,5878.1,5826.9,5891.1,5961.7,5916.6,5931,5858.5,5842,5781,5864.5,6031,6134.5,6137,6101,6116.5,6079.5,6316,6350.5,6296.5
GPPL,193.16,189.79,196.3,195.33,193.5,190.67,191.61,191.91,191.28,184.34,181.66,179.99,179.04,179.71,177.92,182.28,183.03,184.22,183.04,175.62,175.2,172.09,169.18,166.43,164.99,165.49,164.15,166.42,165.45,168.21,164.43,156.59,155.99,150.83,147.68,142.64,150.42,149.52,151.76,153.17,150.64,151.2,152.05,148.29,144.34,138.76,136.82,134.76,132.36,130.27,136.81,136.15,136.75,136.17,133.97,133.65,129.48,124.95,129.17,132.85,136.43,136.61,136.95,133.7,135.71,130.34,132.18,129.89,131.69,136.71,136.4,135.88,141.85,138.88,134.47,142.1,138.09,140.45,141.42,142.7,138.7,133.56,136.72,134.86,138.76,141.43,143.41,143.12,151.13,150.05,149.81,147.42,141.34,138,137.47,132.99,132.65,135.97,130.85,131.87,132.14,131.27,138.28,139.16,142.52,143.56,144.96,148.1,145.38,146.74,145.06,146.97,147.92,147.39,148.29,147.93,156.15,158.25,155.28,156.83,157.99,157.25,159.48,163.33,163.6,161.23,159,160.19,159.06,159.11,156.61,155.07,161.13,158.99,162.04,161.71,162.95,161.52,160.65,158.4,158.41,157.07,157.36,155.31,155.96,156.24,158.27,158.63,159.27,159.8,159.62,163.1,164.38,161.64,161.31,165.83,160.58,156.48,159.66,158.72,158.23,159.74,158.66,158.57,154.85,152.7,157.48,155.44,156.7,157.42,153.83,153.66,154.37,155.94,156.77,156.06,156.91,156.22,150.99,149.11,152.39,152.34,154.75,150.56,150.95,150.31,150.62,151.48,151.79,161.28,164.09,161.41,162.26,159.47,157.05,157.97,155.48,153.21,156.24,156.26,157.22,158.03,158.62,159.86,163.07,162.91,161.52,159.95,161.91,161,158.19,163.28,160.1,160,159.92,161.24,160.04,160.54,160.77,158.99,166.01,169.02,166.62,165.28,162.78,171.82,179.6,177.15,179.71,174.81,174.89,174.43,175.62,174.94,173.86,177.31,177.95
OFSS,12585,12245.25,12246.9,12095.35,12283.8,12456,12430.05,12376.5,12830.4,12247.55,12269.55,12299.5,12279.6,12646.6,12945.45,12789.45,12630.4,12648.35,12518.05,12001.15,12146.85,11979.85,11727.05,11451.35,10846.85,10747.1,10550.35,10189.85,10027.15,10017.5,9765.9,9593.2,10056.7,9805.65,9299,9246.5,9536.5,8994.6,9122.05,9208.6,9223.6,9312.15,9273.65,9452.7,9288.2,9135,9044.3,9002.65,8962.95,8797.15,8756.7,8793.4,8679.8,8405,8333.25,8208.9,8082.25,7763.9,7836.8,7634.45,7920.45,7824.9,7569.1,7388.3,7532.6,7296.2,7328,7478,7584.55,7674.85,7578.8,7644.4,7961.15,7963.95,7889.05,7866.25,7850.9,7585.35,7766.85,7581.3,7521.55,7294.15,7545.95,7401.1,7579.85,7796,7882.5,7950,8132.5,8183,8617.5,8765.5,8604,8755,8837.5,8721.5,8693.5,8634.5,8384,8531.5,8156,7993.5,8714,8478,8504,8551,8696.5,8621,8436.5,8383.5,8294,8366.5,8451.5,8402.5,8516,8499.5,8462.5,8396.5,8369.5,8665.5,8740,8786,9161.5,9492,9429.5,9407,9478.5,9683,9732.5,9656,9327,9395.5,9160,9157,9177.5,9074.5,8991,8986,8957.5,8942.5,9030,9109,9005,9006.5,8938.5,8777,8636,8733.5,8775,8814.5,8745,8790.5,8821,8707.5,8779,8939,8609,8681,8664.5,8570,8475,8378.5,8569.5,8575,8517,8571.5,8424,8403.5,8513.5,8594.5,8586.5,8552.5,8597,8763,8699,8624,8750.5,8530.5,8370.5,8293.5,8472.5,8476.5,8412.5,8293.5,8280,8300.5,8413,9264.5,9137.5,8979,8970.5,9142.5,9125,9175,9018,9056.5,9104,9061.5,8909,8515,8453.5,8403,8724,8962,9093.5,9332.5,9189.5,9311.5,9213,9197,8950,8757,8796.5,8780.5,8585.5,8620.5,8532,8565,8695.5,8601.5,8659.5,8612.5,8515,8407,8325,8212.5,8076.5,8176.5,8242,8394,8303.5,8223.5,8286.5,8177.5,8333,8372.5,8169.5
RAILTEL,441.9,435.35,451.5,446.2,440.85,441.95,436.05,426.05,418.9,400.65,395.95,397.2,401.45,398.85,392.9,404.05,405.05,422.25,422.55,395.7,399.7,409.55,399.8,379.25,359.8,377,376.75,412.75,414.35,417,401.25,391,391.25,384.05,364,351.4,373.25,384.05,406.6,358.05,356,358.15,358.45,352.7,345.65,327.85,323.65,323.2,306.05,304.35,292.2,314.4,313.2,305.5,308.4,307.5,297.6,281.15,277.25,281.2,289.45,295.9,298.7,292.15,292.65,289.45,283.25,281.7,296.3,297.5,309.75,327.5,323.35,308,308.1,302.55,301.4,307.1,311.75,297.55,281.55,291.05,284.9,292.3,306.5,309.4,309.75,316.35,317.45,319.5,316.2,302,308.5,304.5,296.05,316,322.85,303.05,307.65,300.55,308.35,322.4,325.85,356.55,362.05,383.55,397.35,377.85,378.2,380.8,376.2,385.3,387.65,401.45,403.15,398.55,399.25,398.95,442.05,461.15,444.15,457.85,449.1,456.45,438.3,425.35,432.5,426.6,426.65,407.45,421.5,417.25,420.5,423.35,423.8,428.3,428.4,426.5,422.95,420.9,418.75,413,411.75,410.2,408.1,411.15,409.9,417.1,414,411,406.45,404.9,401.9,402.75,402.4,394.35,378.15,384.35,378.95,367.55,354,368.45,366.55,361.9,357.85,345.6,352.7,346.6,348.3,347,352.45,358.55,359.4,362.15,354.5,353.15,343.35,336.3,328.2,339.4,352.25,348.05,343.7,344.5,345.95,364.45,365.9,363.4,374.6,399.7,396.95,400.9,397.6,393.8,387.45,382.45,374.15,380.6,377.95,373.4,372.2,383.75,387.55,384.8,397.65,390.95,383.6,383.95,376.4,365.55,373.2,372.75,368.15,369.45,370.55,369.9,370.7,366.25,366.05,375.9,371.5,368.1,369.75,364.2,354.5,351.65,349.25,353.3,357.4,352.7,358.1,364.35,356,350.55,349.6,342.25,335.75
SOBHA,1681.15,1650.4,1624.8,1621.7,1583.85,1590.45,1620.2,1619.15,1610.2,1541.55,1582.1,1602.8,1593.75,1602.25,1551.75,1576.7,1572.85,1547.3,1545.65,1479.85,1513.35,1436.05,1383.55,1370.8,1272.95,1298,1307.65,1290.6,1298.45,1321.4,1282.5,1221.1,1222,1136.5,1194,1280.3,1294.45,1299.55,1325.8,1344.6,1390.4,1324.6,1311.4,1287.15,1202.35,1139.05,1141.6,1153.15,1160.95,1144.95,1170.85,1203.75,1197.4,1191.35,1186.7,1188,1196.95,1200.6,1189.7,1191.95,1199.2,1211.35,1241.85,1207.7,1224.7,1217.15,1203.55,1200,1217.05,1241.05,1245.45,1271.65,1259.65,1246.6,1203.85,1210.6,1224.75,1200.9,1226.6,1237.05,1191,1094.6,1156.5,1108.85,1127.15,1183.9,1202.1,1195.6,1242.6,1269.7,1295.9,1293.1,1254.7,1265.3,1294.4,1322.1,1318.4,1323.2,1263.1,1279.4,1248.6,1224.3,1323.2,1304.6,1319.1,1337.6,1372.5,1369.8,1350.6,1359.6,1366.7,1374.4,1354.8,1349.6,1389.5,1388.6,1433,1452.9,1533,1516,1602.3,1679.6,1658.1,1645.2,1613.3,1579.6,1562.7,1585.7,1601.7,1555.4,1532,1488.7,1502.4,1505.1,1525.2,1475.6,1455.1,1465.8,1491.8,1486.2,1512.2,1519.7,1515.9,1520.2,1507,1522.4,1499.9,1544.9,1647.6,1650.6,1694.4,1695.2,1697.6,1672.8,1653.6,1627.8,1613.8,1602.2,1563.8,1584.9,1599.7,1584.5,1567.8,1593.1,1563.1,1560,1512.1,1513.3,1508.2,1520.8,1534.1,1493.7,1497.5,1505.6,1519,1478.6,1505.9,1487.1,1480,1430,1458.4,1460.2,1453.1,1450,1407.6,1437.8,1429,1496,1557.4,1569,1594.7,1589.4,1607.6,1629.3,1595.2,1595.8,1578.1,1574,1559.7,1542.2,1519.4,1541.5,1514.9,1470.3,1471,1470,1461.7,1442.2,1452,1447.4,1439.2,1506.9,1546.5,1525.8,1552.1,1544.2,1534.2,1534.7,1569,1545.6,1559.4,1576.8,1618.6,1656.4,1619.2,1654.4,1701.2,1647.9,1612.6,1611.3,1595.1,1573.8,1618.5,1571.6,1569.4,1556.9,1529.1
GRSE,1754.85,1751.25,1733.7,1770.15,1720.3,1745.7,1755.2,1696.25,1654.75,1572.2,1557.7,1563.2,1557.1,1695.8,1638.2,1616.4,1650.1,1649.6,1642.9,1534.85,1574.55,1542.7,1535.55,1472.1,1371.4,1439.25,1408.35,1447.8,1507.45,1591.55,1548.85,1542.65,1534.3,1536.8,1453.8,1507.1,1537.3,1519.85,1624.2,1507.95,1521.75,1527,1523.8,1492.8,1502.35,1451.3,1412.1,1410.4,1350.85,1294.65,1222.3,1351.8,1347.55,1319.2,1337.85,1331.2,1309.9,1256,1214.35,1263.8,1294.4,1297.2,1385.15,1360.5,1313.5,1299.45,1303.35,1332.15,1367.8,1641.35,1724.05,1701.6,1704.55,1719.8,1701.25,1695.9,1685.7,1691.25,1718.8,1729.9,1636.2,1523.5,1565.8,1566.35,1615.1,1698.6,1721.5,1714.6,1740.2,1734.1,1734.8,1729.3,1616.8,1749.6,1957.8,1917,1882.8,1929.9,1832.9,1792.8,1776.7,1795,1821.3,1914.8,2188,2258.8,2481.7,2482.9,2394.4,2500.5,2756.2,2781.1,2727.3,2815,2891.8,3090,3003.2,2966,3150.5,3356.5,3405.5,3252.2,3271.1,3235.4,3098.6,2978.3,3069.3,3068.6,3173.8,3228.8,3138.9,3287.6,3492.7,3182.8,3003.1,2982.9,3032.6,3015.2,2983.2,2973.4,2942.1,2973.9,2891.9,2833.9,2981.3,2896.8,2801.6,2669,2673.4,2624.4,2646.4,2618.2,2586.2,2630.3,2646.7,2617.9,2574.4,2495,2492.8,2556.3,2611.9,2580.7,2624.6,2652.6,2595.7,2547.1,2517.8,2544,2509.7,2639.1,2587.9,2672.5,2602.4,2563.8,2579.7,2552.8,2518.6,2424.2,2337.7,2351.7,2485,2543.8,2501.4,2405.2,2406.3,2370.5,2353,2412.9,2356.2,2581.9,2491.6,2440.3,2603.6,2626.4,2605.3,2668.4,2680.8,2714.8,2716.9,2611.5,2493.6,2529.1,2644.2,2724.4,2744.4,2710.4,2683.6,2722,2660,2605.6,2562.4,2619.3,2613,2596.4,2637,2642.3,2610.2,2611.6,2573.9,2571.9,2566.1,2552.6,2556.1,2573.8,2556.2,2584.2,2574.1,2682.5,2785.9,2816.6,2749.8,2897.1,2888.1,2857.6,2829.4,2921.1,2816.9
ATGL,11.25,11.25,11.12,13.71,15.62,16.07,15.86,15.3,14.72,14.05,14.2,12.4,15.95,13.52,15.07,14.14,16.25,15.53,15.44,15.2,16.7,17.14,14.56,15.09,15.8,16.35,16.75,16.2,15.3,17.04,16.16,15.76,15.29,14.68,14.72,15.9,14.8,15.72,15.92,16.95,16.81,17.5,25.56,24.35,23.91,26.57,30.5,39.31,47,41,34.74,28.03,31.01,32.69,31.29,27.25,24.5,25.9,18.1,22.5,22.28,23.81,24.8,24,24.9,29.41,32.62,33.9,30,29.9,32.55,31.85,29.1,28.6,25.24,27.01,27.71,30.48,33.34,31.9,31.02,31.85,32.01,33.27,33.01,31.17,29.5,29.89,28.42,26.04,26.28,27.53,28.8,26.52,28.5,26.01,26.01,26.19,25.57,26.19,25.51,26.63,24.3,23.36,24.52,24.58,25.99,25.95,26.5,27.91,26.39,26.39,26.78,27.4,26.75,26.8,26.3,26.9,26.94,26.76,25.96,24.72,25.41,25.22,25.85,25.75,25.21,25,24,25.1,23.99,21,20.81,21,20.15,20.6,20.49,22.22,21.9,20.69,22.16,23.9,22,23.53,22.5,22.68,21.97,21.8,21.7,20.53,20,20,17.95,18.36,18.17,18.4,19.35,19.06,21.63,32.76,27.99,25.75,27.37,28.25,30.08,29.6,30.7,32,32.4,33,31.01,31.01,30.68,33.88,29.35,33.92,31.65,30.49,30.16,31.28,29.2,27.77,28.79,28.79,23.17,23.8,24.72,23.17,22.5,23.8,20.02,20.1,20.23,22.4,21.7,21.58,21.05,21.25,20.77,21.5,21.09,21.53,20.03,18.79,18.11,19,18,17.5,16.75,15.9,15.79,14.6,14,9.01,21.61,20,17.66,21,20.2,21.89,22.15,24.89,24.05,25.99,26.8,26.25,26.07
OLECTRA,1571.6,1651.3,1638.95,1585.45,1587.15,1573.8,1563.75,1537.1,1505.05,1473,1465.25,1462.55,1445.6,1426.6,1447,1446.55,1485.5,1493.05,1489.65,1412.65,1438.45,1423.1,1407.7,1352.95,1256.65,1435.95,1357.8,1399.45,1391.6,1413.9,1403.25,1418.2,1403.6,1381.2,1318,1312.1,1325.25,1424.45,1466.2,1370.25,1364.2,1368.65,1356.55,1350.5,1333.3,1289.25,1246.95,1229,1171.15,1146.55,1103.6,1175.85,1210.85,1192.25,1174.85,1159.7,1126.35,1071.65,1047.2,1061.8,1088.2,1113.75,1143.1,1097.05,1085.3,1048.2,1038.75,1017.65,1059.2,1127.55,1125.55,1215.3,1264.7,1202.15,1186.5,1167.45,1167.5,1184,1184,1185.35,1138.7,1080.7,1103.6,1089.95,1153,1179.9,1232,1241.3,1244.2,1245.6,1248.5,1232.9,1207.4,1194.3,1199.5,1161.5,1142,1183.8,1153.1,1138.6,1127.1,1095.2,1204.4,1241.6,1241,1255,1286.8,1286.2,1263.1,1269.4,1257.4,1293.4,1345.4,1257.9,1238.8,1190.8,1229.6,1243.4,1239.3,1228.6,1220,1221.9,1224.6,1219.3,1219.7,1204.8,1188.2,1181.6,1172.4,1164.8,1152.2,1147,1152.5,1158.9,1188.5,1188.8,1164.2,1171.6,1214.5,1217.2,1209.1,1199.4,1199.4,1214.2,1203.8,1244.7,1227.2,1212.3,1227.4,1246.2,1275.3,1283.7,1266.3,1271.5,1327.3,1532.4,1480.9,1438.8,1430.4,1420,1409,1443.3,1451.2,1446.7,1409.2,1447.9,1405.5,1419.3,1432.6,1477.9,1468.8,1456.2,1507.8,1528.8,1530.3,1553.5,1600.6,1592.7,1501.4,1542.2,1583.1,1572.3,1580.7,1537.9,1524.8,1507.9,1567.9,1612.6,1604.2,1646.6,1647.4,1632.1,1664,1664.6,1640.1,1661.4,1671,1644.9,1611.8,1553.6,1570.6,1552.9,1558,1545.1,1562.7,1537.6,1527.4,1534.2,1517.4,1476.4,1449.3,1466.4,1444.6,1426.9,1441.8,1439.5,1420.7,1412.9,1427.8,1495.3,1526,1531,1548.5,1513.4,1518.9,1525.3,1515.6,1477.6,1407.7,1427.1,1421.2,1407,1407.8,1381.3,1387.4,1384.2,1325.9
TITAGARH,1213.85,1231.3,1312.85,1335,1307.55,1337.5,1309.85,1289.6,1274.2,1310.55,1257.2,1223,1173.95,1148.35,1101.9,1104.8,1108.35,1112.4,1117.7,1087.95,1120.85,1108.9,1091.2,1039.65,1000.75,1009.45,1011.8,1053.25,1082.2,1088.1,1055.35,1000.65,987.85,968.45,936.95,915.3,947,959.85,1018.95,910.6,901.6,910.6,900.55,883.05,873.5,839.6,840.75,850.15,804.65,771.6,778.75,795.7,803.75,783.1,771.15,777.05,741.15,697,675.15,692.8,715.15,720.55,759,709,699.6,699.55,694.3,687,710.5,752.6,742.7,784.5,820.9,812.5,803,815.2,796.25,798.5,809.9,825.7,790.4,748.7,758.7,736.35,746.95,790.15,789.2,787.75,790.65,795.3,799.35,811.45,778.55,776.65,767.65,747.1,741.25,733.2,699.25,698.35,695.3,687.25,744.25,749.1,806.9,809.05,912.85,937,888.7,904.5,903.3,899.85,910.75,939,911.45,911.2,891.6,907.9,898.75,930.05,933.95,940.9,954,944,936.35,913.9,898.85,896.05,885.1,870.9,839.55,865.95,875.95,922.85,924.4,938.8,936.35,942.85,963.75,950.5,939.2,941.2,947.3,943.7,941.75,949.8,930.65,938.9,942.15,954.75,945.45,926.05,937.35,925.3,921.85,904.85,874.7,847.85,869.6,869.95,860.15,836.2,852.05,857.65,842.3,853.95,802.95,776.15,799.45,813.55,810.35,822.7,828.6,833.75,855.1,858.85,861.05,869.3,840.35,825.5,843,848.6,848.15,837.25,839.95,845,883.95,908.85,900.9,927.5,948.3,938.75,942.2,946.5,955.35,933.9,921.1,897.2,900.75,879.25,884.65,872.85,883.2,887.55,898.85,927.25,899,905,900.15,896.3,883.15,890.25,880.95,866.85,883.1,881.35,879.75,874.7,895.9,892.8,907.65,899.5,884.55,906.95,879.3,855.9,843.3,847.7,864.1,879.05,863,866.45,879.85,869.7,871.7,866.2,849.8
MAZDOCK,2444.1,2436.85,2461.18,2477.88,2424.95,2515.32,2655.63,2550.35,2519.4,2362.05,2337.07,2314.75,2364.88,2317.4,2269.05,2227.8,2243.8,2253.8,2236.9,2130.35,2180.55,2155.7,2232.55,2223.15,2028.3,2231.55,2229.15,2248.15,2315.05,2438.45,2351.85,2287.75,2319.55,2299.55,2228.45,2322.7,2355.05,2350.7,2498.5,2234.3,2196.25,2203.5,2198.5,2230.2,2201.15,2185.2,2189.95,2211.5,2166.35,2083.1,1961.75,2180.1,2154.3,2119.45,2151.05,2123.25,2101.95,2131.05,2153.15,2162.5,2246.7,2242.4,2338.2,2302.7,2255.95,2255.9,2316,2324,2376.5,2625.25,2633.1,2591.4,2654.8,2614.5,2643.15,2695.35,2643.8,2578.55,2603.95,2737.55,2542.2,2317.3,2358.7,2371.2,2432.55,2661.3,2731.9,2710.6,2764.6,2755.4,2765.9,2717.7,2661.1,2786.3,3027.9,3057.6,2996.6,3099.5,2972.6,2816.2,2819.9,2922,2904.4,3002.6,3078.2,3182.4,3522.4,3409.9,3330.3,3411.5,3500,3502.3,3550.2,3623.1,3663.9,3751.2,3478.2,3384.5,3438.6,3412.7,3430.2,3404.7,3369.1,3397.7,3314.6,3210.4,3200.4,3165.6,3305.9,3257.4,3223.5,3256.4,3342.6,3281.4,3192.7,3121.9,3174,3244.3,3275,3278.2,3287.6,3329,3276.8,3291.4,3294.3,3263,3174.5,3113.6,3115.4,3107.8,3048,2982,2951.7,2921.8,2919.4,2959.5,2886.6,2789.9,2720.4,2759.7,2771.2,2721.8,2767.2,2847.8,2764.5,2785,2636.7,2697.3,2690.8,2748.8,2721.4,2739.2,2747.4,2772.9,2767.8,2700.3,2755.7,2687.8,2628.1,2603.1,2653.3,2731,2715.8,2680.3,2670.7,2665,2684,2755.3,2794.5,2924.7,2924.9,2946,2997,2984.6,2985,2976.4,2939.5,2940.2,2924.2,2827.6,2751.1,2761.5,2841.6,2881.3,2888,2877.7,2814.7,2888.7,2870.1,2829.2,2800,2852.4,2831.9,2818.3,2837.6,2831.7,2810,2805.5,2810.4,2780.4,2774.2,2743.6,2729,2748.6,2683,2630.5,2670.3,2705.6,2752.5,2757.7,2736,2782.1,2800.5,2799.3,2783.4,2829.5,2745.2
APARINDS,10208.95,9930.5,10223.4,9998.75,9953,9893.2,9880.65,10016.4,9917.8,9926.9,10163.45,9984.8,10163.45,10047.95,9992.9,10317.6,10406.3,10519.85,10950.7,11154.15,11666,10785.15,10514.4,10596.1,10231.15,10347.2,10303.05,10042.5,10078.85,10103,10170.5,9897.9,9700.3,9311.7,8963.8,7173.7,7282,7430.15,7491.95,7239.2,7133.8,7304.8,7296.1,7103.05,6728.2,6678.55,6774,6746.4,6367.35,6472.5,6160.6,6362.85,6376,6433.45,6448.5,6342.15,5884.7,5797.4,5809.3,5766.7,5799.35,5722.55,6106.6,5691.4,5496.5,5532.65,5481.55,5752.6,5802.35,5717,5928.2,6145.5,5920.9,5789.5,5707.8,5539.95,5483.3,5475.75,5368,5116.7,4974.35,4943.75,4817.3,5028.4,5056,4995.5,4902.5,4977,5274,5342,5504,5539.5,5603,5604,5603,5530.5,5798,5590.5,5768,6031,6092,6300.5,6511,6927.5,7941,8228,7816,7437,7491,7645,7757.5,7622,7646,7839,8001.5,8114,8060.5,7963.5,7946,8050.5,8104,8186,8157.5,8131.5,7990.5,7895.5,7736.5,7981.5,7969.5,7761.5,7919,7848.5,7877,8083,8672,8438,8721.5,8760.5,8841,8921,8624.5,8543.5,8620,8808,8900,8671.5,8736,9040.5,9013,8859.5,8902,9258,9188,9135,9146,8981.5,8665,9681.5,9669.5,8907.5,8782.5,8965,8949.5,8887.5,8689,8696.5,8719.5,8813.5,8748.5,8565.5,8476.5,8428.5,8353.5,8225.5,8194.5,8095.5,7881.5,7730.5,7732,7802,7875.5,7862.5,7897,7775,7822,7949.5,8493,8471.5,8630,8575.5,8632.5,8943,8943,8847,8715.5,8676,8758.5,8734.5,8360.5,8357,8186,8216,8411.5,8474.5,8530.5,8549.5,8469,8385,8509,8505,8355.5,8784.5,8690,8566,8584,8642.5,8733.5,8991,9107.5,9462,9251.5,8671,8539.5,8338.5,8404,8280.5,8280,8531,8980,8874.5,9071,9230.5,9317,9335,9231.5,9163,8892.5
FLUOROCHEM,4398.5,4454.4,4484.4,4377.25,4333.45,4379.65,4376.15,4323.7,4325.25,4329.05,4357.8,4352.55,4359.4,4399.1,4131.5,4165.6,4220.75,4232.95,4130.55,3876.1,3926,3902.2,3947.45,3795.85,3730,3664.65,3744.9,3832.45,3772.1,3758.55,3823.55,3679.8,3721.3,3595.4,3539.25,3350.15,3536.9,3592.25,3577.55,3601.35,3721.3,3679.4,3706.1,3701.5,3735.8,3761.25,3841.15,3772.35,3681.9,3717.15,3668.5,3660.2,3697.5,3704.3,3754.35,3696.15,3705.95,3584.85,3443,3538.2,3706.2,3742.05,3730.6,3817.45,3831.95,3840.9,3840.05,3834.4,3837.9,4004.2,3938.45,3983.2,3985.2,3976.7,4005.75,4022.85,4020,3955.35,3874.55,3844.2,3671.05,3708.9,3685.15,3865.3,3915.5,3930.5,3968,3974.6,3965.4,3971,3967,3977.9,3917.4,3930.3,3892.7,3873.1,3875.1,3878.8,3908.7,3933.6,3787.2,3850.6,3844.2,3865,3855.9,3912.7,3984.4,3978.3,3998,4032.9,4025.8,4013.6,3988.3,3829.3,3750,3553.3,3568.6,3620.1,3671.5,3663.8,3652.3,3639.9,3683.6,3752.5,3681.2,3727.2,3631.1,3518.7,3533.9,3446.6,3383.4,3373.4,3453.3,3469.4,3541.1,3553.3,3630.8,3562.6,3540.6,3520.8,3521.7,3512.1,3444.6,3429,3414.6,3383.4,3412.2,3453.7,3423.4,3443.8,3499.3,3573.2,3555.5,3589.5,3576.3,3508.9,3480.3,3536.3,3595,3594,3495.5,3512.2,3496,3634.4,3592,3486.4,3425.4,3436.2,3395.7,3389.4,3394.4,3414.7,3417.4,3388.9,3424.2,3446.5,3380.5,3420.7,3414.1,3395.8,3410.4,3385.9,3387.1,3353.7,3368.5,3638.3,3745.8,3629.3,3715.7,3708.6,3695.7,3690.6,3713.6,3801.3,3888.7,3864.5,3793.4,3782.5,3679,3675.9,3707.8,3714,3701.5,3643.3,3695.6,3723.3,3790.1,3728,3682.8,3638.4,3615.8,3744.5,3718.4,3741.8,3755.1,3731.3,3706.2,3608.9,3593.6,3632.1,3647.9,3743.6,3728.3,3679.8,3646.5,3614,3569.4,3488.2,3699.5,3616.1,3556.5,3593.2,3567.5,3512.6,3485.8,3481.1,3395.5
NEULANDLAB,17051.55,16830.7,16954.65,15989.35,15265,14828.8,14771.2,14797.75,14428.25,13891.15,13802.4,13838.75,13437.55,13702.35,13845.6,13723.8,14294.1,14309.5,13774.2,13617.45,14290.65,14881.8,14632.8,14044.55,13114.4,13301.7,13415.75,13659.1,13651,13815.95,13221.7,13849.2,13857.5,13782.35,13496.65,13230.05,13912.4,13724.35,14123.35,14192.65,14622.65,14817.5,14484.45,14247.35,14673.3,13667.65,13646.65,12766.65,11825.25,11533.75,11027.4,11143.4,11412.3,10995.5,11513.7,11601.2,10949.1,10611,10487.3,11396.75,11839.75,11799.8,12093.9,11401.85,11154.3,10958.15,11070.6,11323.8,11501.75,11681.5,11792.95,11909.25,11915.05,11271.2,12069.2,12071.55,11483.9,11568.95,12052.55,11439.15,10962.35,11183.75,10959.45,11753.45,12660,12749,12821,13136,13072,12784,13079,12300,12570,12278,11992,11952,12342,12060,12096,12324,12429,12569,12587,12474,11859,11056,11218,11151,11194,11193,11156,11322,11115,11064,11230,11503,11674,11819,11793,11744,13030,12714,12674,13630,13363,13193,12832,12532,12267,12211,12245,12308,12249,12021,11962,12120,12000,11878,11983,11668,11999,11786,11706,11968,11880,12301,14548,15273,14381,14503,14263,14143,13992,13717,13801,13760,13875,13840,13914,13281,13017,13083,12829,12806,12831,13099,13296,12979,13018,13278,13532,13044,13693,13794,13888,13527,13171,13115,13455,13399,13728,14368,14612,14459,14449,14433,14803,15554,16049,15672,16221,16156,15873,15467,15306,14985,15023,14831,13966,14433,14605,15386,15210,15163,15831,15487,15717,16316,16315,16355,16098,16198,16281,16443,16267,16198,16088,15798,15740,15406,16158,16473,17159,17608,17550,17837,18113,17193,17577,17223,17461,17356,17250,17076,16719,16598,16283
NLCINDIA,267.7,264.4,263.7,261,257.35,259,254.05,245.25,244.75,236.45,235,241.2,239.45,238.85,234.4,248.8,242.33,241.65,243.05,228.29,234.55,232.94,245.05,240.08,224.97,230.88,229.35,227.47,230.56,231.84,235.1,231.66,228.3,220.9,209.71,207.69,210.08,212.07,221.92,211.34,227.74,223.63,220.19,216.54,208.79,202.86,202.48,200.87,194.28,208.2,226.87,229.4,228.05,223.78,217.79,211.78,208.02,207.04,204.32,226.53,222.33,229.7,225.04,220.78,219.28,229.31,226.1,238.24,248.55,247.98,257.49,256.84,249.2,241.92,245.5,244.67,243.58,244.83,248.83,236.27,228.43,231.26,224.99,229.49,238.93,242.15,241.43,247.51,245.97,244.56,246.03,237.62,237.76,233.95,227.58,225.52,225.31,217.73,222.56,220.44,220.15,230.32,229.29,230.95,233.37,238.93,236.43,240.56,239.09,239.94,240.38,240.25,238.43,242.03,241.67,241.72,239.56,233.21,238.01,237.08,235.52,241.75,241.07,241.12,236.51,232.24,231.01,228.89,226.88,222.11,222.64,227.68,227.77,228.05,228.69,228.13,230.27,227.12,228.97,226.75,227.67,224.61,225.09,225.76,224.13,227.11,227.6,229.64,238.4,239.18,233.61,230.1,241.16,244.59,245.17,239.22,234.41,239.45,243.83,242.25,233.94,244,239.5,233.95,233.34,232.34,232.69,240.22,242.17,237.59,236.13,237.49,236.5,236.87,234.7,232.53,236.04,227.7,225.15,230.99,233.46,232.73,230.9,228.53,235.52,239,248.62,256.26,262.74,261.92,262.21,258.15,256.16,260.27,264.25,276.09,280.35,279.55,279.53,284.7,285.32,277.05,283.25,284.4,283.4,269.75,271.5,270.05,269.95,266.5,268.9,263.8,264.4,267.15,267.5,262.45,264.15,260.5,260.1,252.1,263.9,262.3,259.55,262.1,259.95,258.25,262.65,262.8,260.3,259.65,254.95,255.85,255.15,251.95,249.5,245.5,243.8
INTELLECT,793.15,852.7,851.3,850.95,830.25,837.2,837.25,837.25,836.95,819.8,962.05,915.3,1051.9,1021.3,964.3,955.95,966.85,955.95,972.8,901.9,978.8,925.65,906,909.35,895.9,900.4,904.1,902.9,896.2,919.1,901.85,886.7,898.9,892.2,861.5,856.05,821.9,776.45,811,792.75,814,824.25,814.6,811.45,790.95,750.65,738.9,734.2,705.3,701.75,694.45,713.65,720.45,725.3,727.55,712.55,702.1,665.7,647.55,647.5,659.9,680.45,669.95,653.7,668.15,656.75,645.35,639.7,654.95,680.8,689.25,709.65,725.3,728,721.9,726.65,692.7,684.25,683.05,685.9,674.7,624.9,633.95,612.35,660.6,751.8,750.5,758.55,780.85,766.1,803.35,809.45,765.25,762.5,790.1,789.55,791.3,815.3,782.9,814.05,842.8,842.9,896.5,913.35,975.9,1025.65,1074.55,1062.15,1069.35,1091.35,1105.25,1082.1,1085.85,1079.1,1098.05,1147.9,1172.55,1192.8,1170.7,1194.1,1182.8,1162.9,1149.2,1175.1,1215.1,1205.3,1187.9,1210.8,1227.9,1199.7,1141.9,1077.8,1071.1,1076.1,1116.4,1120.9,1147.9,1148.9,1139.8,1141.9,1139.6,1127.2,1149.3,1166.1,1180.1,1147.3,1152,1172.2,1169.5,1183.2,1197.7,1171.9,1172.3,1176,1192,1142,1036.4,1050.5,1038.8,1058.2,1022.6,981.9,1007.9,972.8,945.1,947,936.1,939.4,932,922.8,928.2,939,906.5,987.7,960.7,967.9,988.7,983.1,975.6,977.2,989.6,985.85,953.05,926.75,906.55,902.4,959.8,1015.65,1014.05,1021.95,1026.25,1039.15,1027.05,1040.05,1061.15,1072.2,1062.65,1029.05,1059.35,986.15,957.4,974.6,976.2,986.1,981.5,982.15,974.75,974.95,1008.15,984.75,957.5,994.95,972.65,966.25,951.5,970.1,963.5,997.95,1044.75,1024.1,1028.9,1046.75,1133.5,1198,1197.6,1133.2,1132.7,1099.1,1098.9,1148,1120.4,1089.7,1096.2,1088.3,1142.8,1097.5,1091.3
HINDCOPPER,292.5,291.85,290.05,291.15,291.95,290.65,284.5,280.95,279.65,271.5,271.05,280.65,263.2,256.5,247.15,247.95,247.39,249.74,250.23,235.64,238.13,239.73,235.78,233.31,219.35,226.08,220.82,231.3,247.69,251.24,243.73,242.06,246.05,242.05,231.21,227.83,228.42,229.95,238.98,232.5,238.47,244.63,240.68,244.14,236.78,230.22,224.63,225.89,214.5,215.33,213.4,218.11,224.47,222.52,218.92,217.48,212.67,202.32,203.4,202.34,217.41,223.46,223.85,217.47,218.9,219.38,215.8,215.25,221.57,222.89,231.79,229.91,237.49,228.94,225.51,223.45,220.79,222.01,226.55,224.76,204.25,188,192.54,196.24,199.65,209.69,209.69,210.41,220.39,224.49,225.32,224.18,213.48,218.1,218.36,213.28,213.14,217.39,207.33,212.05,204.59,205.32,225.06,221.81,231.8,227.78,226,226.64,225.03,229.47,226.46,238.13,243.85,245.07,248.48,251.32,247.51,252.43,248.39,253.12,253.71,256.08,258.87,263.64,259.53,254.75,253.71,262.76,252.71,253.93,245.02,248.67,251.51,257.36,259.22,272.08,276.16,279.3,283.6,283.75,280.7,277.15,274.55,273.75,264.75,265,262.65,263.5,262.05,264.05,267.65,269.75,273.8,271.95,276.05,273.75,259,248.3,258.4,258.35,243.35,236.96,243.98,247.14,244.83,241.27,238.85,237.72,239.26,242.2,240.19,241.33,242.26,240.57,239.81,237.98,236.17,231.19,230.91,229.9,232.82,237.8,247.97,243.04,244.23,245.65,244.33,244.94,248.58,280.05,280.49,289.45,284.58,280.47,282.86,296.57,307.43,308.71,328.23,311.97,319.46,329.44,335.3,338.4,337.95,332.65,342.2,364.15,344.55,340.8,330.15,341.9,342.2,341.95,345.35,346.3,330.65,343.1,348.3,342.3,351.5,348.3,340.25,341.75,332.4,322.3,332.8,337.95,359.7,339.7,337.05,335.25,338.55,330.55,327.75,327.15,314.15
JBMA,807.5,868.65,884.98,853.58,881.63,881.33,871.65,838.83,847.85,819.63,831.68,810.7,799.98,783.7,764.33,763.75,772.88,792.68,789.18,756.73,765.55,758.53,746.8,732.7,701.98,786.45,781.2,754.5,754.85,765.93,764.73,759.68,755.1,738.45,689.78,681.25,699.7,753.63,1603.1,732.1,733.75,733,723.75,712.3,683.3,656.8,624.75,630.3,594.8,587.5,566.85,647.6,609.7,605,597.7,583.65,546.35,516.5,517.9,523.9,540.15,540.2,549.1,526.35,510.45,508.85,496.85,521.45,540.3,545.4,568,662.05,641.1,617.75,605.35,591.8,605.95,611.9,619.9,606.6,587.65,599.35,587,618.15,625.05,694.75,700.65,706.95,702,707.05,696,675,675.45,679.1,650.2,644.2,692.35,681.15,665.9,644.2,620.75,691.75,688.55,683.9,713.8,726.05,726.45,719.25,721.5,710.9,740.5,731.45,728.8,722.2,722.35,717.15,717.5,707.4,713.55,713.85,707.75,735.3,731.6,723.85,709.5,701.35,720.55,702.95,693.45,681.65,653.45,652.7,642.85,637.55,642.05,642.5,642.85,655.8,647.5,649.15,646.55,636.2,636.65,635.7,648.8,642.7,638.3,644.65,644.45,646.65,640.35,643.65,634.1,645.3,674.05,658.1,638.8,647.15,654.15,638.6,626,628.45,626.6,618.6,612.4,593.15,593.45,601.2,606.7,606.15,626.5,642,642.9,633.35,638.4,636.65,618.1,603.7,594.95,612.65,611.45,614.45,606.45,613.6,622.8,626.75,631.35,625.85,712.95,736.75,717.95,735.95,735.75,725.6,741.7,738.2,727.85,712.75,686,678.65,670.25,681.35,682.8,677.4,668.95,659,652.85,664.55,650.65,638.05,653,659.9,649.55,653.6,655.35,654,649,654.2,657.25,677.65,680.95,665,658.95,649.15,639.75,634.1,627.2,632.45,635.55,631.55,633.4,642.35,630.8,624.95,624.55,614.6,606.25
WAAREEENER,2971.3,3134.65,3174.7,3292.25,3217.05,3133.15,3101,3042.15,3039.1,2879.35,2932.45,2868.7,2823.15,2790.4,2775.45,2854.6,2862.2,2839.1,2820.85,2741.6,2769,2697.65,2600.4,2565,2487.2,2617.1,2609.9,2648.5,2605.3,2634.6,2673.4,2425.1,2343.4,2241.7,2196.15,2091.95,2207.55,2197.1,2392.7,2334.4,2353.3,2381.75,2329.15,2298.3,2268.3,2166.3,2190.8,2194.05,2103.9,2173.6,2164.6,2220.3,2309.3,2260.7,2232.85,2268.75,2212.9,2158.55,2116.05,2109.45,2224.8,2209.9,2226.1,2140.9,2114.25,2117.55,2125.25,2112.9,2178.8,2255.2,2253.4,2352.9,2431.35,2440.95,2427.1,2435.85,2404.65,2379.85,2280.2,2233.05,2160.95,2092.15,2114.8,2149.4,2161.45,2218.5,2229.6,2323,2444.2,2615.9,3007.7,2839.9,2676.5,2700.2,2669,2604.5,2565.5,2705.8,2582.8,2628.9,2610.4,2594,2678.7,2690.1,2807.7,2867.3,2921.1,2948.4,2915.8,2982.4,2996.9,2765,2804.4,2796.7,2797.1,3017.1,2978.9,2920.5,2887.1,2880.9,2852.4,2828.3,2806.3,2837.9,2884,2839.8,2824.7,2887.6,2790.4,2698.8,2671.2,2989,2928.6,2971.2,2942.1,2946.8,2947.5,3139.4,3063.1,2965.7,2992.9,2978.1,2917,3068.6,3119.5,3170.6,3112.1,3197,3221.3,3290.5,3206,3122,3086.1,3100.9,3188.9,3242.5,3198.2,3111.8,3172.6,3143.5,2992.4,3104,3088.6,3056.1,3218.4,3162.9,3061,3112.1,3084.8,2941.9,2882.8,2984.9,3037.5,3151.5,3223.4,3188.6,3151.1,3265.3,3417.3,3402,3200.5,3199.1,3224,3201.1,3219.5,3177.5,3259.1,3477.8,3739.8,3634.2,3581.1,3579,3603.9,3500.4,3526.3,3454.4,3435.1,3489.9,3445.1,3207.6,3280.8,3328.4,3332,3438.9,3441.5,3402.8,3323.4,3344.7,3333.4,3404.6,3484.5,3518.4,3627.4,3535.3,3506.6,3514.3,3567.5,3529.5,3585.5,3486.4,3477.6,3432.2,3427.4,3430,3369.6,3369,3276.2,3315.1,3318.6,3357.1,3335.5,3348.7,3301.7,3281.9,3174.4,3246.8,3185.7
UPL,1.13,1.13,1.15,1.15,1.17,1.13,1.13,1.13,1.13,1.13,1.08,1.08,1.1,1.1,1.1,1.08,1.13,1.13,1.13,1.1,1.08,1.1,1.13,1.13,1.18,1.18,1.18,1.18,1.1,1.1,1.1,1.05,1.08,1,1.05,1.08,1.05,1.05,1.05,1.02,1.18,1.27,1.28,1.27,1.25,1.25,1.35,1.45,1.45,1.35,1.33,1.5,1.47,1.43,1.45,1.7,1.85,1.75,1.63,1.5,1.55,1.63,1.7,1.63,1.6,1.53,1.5,1.43,1.3,1.45,1.45,1.45,1.45,1.4,1.35,1.43,1.45,1.23,1.05,1.13,1.1,1,0.93,1.05,0.98,1,1,0.93,0.96,0.95,0.93,0.93,0.9,0.88,0.88,0.88,0.98,1,1.02,1.05,0.98,0.93,0.93,0.93,0.93,0.93,0.9,0.88,0.88,0.87,0.83,1.05,1.09,1.27,1.15,1.2,1.2,1.2,1.15,1.1,1.05,1.08,1.08,1.1,1.1,1.08,1.05,1.05,1.05,1.1,1.05,1.02,1.02,1.02,1.05,1.05,1.18,1.15,1.1,1.2,1.15,1.1,1.13,1.18,1.18,1.13,1.13,1.13,1.08,1.08,1.08,1.02,1.08,1.1,1.1,1.1,1.15,1.23,1.2,1.1,1.05,1.05,1.05,1,1,1.05,1.05,1.05,1.05,1.05,1.03,1.03,1.1,1.1,1.08,1.05,1.05,1.05,1.02,1.05,1.05,1.02,1,1,1.02,1,1,1,1.05,1.15,1.25,1.25,1.35,1.45,1.43,1.43,1.38,1.38,1.45,1.58,1.5,1.55,1.68,1.6,1.7,1.68,1.65,1.6,1.7,1.9,2.35,2.25,2.55,2.35,2.45,2.45,2.3,2.45,2.5,2.38,2.41,2.48,2.48,2.45,2.6,2.65,2.5,2.55,2.53,2.25,2.38,2.5,2.38,2.35,2.22,2.3,2.38
